-- phpMyAdmin SQL Dump
-- version 4.5.2
-- http://www.phpmyadmin.net
--
-- Client :  127.0.0.1
-- Généré le :  Mer 23 Novembre 2016 à 18:27
-- Version du serveur :  5.7.9
-- Version de PHP :  5.6.16

SET SQL_MODE = "NO_AUTO_VALUE_ON_ZERO";
SET time_zone = "+00:00";


/*!40101 SET @OLD_CHARACTER_SET_CLIENT=@@CHARACTER_SET_CLIENT */;
/*!40101 SET @OLD_CHARACTER_SET_RESULTS=@@CHARACTER_SET_RESULTS */;
/*!40101 SET @OLD_COLLATION_CONNECTION=@@COLLATION_CONNECTION */;
/*!40101 SET @OLD_FOREIGN_KEY_CHECKS=@@FOREIGN_KEY_CHECKS */;
/*!40101 SET NAMES utf8mb4 */;

SET FOREIGN_KEY_CHECKS = 0;
--
-- Base de données :  `crowdfunding`
--

-- --------------------------------------------------------

--
-- Structure de la table `category`
--

DROP TABLE IF EXISTS `category`;
CREATE TABLE IF NOT EXISTS `category` (
  `id` int(11) NOT NULL AUTO_INCREMENT,
  `name` varchar(20) COLLATE utf8_esperanto_ci NOT NULL,
  PRIMARY KEY (`id`)
) ENGINE=InnoDB AUTO_INCREMENT=14 DEFAULT CHARSET=utf8 COLLATE=utf8_esperanto_ci;

--
-- Contenu de la table `category`
--

INSERT INTO `category` (`id`, `name`) VALUES
(1, 'Technologie'),
(2, 'Éducation'),
(3, 'Gastronomie'),
(4, 'Musique'),
(5, 'Jeux'),
(6, 'Communauté'),
(7, 'Innovation'),
(8, 'Mode'),
(9, 'Design'),
(10, 'Sport'),
(11, 'Cinéma'),
(12, 'Littérature'),
(13, 'Évènementiel');

-- --------------------------------------------------------

--
-- Structure de la table `cities`
--

DROP TABLE IF EXISTS `cities`;
CREATE TABLE IF NOT EXISTS `cities` (
  `city_id` mediumint(8) UNSIGNED NOT NULL AUTO_INCREMENT,
  `country_slug` varchar(100) COLLATE utf8_esperanto_ci NOT NULL,
  `region_slug` varchar(100) COLLATE utf8_esperanto_ci NOT NULL,
  `city` varchar(80) CHARACTER SET utf8 NOT NULL,
  PRIMARY KEY (`city_id`)
) ENGINE=MyISAM AUTO_INCREMENT=196 DEFAULT CHARSET=utf8 COLLATE=utf8_esperanto_ci;

--
-- Contenu de la table `cities`
--

INSERT INTO `cities` (`city_id`, `country_slug`, `region_slug`, `city`) VALUES
(1, 'france', 'ile_de_france', 'Paris'),
(2, 'france', 'ile_de_france', 'Boulogne-Billancourt'),
(3, 'france', 'ile_de_france', 'Saint-Denis'),
(4, 'france', 'ile_de_france', 'Argenteuil'),
(5, 'france', 'ile_de_france', 'Montreuil'),
(6, 'france', 'ile_de_france', 'Créteil'),
(7, 'france', 'ile_de_france', 'Nanterre'),
(8, 'france', 'ile_de_france', 'Courbevoie'),
(9, 'france', 'ile_de_france', 'Versailles'),
(10, 'france', 'ile_de_france', 'Vitry-sur-Seine'),
(11, 'france', 'ile_de_france', 'Colombes'),
(12, 'france', 'ile_de_france', 'Asnières-sur-Seine'),
(13, 'france', 'ile_de_france', 'Aulnay-sous-Bois'),
(14, 'france', 'ile_de_france', 'Rueil-Malmaison'),
(15, 'france', 'ile_de_france', 'Aubervilliers'),
(16, 'france', 'ile_de_france', 'Champigny-sur-Marne'),
(17, 'france', 'ile_de_france', 'Saint-Maur-des-Fossés'),
(18, 'france', 'ile_de_france', 'Drancy'),
(19, 'france', 'ile_de_france', 'Issy-les-Moulineaux'),
(20, 'france', 'ile_de_france', 'Levallois-Perret'),
(21, 'france', 'ile_de_france', 'Noisy-le-Grand'),
(22, 'france', 'provence_alpes', 'Marseille'),
(23, 'france', 'provence_alpes', 'Nice'),
(24, 'france', 'provence_alpes', 'Toulon'),
(25, 'france', 'provence_alpes', 'Aix-en-Provence'),
(26, 'france', 'provence_alpes', 'Avignon'),
(27, 'france', 'provence_alpes', 'Antibes'),
(28, 'france', 'provence_alpes', 'Cannes'),
(29, 'france', 'provence_alpes', 'La Seyne-sur-Mer'),
(30, 'france', 'provence_alpes', 'Hyères'),
(31, 'france', 'provence_alpes', 'Arles'),
(32, 'france', 'provence_alpes', 'Fréjus'),
(33, 'france', 'provence_alpes', 'Grasse'),
(34, 'france', 'provence_alpes', 'Martigues'),
(35, 'france', 'provence_alpes', 'Cagnes-sur-Mer'),
(36, 'france', 'provence_alpes', 'Aubagne'),
(37, 'france', 'provence_alpes', 'Salon-de-Provence'),
(38, 'france', 'provence_alpes', 'Istres'),
(39, 'france', 'provence_alpes', 'Le Cannet'),
(40, 'france', 'provence_alpes', 'Gap'),
(41, 'france', 'provence_alpes', 'Draguignan'),
(42, 'france', 'provence_alpes', 'Vitrolles'),
(43, 'france', 'nord_pas_de_calais', 'Lille'),
(44, 'france', 'nord_pas_de_calais', 'Roubaix'),
(45, 'france', 'nord_pas_de_calais', 'Dunkerque'),
(46, 'france', 'nord_pas_de_calais', 'Tourcoing'),
(47, 'france', 'nord_pas_de_calais', 'Calais'),
(48, 'france', 'nord_pas_de_calais', 'Villeneuve-d''Ascq'),
(49, 'france', 'nord_pas_de_calais', 'Valenciennes'),
(50, 'france', 'nord_pas_de_calais', 'Boulogne-sur-Mer'),
(51, 'france', 'nord_pas_de_calais', 'Douai'),
(52, 'france', 'nord_pas_de_calais', 'Arras'),
(53, 'france', 'nord_pas_de_calais', 'Wattrelos'),
(54, 'france', 'nord_pas_de_calais', 'Marcq-en-Baroeul'),
(55, 'france', 'nord_pas_de_calais', 'Lens'),
(56, 'france', 'nord_pas_de_calais', 'Cambrai'),
(57, 'france', 'nord_pas_de_calais', 'Liévin'),
(58, 'france', 'nord_pas_de_calais', 'Maubeuge'),
(59, 'france', 'nord_pas_de_calais', 'Lambersart'),
(60, 'france', 'nord_pas_de_calais', 'Hénin-Beaumont'),
(61, 'france', 'nord_pas_de_calais', 'Béthune'),
(62, 'france', 'pays_de_la_loire', 'Nantes'),
(63, 'france', 'pays_de_la_loire', 'Angers'),
(64, 'france', 'pays_de_la_loire', 'Le Mans'),
(65, 'france', 'pays_de_la_loire', 'Saint-Nazaire'),
(66, 'france', 'pays_de_la_loire', 'Cholet'),
(67, 'france', 'pays_de_la_loire', 'La Roche-sur-Yon'),
(68, 'france', 'pays_de_la_loire', 'Laval'),
(69, 'france', 'pays_de_la_loire', 'Saint-Herblain'),
(70, 'france', 'pays_de_la_loire', 'Rezé'),
(71, 'france', 'pays_de_la_loire', 'Saumur'),
(72, 'france', 'pays_de_la_loire', 'Saint-Sébastien-sur-Loire'),
(73, 'france', 'pays_de_la_loire', 'Orvault'),
(74, 'france', 'pays_de_la_loire', 'Vertou'),
(75, 'france', 'aquitaine', 'Bordeaux'),
(76, 'france', 'aquitaine', 'Pau'),
(77, 'france', 'aquitaine', 'Mérignac'),
(78, 'france', 'aquitaine', 'Pessac'),
(79, 'france', 'aquitaine', 'Bayonne'),
(80, 'france', 'aquitaine', 'Talence'),
(81, 'france', 'aquitaine', 'Anglet'),
(82, 'france', 'aquitaine', 'Agen'),
(83, 'france', 'aquitaine', 'Mont-de-Marsan'),
(84, 'france', 'aquitaine', 'Périgueux'),
(85, 'france', 'aquitaine', 'Villenave-d''Ornon'),
(86, 'france', 'aquitaine', 'Saint-Médard-en-Jalles'),
(87, 'france', 'aquitaine', 'Bergerac'),
(88, 'france', 'aquitaine', 'Biarritz'),
(89, 'france', 'aquitaine', 'Bègles'),
(90, 'france', 'bretagne', 'Rennes'),
(91, 'france', 'bretagne', 'Brest'),
(92, 'france', 'bretagne', 'Quimper'),
(93, 'france', 'bretagne', 'Lorient'),
(94, 'france', 'bretagne', 'Vannes'),
(95, 'france', 'bretagne', 'Saint-Malo'),
(96, 'france', 'bretagne', 'Saint-Brieuc'),
(97, 'france', 'bretagne', 'Lanester'),
(98, 'france', 'midi_pyrenees', 'Toulouse'),
(99, 'france', 'midi_pyrenees', 'Montauban'),
(100, 'france', 'midi_pyrenees', 'Albi'),
(101, 'france', 'midi_pyrenees', 'Tarbes'),
(102, 'france', 'midi_pyrenees', 'Castres'),
(103, 'france', 'midi_pyrenees', 'Colomiers'),
(104, 'france', 'midi_pyrenees', 'Tournefeuille'),
(105, 'france', 'midi_pyrenees', 'Rodez'),
(106, 'france', 'languedoc_rousillon', 'Montpellier'),
(107, 'france', 'languedoc_rousillon', 'Nîmes'),
(108, 'france', 'languedoc_rousillon', 'Perpignan'),
(109, 'france', 'languedoc_rousillon', 'Béziers'),
(110, 'france', 'languedoc_rousillon', 'Narbonne'),
(111, 'france', 'languedoc_rousillon', 'Carcassonne'),
(112, 'france', 'languedoc_rousillon', 'Sète'),
(113, 'france', 'languedoc_rousillon', 'Alès'),
(114, 'france', 'languedoc_rousillon', 'Lunel'),
(115, 'france', 'centre', 'Tours'),
(116, 'france', 'centre', 'Orléans'),
(117, 'france', 'centre', 'Bourges'),
(118, 'france', 'centre', 'Blois'),
(119, 'france', 'centre', 'Châteauroux'),
(120, 'france', 'centre', 'Chartres'),
(121, 'france', 'centre', 'Joué-lès-Tours'),
(122, 'france', 'centre', 'Dreux'),
(123, 'france', 'centre', 'Vierzon'),
(124, 'france', 'lorraine', 'Metz'),
(125, 'france', 'lorraine', 'Nancy'),
(126, 'france', 'lorraine', 'Thionville'),
(127, 'france', 'lorraine', 'Épinal'),
(128, 'france', 'lorraine', 'Vandoeuvre-lès-Nancy'),
(129, 'france', 'lorraine', 'Montigny-lès-Metz'),
(130, 'france', 'lorraine', 'Sarreguemines'),
(131, 'france', 'lorraine', 'Forbach'),
(132, 'france', 'lorraine', 'Saint-Dié-des-Vosges'),
(133, 'france', 'picardie', 'Amiens'),
(134, 'france', 'picardie', 'Saint-Quentin'),
(135, 'france', 'picardie', 'Beauvais'),
(136, 'france', 'picardie', 'Compiègne'),
(137, 'france', 'picardie', 'Creil'),
(138, 'france', 'picardie', 'Soissons'),
(139, 'france', 'picardie', 'Laon'),
(140, 'france', 'picardie', 'Abbeville'),
(141, 'france', 'alsace', 'Strasbourg'),
(142, 'france', 'alsace', 'Mulhouse'),
(143, 'france', 'alsace', 'Colmar'),
(144, 'france', 'alsace', 'Haguenau'),
(145, 'france', 'alsace', 'Schiltigheim'),
(146, 'france', 'alsace', 'Illkirch-Graffenstaden'),
(147, 'france', 'alsace', 'Saint-Louis'),
(148, 'france', 'haute_normandie', 'Le Havre'),
(149, 'france', 'haute_normandie', 'Rouen'),
(150, 'france', 'haute_normandie', 'Évreux'),
(151, 'france', 'haute_normandie', 'Dieppe'),
(152, 'france', 'haute_normandie', 'Sotteville-lès-Rouen'),
(153, 'france', 'haute_normandie', 'Saint-Étienne-du-Rouvray'),
(154, 'france', 'haute_normandie', 'Vernon'),
(155, 'france', 'haute_normandie', 'Le Grand-Quevilly'),
(156, 'france', 'haute_normandie', 'Le Petit-Quevilly'),
(157, 'france', 'poitou_charentes', 'Poitiers'),
(158, 'france', 'poitou_charentes', 'La Rochelle'),
(159, 'france', 'poitou_charentes', 'Niort'),
(160, 'france', 'poitou_charentes', 'Angoulême'),
(161, 'france', 'poitou_charentes', 'Châtellerault'),
(162, 'france', 'poitou_charentes', 'Saintes'),
(163, 'france', 'bourgogne', 'Dijon'),
(164, 'france', 'bourgogne', 'Chalon-sur-Saône'),
(165, 'france', 'bourgogne', 'Nevers'),
(166, 'france', 'bourgogne', 'Auxerre'),
(167, 'france', 'bourgogne', 'Mâcon'),
(168, 'france', 'bourgogne', 'Sens'),
(169, 'france', 'basse_normandie', 'Caen'),
(170, 'france', 'basse_normandie', 'Cherbourg-Octeville'),
(171, 'france', 'basse_normandie', 'Alençon'),
(172, 'france', 'basse_normandie', 'Lisieux'),
(173, 'france', 'basse_normandie', 'Hérouville-Saint-Clair'),
(174, 'france', 'basse_normandie', 'Saint-Lô'),
(175, 'france', 'auvergne', 'Clermont-Ferrand'),
(176, 'france', 'auvergne', 'Montluçon'),
(177, 'france', 'auvergne', 'Aurillac'),
(178, 'france', 'auvergne', 'Vichy'),
(179, 'france', 'auvergne', 'Moulins'),
(180, 'france', 'auvergne', 'Le Puy-en-Velay'),
(181, 'france', 'champagne_ardenne', 'Reims'),
(182, 'france', 'champagne_ardenne', 'Troyes'),
(183, 'france', 'champagne_ardenne', 'Charleville-Mézières'),
(184, 'france', 'champagne_ardenne', 'Châlons-en-Champagne'),
(185, 'france', 'champagne_ardenne', 'Saint-Dizier'),
(186, 'france', 'champagne_ardenne', 'Épernay'),
(187, 'france', 'franche_comte', 'Besançon'),
(188, 'france', 'franche_comte', 'Belfort'),
(189, 'france', 'franche_comte', 'Montbéliard'),
(190, 'france', 'franche_comte', 'Dole'),
(191, 'france', 'franche_comte', 'Pontarlier'),
(192, 'france', 'limousin', 'Limoges'),
(193, 'france', 'limousin', 'Brive-la-Gaillarde'),
(194, 'france', 'corse', 'Ajaccio'),
(195, 'france', 'corse', 'Bastia');

-- --------------------------------------------------------

--
-- Structure de la table `configurations`
--

DROP TABLE IF EXISTS `configurations`;
CREATE TABLE IF NOT EXISTS `configurations` (
  `configuration_id` mediumint(9) NOT NULL AUTO_INCREMENT,
  `status` enum('public','private') COLLATE utf8_esperanto_ci NOT NULL,
  `date_created` datetime NOT NULL,
  `account_id` mediumint(9) NOT NULL,
  `num_rows_generated` mediumint(9) DEFAULT '0',
  PRIMARY KEY (`configuration_id`)
) ENGINE=MyISAM DEFAULT CHARSET=utf8 COLLATE=utf8_esperanto_ci;

-- --------------------------------------------------------

--
-- Structure de la table `configuration_history`
--

DROP TABLE IF EXISTS `configuration_history`;
CREATE TABLE IF NOT EXISTS `configuration_history` (
  `history_id` mediumint(9) NOT NULL AUTO_INCREMENT,
  `configuration_id` mediumint(9) NOT NULL,
  `last_updated` datetime NOT NULL,
  `configuration_name` varchar(100) COLLATE utf8_esperanto_ci NOT NULL,
  `content` text COLLATE utf8_esperanto_ci NOT NULL,
  PRIMARY KEY (`history_id`)
) ENGINE=MyISAM DEFAULT CHARSET=utf8 COLLATE=utf8_esperanto_ci;

-- --------------------------------------------------------

--
-- Structure de la table `countries`
--

DROP TABLE IF EXISTS `countries`;
CREATE TABLE IF NOT EXISTS `countries` (
  `id` mediumint(9) NOT NULL AUTO_INCREMENT,
  `country` varchar(100) COLLATE utf8_esperanto_ci NOT NULL DEFAULT '',
  `country_slug` varchar(100) COLLATE utf8_esperanto_ci DEFAULT NULL,
  PRIMARY KEY (`id`)
) ENGINE=MyISAM AUTO_INCREMENT=3 DEFAULT CHARSET=utf8 COLLATE=utf8_esperanto_ci;

--
-- Contenu de la table `countries`
--

INSERT INTO `countries` (`id`, `country`, `country_slug`) VALUES
(1, 'France', 'france'),
(2, 'Austria', 'austria');

-- --------------------------------------------------------

--
-- Structure de la table `country`
--

DROP TABLE IF EXISTS `country`;
CREATE TABLE IF NOT EXISTS `country` (
  `id` int(11) NOT NULL AUTO_INCREMENT,
  `name` varchar(45) CHARACTER SET utf8 NOT NULL,
  PRIMARY KEY (`id`)
) ENGINE=InnoDB AUTO_INCREMENT=242 DEFAULT CHARSET=utf8 COLLATE=utf8_esperanto_ci;

--
-- Contenu de la table `country`
--

INSERT INTO `country` (`id`, `name`) VALUES
(1, 'Afghanistan'),
(2, 'Albanie'),
(3, 'Antarctique'),
(4, 'Algérie'),
(5, 'Samoa Américaines'),
(6, 'Andorre'),
(7, 'Angola'),
(8, 'Antigua-et-Barbuda'),
(9, 'Azerbaïdjan'),
(10, 'Argentine'),
(11, 'Australie'),
(12, 'Autriche'),
(13, 'Bahamas'),
(14, 'Bahreïn'),
(15, 'Bangladesh'),
(16, 'Arménie'),
(17, 'Barbade'),
(18, 'Belgique'),
(19, 'Bermudes'),
(20, 'Bhoutan'),
(21, 'Bolivie'),
(22, 'Bosnie-Herzégovine'),
(23, 'Botswana'),
(24, 'Île Bouvet'),
(25, 'Brésil'),
(26, 'Belize'),
(27, 'Territoire Britannique de l''Océan Indien'),
(28, 'Îles Salomon'),
(29, 'Îles Vierges Britanniques'),
(30, 'Brunéi Darussalam'),
(31, 'Bulgarie'),
(32, 'Myanmar'),
(33, 'Burundi'),
(34, 'Bélarus'),
(35, 'Cambodge'),
(36, 'Cameroun'),
(37, 'Canada'),
(38, 'Cap-vert'),
(39, 'Îles Caïmanes'),
(40, 'République Centrafricaine'),
(41, 'Sri Lanka'),
(42, 'Tchad'),
(43, 'Chili'),
(44, 'Chine'),
(45, 'Taïwan'),
(46, 'Île Christmas'),
(47, 'Îles Cocos (Keeling)'),
(48, 'Colombie'),
(49, 'Comores'),
(50, 'Mayotte'),
(51, 'République du Congo'),
(52, 'République Démocratique du Congo'),
(53, 'Îles Cook'),
(54, 'Costa Rica'),
(55, 'Croatie'),
(56, 'Cuba'),
(57, 'Chypre'),
(58, 'République Tchèque'),
(59, 'Bénin'),
(60, 'Danemark'),
(61, 'Dominique'),
(62, 'République Dominicaine'),
(63, 'Équateur'),
(64, 'El Salvador'),
(65, 'Guinée Équatoriale'),
(66, 'Éthiopie'),
(67, 'Érythrée'),
(68, 'Estonie'),
(69, 'Îles Féroé'),
(70, 'Îles (malvinas) Falkland'),
(71, 'Géorgie du Sud et les Îles Sandwich du Sud'),
(72, 'Fidji'),
(73, 'Finlande'),
(74, 'Îles Åland'),
(75, 'France'),
(76, 'Guyane Française'),
(77, 'Polynésie Française'),
(78, 'Terres Australes Françaises'),
(79, 'Djibouti'),
(80, 'Gabon'),
(81, 'Géorgie'),
(82, 'Gambie'),
(83, 'Territoire Palestinien Occupé'),
(84, 'Allemagne'),
(85, 'Ghana'),
(86, 'Gibraltar'),
(87, 'Kiribati'),
(88, 'Grèce'),
(89, 'Groenland'),
(90, 'Grenade'),
(91, 'Guadeloupe'),
(92, 'Guam'),
(93, 'Guatemala'),
(94, 'Guinée'),
(95, 'Guyana'),
(96, 'Haïti'),
(97, 'Îles Heard et Mcdonald'),
(98, 'Saint-Siège (état de la Cité du Vatican)'),
(99, 'Honduras'),
(100, 'Hong-Kong'),
(101, 'Hongrie'),
(102, 'Islande'),
(103, 'Inde'),
(104, 'Indonésie'),
(105, 'République Islamique d''Iran'),
(106, 'Iraq'),
(107, 'Irlande'),
(108, 'Israël'),
(109, 'Italie'),
(110, 'Côte d''Ivoire'),
(111, 'Jamaïque'),
(112, 'Japon'),
(113, 'Kazakhstan'),
(114, 'Jordanie'),
(115, 'Kenya'),
(116, 'République Populaire Démocratique de Corée'),
(117, 'République de Corée'),
(118, 'Koweït'),
(119, 'Kirghizistan'),
(120, 'République Démocratique Populaire Lao'),
(121, 'Liban'),
(122, 'Lesotho'),
(123, 'Lettonie'),
(124, 'Libéria'),
(125, 'Jamahiriya Arabe Libyenne'),
(126, 'Liechtenstein'),
(127, 'Lituanie'),
(128, 'Luxembourg'),
(129, 'Macao'),
(130, 'Madagascar'),
(131, 'Malawi'),
(132, 'Malaisie'),
(133, 'Maldives'),
(134, 'Mali'),
(135, 'Malte'),
(136, 'Martinique'),
(137, 'Mauritanie'),
(138, 'Maurice'),
(139, 'Mexique'),
(140, 'Monaco'),
(141, 'Mongolie'),
(142, 'République de Moldova'),
(143, 'Montserrat'),
(144, 'Maroc'),
(145, 'Mozambique'),
(146, 'Oman'),
(147, 'Namibie'),
(148, 'Nauru'),
(149, 'Népal'),
(150, 'Pays-Bas'),
(151, 'Antilles Néerlandaises'),
(152, 'Aruba'),
(153, 'Nouvelle-Calédonie'),
(154, 'Vanuatu'),
(155, 'Nouvelle-Zélande'),
(156, 'Nicaragua'),
(157, 'Niger'),
(158, 'Nigéria'),
(159, 'Niué'),
(160, 'Île Norfolk'),
(161, 'Norvège'),
(162, 'Îles Mariannes du Nord'),
(163, 'Îles Mineures Éloignées des États-Unis'),
(164, 'États Fédérés de Micronésie'),
(165, 'Îles Marshall'),
(166, 'Palaos'),
(167, 'Pakistan'),
(168, 'Panama'),
(169, 'Papouasie-Nouvelle-Guinée'),
(170, 'Paraguay'),
(171, 'Pérou'),
(172, 'Philippines'),
(173, 'Pitcairn'),
(174, 'Pologne'),
(175, 'Portugal'),
(176, 'Guinée-Bissau'),
(177, 'Timor-Leste'),
(178, 'Porto Rico'),
(179, 'Qatar'),
(180, 'Réunion'),
(181, 'Roumanie'),
(182, 'Fédération de Russie'),
(183, 'Rwanda'),
(184, 'Sainte-Hélène'),
(185, 'Saint-Kitts-et-Nevis'),
(186, 'Anguilla'),
(187, 'Sainte-Lucie'),
(188, 'Saint-Pierre-et-Miquelon'),
(189, 'Saint-Vincent-et-les Grenadines'),
(190, 'Saint-Marin'),
(191, 'Sao Tomé-et-Principe'),
(192, 'Arabie Saoudite'),
(193, 'Sénégal'),
(194, 'Seychelles'),
(195, 'Sierra Leone'),
(196, 'Singapour'),
(197, 'Slovaquie'),
(198, 'Viet Nam'),
(199, 'Slovénie'),
(200, 'Somalie'),
(201, 'Afrique du Sud'),
(202, 'Zimbabwe'),
(203, 'Espagne'),
(204, 'Sahara Occidental'),
(205, 'Soudan'),
(206, 'Suriname'),
(207, 'Svalbard etÎle Jan Mayen'),
(208, 'Swaziland'),
(209, 'Suède'),
(210, 'Suisse'),
(211, 'République Arabe Syrienne'),
(212, 'Tadjikistan'),
(213, 'Thaïlande'),
(214, 'Togo'),
(215, 'Tokelau'),
(216, 'Tonga'),
(217, 'Trinité-et-Tobago'),
(218, 'Émirats Arabes Unis'),
(219, 'Tunisie'),
(220, 'Turquie'),
(221, 'Turkménistan'),
(222, 'Îles Turks et Caïques'),
(223, 'Tuvalu'),
(224, 'Ouganda'),
(225, 'Ukraine'),
(226, 'L''ex-République Yougoslave de Macédoine'),
(227, 'Égypte'),
(228, 'Royaume-Uni'),
(229, 'Île de Man'),
(230, 'République-Unie de Tanzanie'),
(231, 'États-Unis'),
(232, 'Îles Vierges des États-Unis'),
(233, 'Burkina Faso'),
(234, 'Uruguay'),
(235, 'Ouzbékistan'),
(236, 'Venezuela'),
(237, 'Wallis et Futuna'),
(238, 'Samoa'),
(239, 'Yémen'),
(240, 'Serbie-et-Monténégro'),
(241, 'Zambie');

-- --------------------------------------------------------

--
-- Structure de la table `favouritecategory`
--

DROP TABLE IF EXISTS `favouritecategory`;
CREATE TABLE IF NOT EXISTS `favouritecategory` (
  `user_id` int(11) NOT NULL,
  `category_id` int(11) NOT NULL,
  `order` int(11) NOT NULL,
  PRIMARY KEY (`user_id`,`category_id`),
  KEY `favouritecategory_category_idx` (`category_id`)
) ENGINE=InnoDB DEFAULT CHARSET=utf8 COLLATE=utf8_esperanto_ci;

--
-- Contenu de la table `favouritecategory`
--

INSERT INTO `favouritecategory` (`user_id`, `category_id`, `order`) VALUES
(1, 1, 2),
(1, 4, 1),
(1, 5, 3),
(2, 1, 3),
(2, 6, 2),
(2, 12, 1),
(3, 2, 1),
(3, 5, 3),
(3, 8, 2),
(4, 5, 3),
(4, 10, 2),
(4, 12, 1),
(5, 7, 1),
(5, 8, 3),
(5, 9, 2),
(6, 3, 3),
(6, 4, 1),
(6, 12, 2),
(7, 3, 1),
(7, 10, 2),
(7, 11, 3),
(8, 1, 2),
(8, 7, 3),
(8, 9, 1),
(9, 1, 3),
(9, 4, 2),
(9, 5, 1),
(10, 6, 2),
(10, 8, 3),
(10, 11, 1),
(11, 6, 3),
(11, 7, 1),
(11, 11, 2),
(12, 2, 3),
(12, 7, 2),
(12, 8, 1),
(13, 6, 3),
(13, 8, 2),
(13, 10, 1),
(14, 2, 1),
(14, 3, 3),
(14, 9, 2),
(15, 5, 1),
(15, 12, 2),
(15, 13, 3),
(16, 1, 1),
(16, 2, 2),
(16, 9, 3),
(17, 3, 2),
(17, 4, 1),
(17, 9, 3),
(18, 5, 3),
(18, 6, 2),
(18, 8, 1),
(19, 5, 3),
(19, 6, 2),
(19, 7, 1),
(20, 2, 3),
(20, 3, 2),
(20, 11, 1);

-- --------------------------------------------------------

--
-- Structure de la table `first_names`
--

DROP TABLE IF EXISTS `first_names`;
CREATE TABLE IF NOT EXISTS `first_names` (
  `id` mediumint(9) NOT NULL AUTO_INCREMENT,
  `first_name` varchar(50) COLLATE utf8_esperanto_ci NOT NULL DEFAULT '',
  `gender` enum('male','female','both') COLLATE utf8_esperanto_ci NOT NULL DEFAULT 'male',
  PRIMARY KEY (`id`)
) ENGINE=MyISAM AUTO_INCREMENT=1173 DEFAULT CHARSET=utf8 COLLATE=utf8_esperanto_ci;

--
-- Contenu de la table `first_names`
--

INSERT INTO `first_names` (`id`, `first_name`, `gender`) VALUES
(1, 'Aaron', 'male'),
(2, 'Abbot', 'male'),
(3, 'Abdul', 'male'),
(4, 'Abel', 'male'),
(5, 'Abigail', 'female'),
(6, 'Abra', 'female'),
(7, 'Abraham', 'male'),
(8, 'Acton', 'male'),
(9, 'Adam', 'male'),
(10, 'Adara', 'female'),
(11, 'Addison', 'male'),
(12, 'Adele', 'female'),
(13, 'Adena', 'female'),
(14, 'Adria', 'female'),
(15, 'Adrian', 'male'),
(16, 'Adrienne', 'female'),
(17, 'Ahmed', 'male'),
(18, 'Aidan', 'male'),
(19, 'Aiko', 'female'),
(20, 'Aileen', 'female'),
(21, 'Aimee', 'female'),
(22, 'Ainsley', 'female'),
(23, 'Akeem', 'male'),
(24, 'Aladdin', 'male'),
(25, 'Alan', 'male'),
(26, 'Alana', 'female'),
(27, 'Alden', 'male'),
(28, 'Alea', 'female'),
(29, 'Alec', 'male'),
(30, 'Alexa', 'female'),
(31, 'Alexander', 'male'),
(32, 'Alexandra', 'female'),
(33, 'Alexis', 'female'),
(34, 'Alfonso', 'male'),
(35, 'Alfreda', 'female'),
(36, 'Ali', 'male'),
(37, 'Alice', 'female'),
(38, 'Alika', 'female'),
(39, 'Aline', 'female'),
(40, 'Alisa', 'female'),
(41, 'Allegra', 'female'),
(42, 'Allen', 'male'),
(43, 'Allistair', 'male'),
(44, 'Alma', 'female'),
(45, 'Althea', 'female'),
(46, 'Alvin', 'male'),
(47, 'Alyssa', 'female'),
(48, 'Amal', 'male'),
(49, 'Amanda', 'female'),
(50, 'Amaya', 'female'),
(51, 'Amber', 'female'),
(52, 'Amela', 'female'),
(53, 'Amelia', 'female'),
(54, 'Amena', 'female'),
(55, 'Amery', 'male'),
(56, 'Amethyst', 'female'),
(57, 'Amir', 'male'),
(58, 'Amity', 'female'),
(59, 'Amos', 'male'),
(60, 'Amy', 'female'),
(61, 'Anastasia', 'female'),
(62, 'Andrew', 'male'),
(63, 'Angela', 'female'),
(64, 'Angelica', 'female'),
(65, 'Anika', 'female'),
(66, 'Anjolie', 'female'),
(67, 'Ann', 'female'),
(68, 'Anne', 'female'),
(69, 'Anthony', 'male'),
(70, 'Aphrodite', 'female'),
(71, 'April', 'female'),
(72, 'Aquila', 'male'),
(73, 'Arden', 'male'),
(74, 'Aretha', 'female'),
(75, 'Ariana', 'female'),
(76, 'Ariel', 'female'),
(77, 'Aristotle', 'male'),
(78, 'Armand', 'male'),
(79, 'Armando', 'male'),
(80, 'Arsenio', 'male'),
(81, 'Arthur', 'male'),
(82, 'Ashely', 'female'),
(83, 'Asher', 'male'),
(84, 'Ashton', 'male'),
(85, 'Aspen', 'female'),
(86, 'Astra', 'female'),
(87, 'Athena', 'female'),
(88, 'Aubrey', 'both'),
(89, 'Audra', 'female'),
(90, 'Audrey', 'female'),
(91, 'August', 'male'),
(92, 'Aurelia', 'female'),
(93, 'Aurora', 'female'),
(94, 'Austin', 'male'),
(95, 'Autumn', 'female'),
(96, 'Ava', 'female'),
(97, 'Avram', 'male'),
(98, 'Avye', 'female'),
(99, 'Axel', 'male'),
(100, 'Ayanna', 'female'),
(101, 'Azalia', 'female'),
(102, 'Baker', 'male'),
(103, 'Barbara', 'female'),
(104, 'Barclay', 'male'),
(105, 'Barrett', 'male'),
(106, 'Barry', 'male'),
(107, 'Basia', 'female'),
(108, 'Basil', 'male'),
(109, 'Baxter', 'male'),
(110, 'Beatrice', 'female'),
(111, 'Beau', 'male'),
(112, 'Beck', 'male'),
(113, 'Bell', 'female'),
(114, 'Belle', 'female'),
(115, 'Benedict', 'male'),
(116, 'Benjamin', 'male'),
(117, 'Berk', 'male'),
(118, 'Bernard', 'male'),
(119, 'Bert', 'male'),
(120, 'Bertha', 'female'),
(121, 'Bethany', 'female'),
(122, 'Beverly', 'female'),
(123, 'Bevis', 'male'),
(124, 'Bianca', 'female'),
(125, 'Blaine', 'both'),
(126, 'Blair', 'both'),
(127, 'Blake', 'male'),
(128, 'Blaze', 'male'),
(129, 'Blossom', 'female'),
(130, 'Blythe', 'female'),
(131, 'Bo', 'female'),
(132, 'Boris', 'male'),
(133, 'Bradley', 'male'),
(134, 'Brady', 'male'),
(135, 'Branden', 'male'),
(136, 'Brandon', 'male'),
(137, 'Breanna', 'female'),
(138, 'Bree', 'female'),
(139, 'Brenda', 'female'),
(140, 'Brendan', 'male'),
(141, 'Brenden', 'male'),
(142, 'Brenna', 'female'),
(143, 'Brennan', 'male'),
(144, 'Brent', 'male'),
(145, 'Brett', 'male'),
(146, 'Brian', 'male'),
(147, 'Brianna', 'female'),
(148, 'Briar', 'female'),
(149, 'Brielle', 'female'),
(150, 'Britanney', 'female'),
(151, 'Britanni', 'female'),
(152, 'Brittany', 'female'),
(153, 'Brock', 'male'),
(154, 'Brody', 'male'),
(155, 'Brooke', 'female'),
(156, 'Bruce', 'male'),
(157, 'Bruno', 'male'),
(158, 'Bryar', 'female'),
(159, 'Brynn', 'female'),
(160, 'Brynne', 'female'),
(161, 'Buckminster', 'male'),
(162, 'Buffy', 'female'),
(163, 'Burke', 'male'),
(164, 'Burton', 'male'),
(165, 'Byron', 'male'),
(166, 'Cade', 'male'),
(167, 'Cadman', 'male'),
(168, 'Caesar', 'male'),
(169, 'Cailin', 'female'),
(170, 'Cain', 'male'),
(171, 'Cairo', 'male'),
(172, 'Caldwell', 'male'),
(173, 'Caleb', 'male'),
(174, 'Calista', 'female'),
(175, 'Callie', 'female'),
(176, 'Callum', 'male'),
(177, 'Cally', 'female'),
(178, 'Calvin', 'male'),
(179, 'Camden', 'male'),
(180, 'Cameran', 'female'),
(181, 'Cameron', 'female'),
(182, 'Cameron', 'male'),
(183, 'Camilla', 'female'),
(184, 'Camille', 'female'),
(185, 'Candace', 'female'),
(186, 'Candice', 'female'),
(187, 'Cara', 'female'),
(188, 'Carissa', 'female'),
(189, 'Carl', 'male'),
(190, 'Carla', 'female'),
(191, 'Carlos', 'male'),
(192, 'Carly', 'female'),
(193, 'Carol', 'female'),
(194, 'Carolyn', 'female'),
(195, 'Carson', 'male'),
(196, 'Carter', 'male'),
(197, 'Caryn', 'female'),
(198, 'Casey', 'both'),
(199, 'Cassady', 'female'),
(200, 'Cassandra', 'female'),
(201, 'Cassidy', 'female'),
(202, 'Castor', 'male'),
(203, 'Catherine', 'female'),
(204, 'Cathleen', 'female'),
(205, 'Cecilia', 'female'),
(206, 'Cedric', 'male'),
(207, 'Celeste', 'female'),
(208, 'Chadwick', 'male'),
(209, 'Chaim', 'male'),
(210, 'Chancellor', 'male'),
(211, 'Chanda', 'female'),
(212, 'Chandler', 'male'),
(213, 'Chaney', 'male'),
(214, 'Channing', 'male'),
(215, 'Chantale', 'female'),
(216, 'Charde', 'female'),
(217, 'Charissa', 'female'),
(218, 'Charity', 'female'),
(219, 'Charles', 'male'),
(220, 'Charlotte', 'female'),
(221, 'Chase', 'male'),
(222, 'Chastity', 'female'),
(223, 'Chava', 'female'),
(224, 'Chelsea', 'female'),
(225, 'Cherokee', 'female'),
(226, 'Cheryl', 'female'),
(227, 'Chester', 'male'),
(228, 'Cheyenne', 'female'),
(229, 'Chiquita', 'female'),
(230, 'Chloe', 'female'),
(231, 'Christen', 'female'),
(232, 'Christian', 'male'),
(233, 'Christine', 'female'),
(234, 'Christopher', 'male'),
(235, 'Ciara', 'female'),
(236, 'Ciaran', 'male'),
(237, 'Claire', 'female'),
(238, 'Clare', 'female'),
(239, 'Clark', 'male'),
(240, 'Clarke', 'male'),
(241, 'Claudia', 'female'),
(242, 'Clayton', 'male'),
(243, 'Clementine', 'female'),
(244, 'Cleo', 'female'),
(245, 'Clinton', 'male'),
(246, 'Clio', 'female'),
(247, 'Coby', 'male'),
(248, 'Cody', 'male'),
(249, 'Colby', 'male'),
(250, 'Cole', 'male'),
(251, 'Colette', 'female'),
(252, 'Colin', 'male'),
(253, 'Colleen', 'female'),
(254, 'Colorado', 'male'),
(255, 'Colt', 'male'),
(256, 'Colton', 'male'),
(257, 'Conan', 'male'),
(258, 'Connor', 'male'),
(259, 'Constance', 'female'),
(260, 'Cooper', 'male'),
(261, 'Cora', 'female'),
(262, 'Courtney', 'female'),
(263, 'Craig', 'male'),
(264, 'Cruz', 'male'),
(265, 'Cullen', 'male'),
(266, 'Curran', 'male'),
(267, 'Cynthia', 'female'),
(268, 'Cyrus', 'male'),
(269, 'Dacey', 'female'),
(270, 'Dahlia', 'female'),
(271, 'Dai', 'female'),
(272, 'Dakota', 'both'),
(273, 'Dale', 'male'),
(274, 'Dalton', 'male'),
(275, 'Damian', 'male'),
(276, 'Damon', 'male'),
(277, 'Dana', 'female'),
(278, 'Dane', 'male'),
(279, 'Daniel', 'male'),
(280, 'Danielle', 'female'),
(281, 'Dante', 'male'),
(282, 'Daphne', 'female'),
(283, 'Daquan', 'male'),
(284, 'Dara', 'female'),
(285, 'Daria', 'female'),
(286, 'Darius', 'male'),
(287, 'Darrel', 'female'),
(288, 'Darryl', 'female'),
(289, 'Daryl', 'female'),
(290, 'David', 'male'),
(291, 'Davis', 'male'),
(292, 'Dawn', 'female'),
(293, 'Deacon', 'male'),
(294, 'Dean', 'male'),
(295, 'Deanna', 'female'),
(296, 'Deborah', 'female'),
(297, 'Debra', 'female'),
(298, 'Declan', 'male'),
(299, 'Deirdre', 'female'),
(300, 'Delilah', 'female'),
(301, 'Demetria', 'female'),
(302, 'Demetrius', 'male'),
(303, 'Denise', 'female'),
(304, 'Dennis', 'male'),
(305, 'Denton', 'male'),
(306, 'Derek', 'male'),
(307, 'Desirae', 'female'),
(308, 'Desiree', 'female'),
(309, 'Destiny', 'female'),
(310, 'Devin', 'male'),
(311, 'Dexter', 'male'),
(312, 'Diana', 'female'),
(313, 'Dieter', 'male'),
(314, 'Dillon', 'male'),
(315, 'Dolan', 'male'),
(316, 'Dominic', 'male'),
(317, 'Dominique', 'female'),
(318, 'Donna', 'female'),
(319, 'Donovan', 'male'),
(320, 'Dora', 'female'),
(321, 'Dorian', 'male'),
(322, 'Doris', 'female'),
(323, 'Dorothy', 'female'),
(324, 'Drake', 'male'),
(325, 'Drew', 'male'),
(326, 'Driscoll', 'male'),
(327, 'Duncan', 'male'),
(328, 'Dustin', 'male'),
(329, 'Dylan', 'male'),
(330, 'Eagan', 'male'),
(331, 'Eaton', 'male'),
(332, 'Ebony', 'female'),
(333, 'Echo', 'female'),
(334, 'Edan', 'male'),
(335, 'Eden', 'both'),
(336, 'Edward', 'male'),
(337, 'Elaine', 'female'),
(338, 'Eleanor', 'female'),
(339, 'Eliana', 'female'),
(340, 'Elijah', 'male'),
(341, 'Elizabeth', 'female'),
(342, 'Ella', 'female'),
(343, 'Elliott', 'male'),
(344, 'Elmo', 'male'),
(345, 'Elton', 'male'),
(346, 'Elvis', 'male'),
(347, 'Emerald', 'female'),
(348, 'Emerson', 'male'),
(349, 'Emery', 'male'),
(350, 'Emi', 'female'),
(351, 'Emily', 'female'),
(352, 'Emma', 'female'),
(353, 'Emmanuel', 'male'),
(354, 'Erasmus', 'male'),
(355, 'Eric', 'male'),
(356, 'Erica', 'female'),
(357, 'Erich', 'male'),
(358, 'Erin', 'female'),
(359, 'Ethan', 'male'),
(360, 'Eugenia', 'female'),
(361, 'Evan', 'male'),
(362, 'Evangeline', 'female'),
(363, 'Eve', 'female'),
(364, 'Evelyn', 'female'),
(365, 'Ezekiel', 'male'),
(366, 'Ezra', 'male'),
(367, 'Faith', 'female'),
(368, 'Fallon', 'female'),
(369, 'Farrah', 'female'),
(370, 'Fatima', 'female'),
(371, 'Fay', 'female'),
(372, 'Felicia', 'female'),
(373, 'Felix', 'male'),
(374, 'Ferdinand', 'male'),
(375, 'Ferris', 'male'),
(376, 'Finn', 'male'),
(377, 'Fiona', 'female'),
(378, 'Fitzgerald', 'male'),
(379, 'Flavia', 'female'),
(380, 'Fletcher', 'male'),
(381, 'Fleur', 'female'),
(382, 'Florence', 'female'),
(383, 'Flynn', 'male'),
(384, 'Forrest', 'male'),
(385, 'Frances', 'female'),
(386, 'Francesca', 'female'),
(387, 'Francis', 'male'),
(388, 'Fredericka', 'female'),
(389, 'Freya', 'female'),
(390, 'Fritz', 'male'),
(391, 'Fuller', 'male'),
(392, 'Fulton', 'male'),
(393, 'Gabriel', 'male'),
(394, 'Gage', 'male'),
(395, 'Gail', 'female'),
(396, 'Galena', 'female'),
(397, 'Galvin', 'male'),
(398, 'Gannon', 'male'),
(399, 'Gareth', 'male'),
(400, 'Garrett', 'male'),
(401, 'Garrison', 'male'),
(402, 'Garth', 'male'),
(403, 'Gary', 'male'),
(404, 'Gavin', 'male'),
(405, 'Gay', 'female'),
(406, 'Gemma', 'female'),
(407, 'Genevieve', 'female'),
(408, 'Geoffrey', 'male'),
(409, 'George', 'male'),
(410, 'Georgia', 'female'),
(411, 'Geraldine', 'female'),
(412, 'Germaine', 'female'),
(413, 'Germane', 'female'),
(414, 'Giacomo', 'male'),
(415, 'Gil', 'male'),
(416, 'Gillian', 'female'),
(417, 'Ginger', 'female'),
(418, 'Gisela', 'female'),
(419, 'Giselle', 'female'),
(420, 'Glenna', 'female'),
(421, 'Gloria', 'female'),
(422, 'Grace', 'female'),
(423, 'Grady', 'male'),
(424, 'Graham', 'male'),
(425, 'Graiden', 'male'),
(426, 'Grant', 'male'),
(427, 'Gray', 'male'),
(428, 'Gregory', 'male'),
(429, 'Gretchen', 'female'),
(430, 'Griffin', 'male'),
(431, 'Griffith', 'male'),
(432, 'Guinevere', 'female'),
(433, 'Guy', 'male'),
(434, 'Gwendolyn', 'female'),
(435, 'Hadassah', 'female'),
(436, 'Hadley', 'female'),
(437, 'Hakeem', 'male'),
(438, 'Halee', 'female'),
(439, 'Haley', 'female'),
(440, 'Hall', 'male'),
(441, 'Halla', 'female'),
(442, 'Hamilton', 'male'),
(443, 'Hamish', 'male'),
(444, 'Hammett', 'male'),
(445, 'Hanae', 'female'),
(446, 'Hanna', 'female'),
(447, 'Hannah', 'female'),
(448, 'Harding', 'male'),
(449, 'Harlan', 'male'),
(450, 'Harper', 'male'),
(451, 'Harriet', 'female'),
(452, 'Harrison', 'male'),
(453, 'Hasad', 'male'),
(454, 'Hashim', 'male'),
(455, 'Haviva', 'female'),
(456, 'Hayden', 'male'),
(457, 'Hayes', 'male'),
(458, 'Hayfa', 'female'),
(459, 'Hayley', 'female'),
(460, 'Heather', 'female'),
(461, 'Hector', 'male'),
(462, 'Hedda', 'female'),
(463, 'Hedley', 'male'),
(464, 'Hedwig', 'female'),
(465, 'Hedy', 'female'),
(466, 'Heidi', 'female'),
(467, 'Helen', 'female'),
(468, 'Henry', 'male'),
(469, 'Herman', 'male'),
(470, 'Hermione', 'female'),
(471, 'Herrod', 'male'),
(472, 'Hilary', 'female'),
(473, 'Hilda', 'female'),
(474, 'Hilel', 'male'),
(475, 'Hillary', 'female'),
(476, 'Hiram', 'male'),
(477, 'Hiroko', 'female'),
(478, 'Hollee', 'female'),
(479, 'Holly', 'female'),
(480, 'Holmes', 'male'),
(481, 'Honorato', 'male'),
(482, 'Hop', 'male'),
(483, 'Hope', 'female'),
(484, 'Howard', 'male'),
(485, 'Hoyt', 'male'),
(486, 'Hu', 'male'),
(487, 'Hunter', 'male'),
(488, 'Hyacinth', 'female'),
(489, 'Hyatt', 'male'),
(490, 'Ian', 'male'),
(491, 'Idola', 'female'),
(492, 'Idona', 'female'),
(493, 'Ifeoma', 'female'),
(494, 'Ignacia', 'female'),
(495, 'Ignatius', 'male'),
(496, 'Igor', 'male'),
(497, 'Ila', 'female'),
(498, 'Iliana', 'female'),
(499, 'Illana', 'female'),
(500, 'Illiana', 'female'),
(501, 'Ima', 'female'),
(502, 'Imani', 'female'),
(503, 'Imelda', 'female'),
(504, 'Imogene', 'female'),
(505, 'Ina', 'female'),
(506, 'India', 'female'),
(507, 'Indigo', 'female'),
(508, 'Indira', 'female'),
(509, 'Inez', 'female'),
(510, 'Inga', 'female'),
(511, 'Ingrid', 'female'),
(512, 'Iola', 'female'),
(513, 'Iona', 'female'),
(514, 'Ira', 'male'),
(515, 'Irene', 'female'),
(516, 'Iris', 'female'),
(517, 'Irma', 'female'),
(518, 'Isaac', 'male'),
(519, 'Isabella', 'female'),
(520, 'Isabelle', 'female'),
(521, 'Isadora', 'female'),
(522, 'Isaiah', 'male'),
(523, 'Ishmael', 'male'),
(524, 'Ivan', 'male'),
(525, 'Ivana', 'female'),
(526, 'Ivor', 'male'),
(527, 'Ivory', 'female'),
(528, 'Ivy', 'female'),
(529, 'Jack', 'male'),
(530, 'Jackson', 'male'),
(531, 'Jacob', 'male'),
(532, 'Jada', 'female'),
(533, 'Jade', 'female'),
(534, 'Jaden', 'female'),
(535, 'Jael', 'female'),
(536, 'Jaime', 'female'),
(537, 'Jakeem', 'male'),
(538, 'Jamal', 'male'),
(539, 'Jamalia', 'female'),
(540, 'James', 'male'),
(541, 'Jameson', 'male'),
(542, 'Jana', 'female'),
(543, 'Jane', 'female'),
(544, 'Janna', 'female'),
(545, 'Jaquelyn', 'female'),
(546, 'Jared', 'male'),
(547, 'Jarrod', 'male'),
(548, 'Jasmine', 'female'),
(549, 'Jason', 'male'),
(550, 'Jasper', 'male'),
(551, 'Jayme', 'female'),
(552, 'Jeanette', 'female'),
(553, 'Jelani', 'male'),
(554, 'Jemima', 'female'),
(555, 'Jena', 'female'),
(556, 'Jenette', 'female'),
(557, 'Jenna', 'female'),
(558, 'Jennifer', 'female'),
(559, 'Jeremy', 'male'),
(560, 'Jermaine', 'male'),
(561, 'Jerome', 'male'),
(562, 'Jerry', 'male'),
(563, 'Jescie', 'female'),
(564, 'Jessamine', 'female'),
(565, 'Jesse', 'male'),
(566, 'Jessica', 'female'),
(567, 'Jillian', 'female'),
(568, 'Jin', 'male'),
(569, 'Joan', 'female'),
(570, 'Jocelyn', 'female'),
(571, 'Joel', 'male'),
(572, 'Joelle', 'female'),
(573, 'John', 'male'),
(574, 'Jolene', 'female'),
(575, 'Jolie', 'female'),
(576, 'Jonah', 'male'),
(577, 'Jonas', 'male'),
(578, 'Jordan', 'female'),
(579, 'Jordan', 'male'),
(580, 'Jorden', 'female'),
(581, 'Joseph', 'male'),
(582, 'Josephine', 'female'),
(583, 'Joshua', 'male'),
(584, 'Josiah', 'male'),
(585, 'Joy', 'female'),
(586, 'Judah', 'male'),
(587, 'Judith', 'female'),
(588, 'Julian', 'male'),
(589, 'Julie', 'female'),
(590, 'Juliet', 'female'),
(591, 'Justin', 'male'),
(592, 'Justina', 'female'),
(593, 'Justine', 'female'),
(594, 'Kadeem', 'male'),
(595, 'Kaden', 'both'),
(596, 'Kai', 'female'),
(597, 'Kaitlin', 'female'),
(598, 'Kalia', 'female'),
(599, 'Kamal', 'male'),
(600, 'Kameko', 'female'),
(601, 'Kane', 'male'),
(602, 'Kareem', 'male'),
(603, 'Karen', 'female'),
(604, 'Karina', 'female'),
(605, 'Karleigh', 'female'),
(606, 'Karly', 'female'),
(607, 'Karyn', 'female'),
(608, 'Kaseem', 'male'),
(609, 'Kasimir', 'male'),
(610, 'Kasper', 'male'),
(611, 'Katell', 'female'),
(612, 'Katelyn', 'female'),
(613, 'Kathleen', 'female'),
(614, 'Kato', 'male'),
(615, 'Kay', 'female'),
(616, 'Kaye', 'female'),
(617, 'Keane', 'male'),
(618, 'Keaton', 'male'),
(619, 'Keefe', 'male'),
(620, 'Keegan', 'male'),
(621, 'Keelie', 'female'),
(622, 'Keely', 'female'),
(623, 'Keiko', 'female'),
(624, 'Keith', 'male'),
(625, 'Kellie', 'female'),
(626, 'Kelly', 'female'),
(627, 'Kelly', 'male'),
(628, 'Kelsey', 'female'),
(629, 'Kelsie', 'female'),
(630, 'Kendall', 'both'),
(631, 'Kennan', 'male'),
(632, 'Kennedy', 'male'),
(633, 'Kenneth', 'male'),
(634, 'Kenyon', 'male'),
(635, 'Kermit', 'male'),
(636, 'Kerry', 'female'),
(637, 'Kessie', 'female'),
(638, 'Kevin', 'male'),
(639, 'Kevyn', 'female'),
(640, 'Kiara', 'female'),
(641, 'Kiayada', 'female'),
(642, 'Kibo', 'male'),
(643, 'Kieran', 'male'),
(644, 'Kim', 'female'),
(645, 'Kimberley', 'female'),
(646, 'Kimberly', 'female'),
(647, 'Kiona', 'female'),
(648, 'Kirby', 'female'),
(649, 'Kirestin', 'female'),
(650, 'Kirk', 'male'),
(651, 'Kirsten', 'female'),
(652, 'Kitra', 'female'),
(653, 'Knox', 'male'),
(654, 'Kristen', 'female'),
(655, 'Kuame', 'male'),
(656, 'Kyla', 'female'),
(657, 'Kylan', 'female'),
(658, 'Kyle', 'male'),
(659, 'Kylee', 'female'),
(660, 'Kylie', 'female'),
(661, 'Kylynn', 'female'),
(662, 'Kyra', 'female'),
(663, 'Lacey', 'female'),
(664, 'Lacota', 'female'),
(665, 'Lacy', 'female'),
(666, 'Lael', 'female'),
(667, 'Laith', 'male'),
(668, 'Lamar', 'male'),
(669, 'Lana', 'female'),
(670, 'Lance', 'male'),
(671, 'Lane', 'male'),
(672, 'Lani', 'female'),
(673, 'Lara', 'female'),
(674, 'Lareina', 'female'),
(675, 'Larissa', 'female'),
(676, 'Lars', 'male'),
(677, 'Latifah', 'female'),
(678, 'Laura', 'female'),
(679, 'Laurel', 'female'),
(680, 'Lavinia', 'female'),
(681, 'Lawrence', 'male'),
(682, 'Leah', 'female'),
(683, 'Leandra', 'female'),
(684, 'Lee', 'female'),
(685, 'Lee', 'male'),
(686, 'Leigh', 'female'),
(687, 'Leila', 'female'),
(688, 'Leilani', 'female'),
(689, 'Len', 'male'),
(690, 'Lenore', 'female'),
(691, 'Leo', 'male'),
(692, 'Leonard', 'male'),
(693, 'Leroy', 'male'),
(694, 'Lesley', 'female'),
(695, 'Leslie', 'female'),
(696, 'Lester', 'male'),
(697, 'Lev', 'male'),
(698, 'Levi', 'male'),
(699, 'Lewis', 'male'),
(700, 'Libby', 'female'),
(701, 'Liberty', 'female'),
(702, 'Lila', 'female'),
(703, 'Lilah', 'female'),
(704, 'Lillian', 'female'),
(705, 'Lillith', 'female'),
(706, 'Linda', 'female'),
(707, 'Linus', 'male'),
(708, 'Lionel', 'male'),
(709, 'Lisandra', 'female'),
(710, 'Logan', 'male'),
(711, 'Lois', 'female'),
(712, 'Louis', 'male'),
(713, 'Lucas', 'male'),
(714, 'Lucian', 'male'),
(715, 'Lucius', 'male'),
(716, 'Lucy', 'female'),
(717, 'Luke', 'male'),
(718, 'Lunea', 'female'),
(719, 'Lydia', 'female'),
(720, 'Lyle', 'male'),
(721, 'Lynn', 'female'),
(722, 'Lysandra', 'female'),
(723, 'MacKensie', 'female'),
(724, 'MacKenzie', 'female'),
(725, 'Macaulay', 'male'),
(726, 'Macey', 'female'),
(727, 'Macon', 'male'),
(728, 'Macy', 'female'),
(729, 'Madaline', 'female'),
(730, 'Madeline', 'female'),
(731, 'Madeson', 'female'),
(732, 'Madison', 'female'),
(733, 'Madonna', 'female'),
(734, 'Magee', 'male'),
(735, 'Maggie', 'female'),
(736, 'Maggy', 'female'),
(737, 'Maia', 'female'),
(738, 'Maile', 'female'),
(739, 'Maisie', 'female'),
(740, 'Maite', 'female'),
(741, 'Malachi', 'male'),
(742, 'Malcolm', 'male'),
(743, 'Malik', 'male'),
(744, 'Mallory', 'female'),
(745, 'Mannix', 'male'),
(746, 'Mara', 'female'),
(747, 'Marah', 'female'),
(748, 'Marcia', 'female'),
(749, 'Margaret', 'female'),
(750, 'Mari', 'female'),
(751, 'Mariam', 'female'),
(752, 'Mariko', 'female'),
(753, 'Maris', 'female'),
(754, 'Mark', 'male'),
(755, 'Marny', 'female'),
(756, 'Marsden', 'male'),
(757, 'Marshall', 'male'),
(758, 'Martena', 'female'),
(759, 'Martha', 'female'),
(760, 'Martin', 'male'),
(761, 'Martina', 'female'),
(762, 'Marvin', 'male'),
(763, 'Mary', 'female'),
(764, 'Maryam', 'female'),
(765, 'Mason', 'male'),
(766, 'Matthew', 'male'),
(767, 'Maxine', 'female'),
(768, 'Maxwell', 'male'),
(769, 'May', 'female'),
(770, 'Maya', 'female'),
(771, 'McKenzie', 'female'),
(772, 'Mechelle', 'female'),
(773, 'Medge', 'female'),
(774, 'Megan', 'female'),
(775, 'Meghan', 'female'),
(776, 'Melanie', 'female'),
(777, 'Melinda', 'female'),
(778, 'Melissa', 'female'),
(779, 'Melodie', 'female'),
(780, 'Melvin', 'male'),
(781, 'Melyssa', 'female'),
(782, 'Mercedes', 'female'),
(783, 'Meredith', 'female'),
(784, 'Merrill', 'male'),
(785, 'Merritt', 'male'),
(786, 'Mia', 'female'),
(787, 'Micah', 'male'),
(788, 'Michael', 'male'),
(789, 'Michelle', 'female'),
(790, 'Mikayla', 'female'),
(791, 'Minerva', 'female'),
(792, 'Mira', 'female'),
(793, 'Miranda', 'female'),
(794, 'Miriam', 'female'),
(795, 'Moana', 'female'),
(796, 'Mohammad', 'male'),
(797, 'Mollie', 'female'),
(798, 'Molly', 'female'),
(799, 'Mona', 'female'),
(800, 'Montana', 'female'),
(801, 'Morgan', 'female'),
(802, 'Moses', 'male'),
(803, 'Mufutau', 'male'),
(804, 'Murphy', 'male'),
(805, 'Myles', 'male'),
(806, 'Myra', 'female'),
(807, 'Nadine', 'female'),
(808, 'Naida', 'female'),
(809, 'Naomi', 'female'),
(810, 'Nash', 'male'),
(811, 'Nasim', 'male'),
(812, 'Natalie', 'female'),
(813, 'Nathan', 'male'),
(814, 'Nathaniel', 'male'),
(815, 'Nayda', 'female'),
(816, 'Nehru', 'male'),
(817, 'Neil', 'male'),
(818, 'Nell', 'female'),
(819, 'Nelle', 'female'),
(820, 'Nerea', 'female'),
(821, 'Nero', 'male'),
(822, 'Nevada', 'female'),
(823, 'Neve', 'female'),
(824, 'Neville', 'male'),
(825, 'Nicholas', 'male'),
(826, 'Nichole', 'female'),
(827, 'Nicole', 'female'),
(828, 'Nigel', 'male'),
(829, 'Nina', 'female'),
(830, 'Nissim', 'male'),
(831, 'Nita', 'female'),
(832, 'Noah', 'male'),
(833, 'Noble', 'male'),
(834, 'Noel', 'female'),
(835, 'Noelani', 'female'),
(836, 'Noelle', 'female'),
(837, 'Nola', 'female'),
(838, 'Nolan', 'male'),
(839, 'Nomlanga', 'female'),
(840, 'Nora', 'female'),
(841, 'Norman', 'male'),
(842, 'Nyssa', 'female'),
(843, 'Ocean', 'female'),
(844, 'Octavia', 'female'),
(845, 'Octavius', 'male'),
(846, 'Odessa', 'female'),
(847, 'Odette', 'female'),
(848, 'Odysseus', 'male'),
(849, 'Oleg', 'male'),
(850, 'Olga', 'female'),
(851, 'Oliver', 'male'),
(852, 'Olivia', 'female'),
(853, 'Olympia', 'female'),
(854, 'Omar', 'male'),
(855, 'Oprah', 'female'),
(856, 'Ora', 'female'),
(857, 'Oren', 'male'),
(858, 'Ori', 'female'),
(859, 'Orla', 'female'),
(860, 'Orlando', 'male'),
(861, 'Orli', 'female'),
(862, 'Orson', 'male'),
(863, 'Oscar', 'male'),
(864, 'Otto', 'male'),
(865, 'Owen', 'male'),
(866, 'Paki', 'male'),
(867, 'Palmer', 'male'),
(868, 'Paloma', 'female'),
(869, 'Pamela', 'female'),
(870, 'Pandora', 'female'),
(871, 'Pascale', 'female'),
(872, 'Patience', 'female'),
(873, 'Patricia', 'female'),
(874, 'Patrick', 'male'),
(875, 'Paul', 'male'),
(876, 'Paula', 'female'),
(877, 'Pearl', 'female'),
(878, 'Penelope', 'female'),
(879, 'Perry', 'male'),
(880, 'Peter', 'male'),
(881, 'Petra', 'female'),
(882, 'Phelan', 'male'),
(883, 'Philip', 'male'),
(884, 'Phillip', 'male'),
(885, 'Phoebe', 'female'),
(886, 'Phyllis', 'female'),
(887, 'Piper', 'female'),
(888, 'Plato', 'male'),
(889, 'Porter', 'male'),
(890, 'Portia', 'female'),
(891, 'Prescott', 'male'),
(892, 'Preston', 'male'),
(893, 'Price', 'male'),
(894, 'Priscilla', 'female'),
(895, 'Quail', 'female'),
(896, 'Quamar', 'male'),
(897, 'Quemby', 'female'),
(898, 'Quentin', 'male'),
(899, 'Quin', 'female'),
(900, 'Quincy', 'both'),
(901, 'Quinlan', 'male'),
(902, 'Quinn', 'female'),
(903, 'Quinn', 'male'),
(904, 'Quintessa', 'female'),
(905, 'Quon', 'female'),
(906, 'Quyn', 'female'),
(907, 'Quynn', 'female'),
(908, 'Rachel', 'female'),
(909, 'Rae', 'female'),
(910, 'Rafael', 'male'),
(911, 'Rahim', 'male'),
(912, 'Raja', 'male'),
(913, 'Rajah', 'male'),
(914, 'Ralph', 'male'),
(915, 'Rama', 'female'),
(916, 'Ramona', 'female'),
(917, 'Rana', 'female'),
(918, 'Randall', 'male'),
(919, 'Raphael', 'male'),
(920, 'Rashad', 'male'),
(921, 'Raven', 'female'),
(922, 'Ray', 'male'),
(923, 'Raya', 'female'),
(924, 'Raymond', 'male'),
(925, 'Reagan', 'female'),
(926, 'Rebecca', 'female'),
(927, 'Rebekah', 'female'),
(928, 'Reece', 'male'),
(929, 'Reed', 'male'),
(930, 'Reese', 'male'),
(931, 'Regan', 'female'),
(932, 'Regina', 'female'),
(933, 'Remedios', 'female'),
(934, 'Renee', 'female'),
(935, 'Reuben', 'male'),
(936, 'Rhea', 'female'),
(937, 'Rhiannon', 'female'),
(938, 'Rhoda', 'female'),
(939, 'Rhona', 'female'),
(940, 'Rhonda', 'female'),
(941, 'Ria', 'female'),
(942, 'Richard', 'male'),
(943, 'Rigel', 'male'),
(944, 'Riley', 'female'),
(945, 'Rina', 'female'),
(946, 'Rinah', 'female'),
(947, 'Risa', 'female'),
(948, 'Roanna', 'female'),
(949, 'Roary', 'female'),
(950, 'Robert', 'male'),
(951, 'Robin', 'female'),
(952, 'Rogan', 'male'),
(953, 'Ronan', 'male'),
(954, 'Rooney', 'male'),
(955, 'Rosalyn', 'female'),
(956, 'Rose', 'female'),
(957, 'Ross', 'male'),
(958, 'Roth', 'male'),
(959, 'Rowan', 'female'),
(960, 'Ruby', 'female'),
(961, 'Rudyard', 'male'),
(962, 'Russell', 'male'),
(963, 'Ruth', 'female'),
(964, 'Ryan', 'male'),
(965, 'Ryder', 'male'),
(966, 'Rylee', 'female'),
(967, 'Sacha', 'female'),
(968, 'Sade', 'female'),
(969, 'Sage', 'female'),
(970, 'Salvador', 'male'),
(971, 'Samantha', 'female'),
(972, 'Samson', 'male'),
(973, 'Samuel', 'male'),
(974, 'Sandra', 'female'),
(975, 'Sara', 'female'),
(976, 'Sarah', 'female'),
(977, 'Sasha', 'female'),
(978, 'Savannah', 'female'),
(979, 'Sawyer', 'male'),
(980, 'Scarlet', 'female'),
(981, 'Scarlett', 'female'),
(982, 'Scott', 'male'),
(983, 'Sean', 'male'),
(984, 'Sebastian', 'male'),
(985, 'Selma', 'female'),
(986, 'September', 'female'),
(987, 'Serena', 'female'),
(988, 'Serina', 'female'),
(989, 'Seth', 'male'),
(990, 'Shad', 'male'),
(991, 'Shaeleigh', 'female'),
(992, 'Shafira', 'female'),
(993, 'Shaine', 'female'),
(994, 'Shana', 'female'),
(995, 'Shannon', 'female'),
(996, 'Sharon', 'female'),
(997, 'Shay', 'female'),
(998, 'Shea', 'female'),
(999, 'Sheila', 'female'),
(1000, 'Shelby', 'female'),
(1001, 'Shelley', 'female'),
(1002, 'Shellie', 'female'),
(1003, 'Shelly', 'female'),
(1004, 'Shoshana', 'female'),
(1005, 'Sierra', 'female'),
(1006, 'Signe', 'female'),
(1007, 'Sigourney', 'female'),
(1008, 'Silas', 'male'),
(1009, 'Simon', 'male'),
(1010, 'Simone', 'female'),
(1011, 'Skyler', 'female'),
(1012, 'Slade', 'male'),
(1013, 'Sloane', 'both'),
(1014, 'Solomon', 'male'),
(1015, 'Sonia', 'female'),
(1016, 'Sonya', 'female'),
(1017, 'Sophia', 'female'),
(1018, 'Sopoline', 'female'),
(1019, 'Stacey', 'female'),
(1020, 'Stacy', 'female'),
(1021, 'Steel', 'male'),
(1022, 'Stella', 'female'),
(1023, 'Stephanie', 'female'),
(1024, 'Stephen', 'male'),
(1025, 'Steven', 'male'),
(1026, 'Stewart', 'male'),
(1027, 'Stone', 'male'),
(1028, 'Stuart', 'male'),
(1029, 'Suki', 'female'),
(1030, 'Summer', 'female'),
(1031, 'Susan', 'female'),
(1032, 'Sybil', 'female'),
(1033, 'Sybill', 'female'),
(1034, 'Sydnee', 'female'),
(1035, 'Sydney', 'female'),
(1036, 'Sylvester', 'male'),
(1037, 'Sylvia', 'female'),
(1038, 'TaShya', 'female'),
(1039, 'Tad', 'male'),
(1040, 'Tallulah', 'female'),
(1041, 'Talon', 'male'),
(1042, 'Tamara', 'female'),
(1043, 'Tamekah', 'female'),
(1044, 'Tana', 'female'),
(1045, 'Tanek', 'male'),
(1046, 'Tanisha', 'female'),
(1047, 'Tanner', 'male'),
(1048, 'Tanya', 'female'),
(1049, 'Tara', 'female'),
(1050, 'Tarik', 'male'),
(1051, 'Tasha', 'female'),
(1052, 'Tashya', 'female'),
(1053, 'Tate', 'male'),
(1054, 'Tatiana', 'female'),
(1055, 'Tatum', 'female'),
(1056, 'Tatyana', 'female'),
(1057, 'Taylor', 'both'),
(1058, 'Teagan', 'female'),
(1059, 'Teegan', 'female'),
(1060, 'Thaddeus', 'male'),
(1061, 'Thane', 'male'),
(1062, 'Theodore', 'male'),
(1063, 'Thomas', 'male'),
(1064, 'Thor', 'male'),
(1065, 'Tiger', 'male'),
(1066, 'Timon', 'male'),
(1067, 'Timothy', 'male'),
(1068, 'Tobias', 'male'),
(1069, 'Todd', 'male'),
(1070, 'Travis', 'male'),
(1071, 'Trevor', 'male'),
(1072, 'Troy', 'male'),
(1073, 'Tucker', 'male'),
(1074, 'Tyler', 'male'),
(1075, 'Tyrone', 'male'),
(1076, 'Ulla', 'female'),
(1077, 'Ulric', 'male'),
(1078, 'Ulysses', 'male'),
(1079, 'Uma', 'female'),
(1080, 'Unity', 'female'),
(1081, 'Upton', 'male'),
(1082, 'Uriah', 'male'),
(1083, 'Uriel', 'male'),
(1084, 'Urielle', 'female'),
(1085, 'Ursa', 'female'),
(1086, 'Ursula', 'female'),
(1087, 'Uta', 'female'),
(1088, 'Valentine', 'male'),
(1089, 'Vance', 'male'),
(1090, 'Vanna', 'female'),
(1091, 'Vaughan', 'male'),
(1092, 'Veda', 'female'),
(1093, 'Velma', 'female'),
(1094, 'Venus', 'female'),
(1095, 'Vera', 'female'),
(1096, 'Vernon', 'male'),
(1097, 'Veronica', 'female'),
(1098, 'Victor', 'male'),
(1099, 'Victoria', 'female'),
(1100, 'Vielka', 'female'),
(1101, 'Vincent', 'male'),
(1102, 'Violet', 'female'),
(1103, 'Virginia', 'female'),
(1104, 'Vivian', 'female'),
(1105, 'Vivien', 'female'),
(1106, 'Vladimir', 'male'),
(1107, 'Wade', 'male'),
(1108, 'Walker', 'male'),
(1109, 'Wallace', 'male'),
(1110, 'Walter', 'male'),
(1111, 'Wanda', 'female'),
(1112, 'Wang', 'male'),
(1113, 'Warren', 'male'),
(1114, 'Wayne', 'male'),
(1115, 'Wendy', 'female'),
(1116, 'Wesley', 'male'),
(1117, 'Whilemina', 'female'),
(1118, 'Whitney', 'female'),
(1119, 'Whoopi', 'female'),
(1120, 'Willa', 'female'),
(1121, 'William', 'male'),
(1122, 'Willow', 'female'),
(1123, 'Wilma', 'female'),
(1124, 'Wing', 'male'),
(1125, 'Winifred', 'female'),
(1126, 'Winter', 'female'),
(1127, 'Wyatt', 'male'),
(1128, 'Wylie', 'male'),
(1129, 'Wynne', 'female'),
(1130, 'Wynter', 'female'),
(1131, 'Wyoming', 'female'),
(1132, 'Xander', 'male'),
(1133, 'Xandra', 'female'),
(1134, 'Xantha', 'female'),
(1135, 'Xanthus', 'male'),
(1136, 'Xavier', 'male'),
(1137, 'Xaviera', 'female'),
(1138, 'Xena', 'female'),
(1139, 'Xenos', 'male'),
(1140, 'Xerxes', 'both'),
(1141, 'Xyla', 'female'),
(1142, 'Yael', 'female'),
(1143, 'Yardley', 'male'),
(1144, 'Yasir', 'male'),
(1145, 'Yen', 'female'),
(1146, 'Yeo', 'female'),
(1147, 'Yetta', 'female'),
(1148, 'Yoko', 'female'),
(1149, 'Yolanda', 'female'),
(1150, 'Yoshi', 'female'),
(1151, 'Yoshio', 'male'),
(1152, 'Yuli', 'male'),
(1153, 'Yuri', 'female'),
(1154, 'Yvette', 'female'),
(1155, 'Yvonne', 'female'),
(1156, 'Zachary', 'male'),
(1157, 'Zachery', 'male'),
(1158, 'Zahir', 'male'),
(1159, 'Zane', 'male'),
(1160, 'Zelda', 'female'),
(1161, 'Zelenia', 'female'),
(1162, 'Zena', 'female'),
(1163, 'Zenaida', 'female'),
(1164, 'Zenia', 'female'),
(1165, 'Zeph', 'male'),
(1166, 'Zephania', 'male'),
(1167, 'Zephr', 'female'),
(1168, 'Zeus', 'male'),
(1169, 'Zia', 'female'),
(1170, 'Zoe', 'female'),
(1171, 'Zorita', 'female'),
(1172, 'Jacqueline', 'female');

-- --------------------------------------------------------

--
-- Structure de la table `gift`
--

DROP TABLE IF EXISTS `gift`;
CREATE TABLE IF NOT EXISTS `gift` (
  `id` int(11) NOT NULL AUTO_INCREMENT,
  `title` varchar(45) CHARACTER SET utf8 NOT NULL,
  `minamount` int(11) NOT NULL,
  `description` varchar(255) COLLATE utf8_esperanto_ci NOT NULL,
  `project_id` int(11) NOT NULL,
  PRIMARY KEY (`id`),
  KEY `gift_project_idx` (`project_id`)
) ENGINE=InnoDB AUTO_INCREMENT=41 DEFAULT CHARSET=utf8 COLLATE=utf8_esperanto_ci;

--
-- Contenu de la table `gift`
--

INSERT INTO `gift` (`id`, `title`, `minamount`, `description`, `project_id`) VALUES
(1, 'Donec', 67, 'Sed neque. Sed eget lacus. Mauris non dui nec urna suscipit nonummy. Fusce fermentum fermentum arcu. Vestibulum ante ipsum primis', 1),
(2, 'imperdiet ornare. In', 37, 'erat neque non quam. Pellentesque habitant morbi tristique senectus et netus et malesuada fames ac turpis egestas. Aliquam', 1),
(3, 'Donec elementum,', 5, 'Integer id magna et ipsum cursus vestibulum. Mauris magna. Duis dignissim tempor arcu. Vestibulum ut eros non enim', 2),
(4, 'a, dui.', 12, 'mauris. Integer sem elit, pharetra ut, pharetra sed, hendrerit a, arcu. Sed et', 2),
(5, 'mi enim,', 73, 'eget, ipsum. Donec sollicitudin adipiscing ligula. Aenean gravida nunc sed', 3),
(6, 'Cras vehicula', 39, 'ante. Maecenas mi felis, adipiscing', 3),
(7, 'lectus', 82, 'varius ultrices, mauris ipsum porta elit,', 4),
(8, 'faucibus. Morbi', 49, 'eu erat semper rutrum. Fusce dolor quam, elementum at, egestas a,', 4),
(9, 'Fusce', 47, 'fringilla. Donec feugiat metus sit amet ante. Vivamus non lorem vitae', 5),
(10, 'nec', 11, 'fringilla mi lacinia mattis. Integer eu', 5),
(11, 'justo', 25, 'vitae nibh. Donec est mauris, rhoncus id, mollis nec, cursus a, enim. Suspendisse aliquet, sem ut', 6),
(12, 'dignissim', 88, 'cursus a, enim. Suspendisse aliquet, sem ut cursus luctus, ipsum', 6),
(13, 'est', 29, 'a, dui. Cras pellentesque. Sed dictum. Proin eget odio. Aliquam vulputate', 7),
(14, 'velit. Pellentesque', 43, 'accumsan neque et nunc. Quisque ornare', 7),
(15, 'sed dolor. Fusce', 26, 'metus vitae velit egestas lacinia. Sed congue, elit sed consequat auctor, nunc nulla vulputate dui, nec', 8),
(16, 'facilisis facilisis,', 70, 'Curabitur vel lectus. Cum sociis natoque penatibus', 8),
(17, 'vulputate,', 78, 'ac nulla. In tincidunt congue turpis. In condimentum. Donec at arcu. Vestibulum ante ipsum primis in faucibus orci luctus', 9),
(18, 'scelerisque, lorem ipsum', 63, 'quis diam. Pellentesque habitant morbi tristique senectus et netus', 9),
(19, 'adipiscing ligula.', 100, 'pellentesque, tellus sem mollis dui, in sodales elit erat vitae risus.', 10),
(20, 'Aliquam tincidunt, nunc', 17, 'egestas a, dui. Cras pellentesque. Sed dictum. Proin eget odio. Aliquam vulputate ullamcorper magna. Sed eu eros. Nam consequat dolor', 10),
(21, 'lacus. Etiam', 11, 'ornare. In faucibus. Morbi vehicula. Pellentesque tincidunt tempus risus. Donec egestas.', 11),
(22, 'nisi magna', 34, 'hendrerit id, ante. Nunc mauris sapien, cursus in, hendrerit consectetuer, cursus et,', 11),
(23, 'penatibus et magnis', 22, 'scelerisque scelerisque dui. Suspendisse ac metus vitae velit egestas lacinia.', 12),
(24, 'mus. Proin', 80, 'fermentum convallis ligula. Donec luctus aliquet odio. Etiam ligula tortor, dictum eu, placerat eget, venenatis a, magna. Lorem ipsum dolor', 12),
(25, 'dapibus id,', 84, 'egestas nunc sed libero. Proin sed turpis nec mauris blandit mattis. Cras eget nisi dictum augue malesuada malesuada. Integer id', 13),
(26, 'sed pede', 13, 'nibh. Phasellus nulla. Integer vulputate, risus a ultricies adipiscing, enim mi tempor lorem, eget mollis lectus pede et', 13),
(27, 'nulla. Integer', 48, 'Pellentesque tincidunt tempus risus. Donec egestas. Duis ac', 14),
(28, 'felis', 16, 'augue id ante dictum cursus. Nunc mauris elit, dictum eu, eleifend', 14),
(29, 'Quisque ornare tortor', 85, 'Duis a mi fringilla mi lacinia mattis. Integer eu lacus. Quisque imperdiet,', 15),
(30, 'quis turpis', 37, 'vestibulum. Mauris magna. Duis dignissim tempor arcu. Vestibulum ut eros non enim commodo hendrerit. Donec porttitor tellus', 15),
(31, 'mauris sit amet', 21, 'Donec egestas. Aliquam nec enim. Nunc ut erat. Sed nunc est, mollis non, cursus non,', 16),
(32, 'eu nibh', 28, 'Etiam gravida molestie arcu. Sed eu nibh', 16),
(33, 'sit amet', 19, 'parturient montes, nascetur ridiculus mus. Aenean eget magna.', 17),
(34, 'sapien, cursus', 89, 'vitae dolor. Donec fringilla. Donec feugiat metus sit amet ante.', 17),
(35, 'faucibus ut, nulla.', 77, 'Curabitur sed tortor. Integer aliquam adipiscing lacus. Ut nec urna et arcu imperdiet ullamcorper. Duis at lacus.', 18),
(36, 'sociis natoque penatibus', 2, 'quis diam luctus lobortis. Class aptent taciti sociosqu ad litora torquent', 18),
(37, 'luctus, ipsum', 75, 'nisi. Aenean eget metus. In nec orci. Donec nibh. Quisque nonummy ipsum non arcu. Vivamus sit', 19),
(38, 'sit', 92, 'neque sed dictum eleifend, nunc risus varius orci, in', 19),
(39, 'nascetur ridiculus mus.', 27, 'pede, malesuada vel, venenatis vel, faucibus', 20),
(40, 'Aenean massa.', 97, 'diam luctus lobortis. Class aptent taciti sociosqu ad litora torquent per', 20);

-- --------------------------------------------------------

--
-- Structure de la table `last_names`
--

DROP TABLE IF EXISTS `last_names`;
CREATE TABLE IF NOT EXISTS `last_names` (
  `id` mediumint(9) NOT NULL AUTO_INCREMENT,
  `last_name` varchar(100) COLLATE utf8_esperanto_ci NOT NULL DEFAULT '',
  PRIMARY KEY (`id`)
) ENGINE=MyISAM AUTO_INCREMENT=1001 DEFAULT CHARSET=utf8 COLLATE=utf8_esperanto_ci;

--
-- Contenu de la table `last_names`
--

INSERT INTO `last_names` (`id`, `last_name`) VALUES
(1, 'Abbott'),
(2, 'Acevedo'),
(3, 'Acosta'),
(4, 'Adams'),
(5, 'Adkins'),
(6, 'Aguilar'),
(7, 'Aguirre'),
(8, 'Albert'),
(9, 'Alexander'),
(10, 'Alford'),
(11, 'Allen'),
(12, 'Allison'),
(13, 'Alston'),
(14, 'Alvarado'),
(15, 'Alvarez'),
(16, 'Anderson'),
(17, 'Andrews'),
(18, 'Anthony'),
(19, 'Armstrong'),
(20, 'Arnold'),
(21, 'Ashley'),
(22, 'Atkins'),
(23, 'Atkinson'),
(24, 'Austin'),
(25, 'Avery'),
(26, 'Avila'),
(27, 'Ayala'),
(28, 'Ayers'),
(29, 'Bailey'),
(30, 'Baird'),
(31, 'Baker'),
(32, 'Baldwin'),
(33, 'Ball'),
(34, 'Ballard'),
(35, 'Banks'),
(36, 'Barber'),
(37, 'Barker'),
(38, 'Barlow'),
(39, 'Barnes'),
(40, 'Barnett'),
(41, 'Barr'),
(42, 'Barrera'),
(43, 'Barrett'),
(44, 'Barron'),
(45, 'Barry'),
(46, 'Bartlett'),
(47, 'Barton'),
(48, 'Bass'),
(49, 'Bates'),
(50, 'Battle'),
(51, 'Bauer'),
(52, 'Baxter'),
(53, 'Beach'),
(54, 'Bean'),
(55, 'Beard'),
(56, 'Beasley'),
(57, 'Beck'),
(58, 'Becker'),
(59, 'Bell'),
(60, 'Bender'),
(61, 'Benjamin'),
(62, 'Bennett'),
(63, 'Benson'),
(64, 'Bentley'),
(65, 'Benton'),
(66, 'Berg'),
(67, 'Berger'),
(68, 'Bernard'),
(69, 'Berry'),
(70, 'Best'),
(71, 'Bird'),
(72, 'Bishop'),
(73, 'Black'),
(74, 'Blackburn'),
(75, 'Blackwell'),
(76, 'Blair'),
(77, 'Blake'),
(78, 'Blanchard'),
(79, 'Blankenship'),
(80, 'Blevins'),
(81, 'Bolton'),
(82, 'Bond'),
(83, 'Bonner'),
(84, 'Booker'),
(85, 'Boone'),
(86, 'Booth'),
(87, 'Bowen'),
(88, 'Bowers'),
(89, 'Bowman'),
(90, 'Boyd'),
(91, 'Boyer'),
(92, 'Boyle'),
(93, 'Bradford'),
(94, 'Bradley'),
(95, 'Bradshaw'),
(96, 'Brady'),
(97, 'Branch'),
(98, 'Bray'),
(99, 'Brennan'),
(100, 'Brewer'),
(101, 'Bridges'),
(102, 'Briggs'),
(103, 'Bright'),
(104, 'Britt'),
(105, 'Brock'),
(106, 'Brooks'),
(107, 'Brown'),
(108, 'Browning'),
(109, 'Bruce'),
(110, 'Bryan'),
(111, 'Bryant'),
(112, 'Buchanan'),
(113, 'Buck'),
(114, 'Buckley'),
(115, 'Buckner'),
(116, 'Bullock'),
(117, 'Burch'),
(118, 'Burgess'),
(119, 'Burke'),
(120, 'Burks'),
(121, 'Burnett'),
(122, 'Burns'),
(123, 'Burris'),
(124, 'Burt'),
(125, 'Burton'),
(126, 'Bush'),
(127, 'Butler'),
(128, 'Byers'),
(129, 'Byrd'),
(130, 'Cabrera'),
(131, 'Cain'),
(132, 'Calderon'),
(133, 'Caldwell'),
(134, 'Calhoun'),
(135, 'Callahan'),
(136, 'Camacho'),
(137, 'Cameron'),
(138, 'Campbell'),
(139, 'Campos'),
(140, 'Cannon'),
(141, 'Cantrell'),
(142, 'Cantu'),
(143, 'Cardenas'),
(144, 'Carey'),
(145, 'Carlson'),
(146, 'Carney'),
(147, 'Carpenter'),
(148, 'Carr'),
(149, 'Carrillo'),
(150, 'Carroll'),
(151, 'Carson'),
(152, 'Carter'),
(153, 'Carver'),
(154, 'Case'),
(155, 'Casey'),
(156, 'Cash'),
(157, 'Castaneda'),
(158, 'Castillo'),
(159, 'Castro'),
(160, 'Cervantes'),
(161, 'Chambers'),
(162, 'Chan'),
(163, 'Chandler'),
(164, 'Chaney'),
(165, 'Chang'),
(166, 'Chapman'),
(167, 'Charles'),
(168, 'Chase'),
(169, 'Chavez'),
(170, 'Chen'),
(171, 'Cherry'),
(172, 'Christensen'),
(173, 'Christian'),
(174, 'Church'),
(175, 'Clark'),
(176, 'Clarke'),
(177, 'Clay'),
(178, 'Clayton'),
(179, 'Clements'),
(180, 'Clemons'),
(181, 'Cleveland'),
(182, 'Cline'),
(183, 'Cobb'),
(184, 'Cochran'),
(185, 'Coffey'),
(186, 'Cohen'),
(187, 'Cole'),
(188, 'Coleman'),
(189, 'Collier'),
(190, 'Collins'),
(191, 'Colon'),
(192, 'Combs'),
(193, 'Compton'),
(194, 'Conley'),
(195, 'Conner'),
(196, 'Conrad'),
(197, 'Contreras'),
(198, 'Conway'),
(199, 'Cook'),
(200, 'Cooke'),
(201, 'Cooley'),
(202, 'Cooper'),
(203, 'Copeland'),
(204, 'Cortez'),
(205, 'Cote'),
(206, 'Cotton'),
(207, 'Cox'),
(208, 'Craft'),
(209, 'Craig'),
(210, 'Crane'),
(211, 'Crawford'),
(212, 'Crosby'),
(213, 'Cross'),
(214, 'Cruz'),
(215, 'Cummings'),
(216, 'Cunningham'),
(217, 'Curry'),
(218, 'Curtis'),
(219, 'Dale'),
(220, 'Dalton'),
(221, 'Daniel'),
(222, 'Daniels'),
(223, 'Daugherty'),
(224, 'Davenport'),
(225, 'David'),
(226, 'Davidson'),
(227, 'Davis'),
(228, 'Dawson'),
(229, 'Day'),
(230, 'Dean'),
(231, 'Decker'),
(232, 'Dejesus'),
(233, 'Delacruz'),
(234, 'Delaney'),
(235, 'Deleon'),
(236, 'Delgado'),
(237, 'Dennis'),
(238, 'Diaz'),
(239, 'Dickerson'),
(240, 'Dickson'),
(241, 'Dillard'),
(242, 'Dillon'),
(243, 'Dixon'),
(244, 'Dodson'),
(245, 'Dominguez'),
(246, 'Donaldson'),
(247, 'Donovan'),
(248, 'Dorsey'),
(249, 'Dotson'),
(250, 'Douglas'),
(251, 'Downs'),
(252, 'Doyle'),
(253, 'Drake'),
(254, 'Dudley'),
(255, 'Duffy'),
(256, 'Duke'),
(257, 'Duncan'),
(258, 'Dunlap'),
(259, 'Dunn'),
(260, 'Duran'),
(261, 'Durham'),
(262, 'Dyer'),
(263, 'Eaton'),
(264, 'Edwards'),
(265, 'Elliott'),
(266, 'Ellis'),
(267, 'Ellison'),
(268, 'Emerson'),
(269, 'England'),
(270, 'English'),
(271, 'Erickson'),
(272, 'Espinoza'),
(273, 'Estes'),
(274, 'Estrada'),
(275, 'Evans'),
(276, 'Everett'),
(277, 'Ewing'),
(278, 'Farley'),
(279, 'Farmer'),
(280, 'Farrell'),
(281, 'Faulkner'),
(282, 'Ferguson'),
(283, 'Fernandez'),
(284, 'Ferrell'),
(285, 'Fields'),
(286, 'Figueroa'),
(287, 'Finch'),
(288, 'Finley'),
(289, 'Fischer'),
(290, 'Fisher'),
(291, 'Fitzgerald'),
(292, 'Fitzpatrick'),
(293, 'Fleming'),
(294, 'Fletcher'),
(295, 'Flores'),
(296, 'Flowers'),
(297, 'Floyd'),
(298, 'Flynn'),
(299, 'Foley'),
(300, 'Forbes'),
(301, 'Ford'),
(302, 'Foreman'),
(303, 'Foster'),
(304, 'Fowler'),
(305, 'Fox'),
(306, 'Francis'),
(307, 'Franco'),
(308, 'Frank'),
(309, 'Franklin'),
(310, 'Franks'),
(311, 'Frazier'),
(312, 'Frederick'),
(313, 'Freeman'),
(314, 'French'),
(315, 'Frost'),
(316, 'Fry'),
(317, 'Frye'),
(318, 'Fuentes'),
(319, 'Fuller'),
(320, 'Fulton'),
(321, 'Gaines'),
(322, 'Gallagher'),
(323, 'Gallegos'),
(324, 'Galloway'),
(325, 'Gamble'),
(326, 'Garcia'),
(327, 'Gardner'),
(328, 'Garner'),
(329, 'Garrett'),
(330, 'Garrison'),
(331, 'Garza'),
(332, 'Gates'),
(333, 'Gay'),
(334, 'Gentry'),
(335, 'George'),
(336, 'Gibbs'),
(337, 'Gibson'),
(338, 'Gilbert'),
(339, 'Giles'),
(340, 'Gill'),
(341, 'Gillespie'),
(342, 'Gilliam'),
(343, 'Gilmore'),
(344, 'Glass'),
(345, 'Glenn'),
(346, 'Glover'),
(347, 'Goff'),
(348, 'Golden'),
(349, 'Gomez'),
(350, 'Gonzales'),
(351, 'Gonzalez'),
(352, 'Good'),
(353, 'Goodman'),
(354, 'Goodwin'),
(355, 'Gordon'),
(356, 'Gould'),
(357, 'Graham'),
(358, 'Grant'),
(359, 'Graves'),
(360, 'Gray'),
(361, 'Green'),
(362, 'Greene'),
(363, 'Greer'),
(364, 'Gregory'),
(365, 'Griffin'),
(366, 'Griffith'),
(367, 'Grimes'),
(368, 'Gross'),
(369, 'Guerra'),
(370, 'Guerrero'),
(371, 'Guthrie'),
(372, 'Gutierrez'),
(373, 'Guy'),
(374, 'Guzman'),
(375, 'Hahn'),
(376, 'Hale'),
(377, 'Haley'),
(378, 'Hall'),
(379, 'Hamilton'),
(380, 'Hammond'),
(381, 'Hampton'),
(382, 'Hancock'),
(383, 'Haney'),
(384, 'Hansen'),
(385, 'Hanson'),
(386, 'Hardin'),
(387, 'Harding'),
(388, 'Hardy'),
(389, 'Harmon'),
(390, 'Harper'),
(391, 'Harrell'),
(392, 'Harrington'),
(393, 'Harris'),
(394, 'Harrison'),
(395, 'Hart'),
(396, 'Hartman'),
(397, 'Harvey'),
(398, 'Hatfield'),
(399, 'Hawkins'),
(400, 'Hayden'),
(401, 'Hayes'),
(402, 'Haynes'),
(403, 'Hays'),
(404, 'Head'),
(405, 'Heath'),
(406, 'Hebert'),
(407, 'Henderson'),
(408, 'Hendricks'),
(409, 'Hendrix'),
(410, 'Henry'),
(411, 'Hensley'),
(412, 'Henson'),
(413, 'Herman'),
(414, 'Hernandez'),
(415, 'Herrera'),
(416, 'Herring'),
(417, 'Hess'),
(418, 'Hester'),
(419, 'Hewitt'),
(420, 'Hickman'),
(421, 'Hicks'),
(422, 'Higgins'),
(423, 'Hill'),
(424, 'Hines'),
(425, 'Hinton'),
(426, 'Hobbs'),
(427, 'Hodge'),
(428, 'Hodges'),
(429, 'Hoffman'),
(430, 'Hogan'),
(431, 'Holcomb'),
(432, 'Holden'),
(433, 'Holder'),
(434, 'Holland'),
(435, 'Holloway'),
(436, 'Holman'),
(437, 'Holmes'),
(438, 'Holt'),
(439, 'Hood'),
(440, 'Hooper'),
(441, 'Hoover'),
(442, 'Hopkins'),
(443, 'Hopper'),
(444, 'Horn'),
(445, 'Horne'),
(446, 'Horton'),
(447, 'House'),
(448, 'Houston'),
(449, 'Howard'),
(450, 'Howe'),
(451, 'Howell'),
(452, 'Hubbard'),
(453, 'Huber'),
(454, 'Hudson'),
(455, 'Huff'),
(456, 'Huffman'),
(457, 'Hughes'),
(458, 'Hull'),
(459, 'Humphrey'),
(460, 'Hunt'),
(461, 'Hunter'),
(462, 'Hurley'),
(463, 'Hurst'),
(464, 'Hutchinson'),
(465, 'Hyde'),
(466, 'Ingram'),
(467, 'Irwin'),
(468, 'Jackson'),
(469, 'Jacobs'),
(470, 'Jacobson'),
(471, 'James'),
(472, 'Jarvis'),
(473, 'Jefferson'),
(474, 'Jenkins'),
(475, 'Jennings'),
(476, 'Jensen'),
(477, 'Jimenez'),
(478, 'Johns'),
(479, 'Johnson'),
(480, 'Johnston'),
(481, 'Jones'),
(482, 'Jordan'),
(483, 'Joseph'),
(484, 'Joyce'),
(485, 'Joyner'),
(486, 'Juarez'),
(487, 'Justice'),
(488, 'Kane'),
(489, 'Kaufman'),
(490, 'Keith'),
(491, 'Keller'),
(492, 'Kelley'),
(493, 'Kelly'),
(494, 'Kemp'),
(495, 'Kennedy'),
(496, 'Kent'),
(497, 'Kerr'),
(498, 'Key'),
(499, 'Kidd'),
(500, 'Kim'),
(501, 'King'),
(502, 'Kinney'),
(503, 'Kirby'),
(504, 'Kirk'),
(505, 'Kirkland'),
(506, 'Klein'),
(507, 'Kline'),
(508, 'Knapp'),
(509, 'Knight'),
(510, 'Knowles'),
(511, 'Knox'),
(512, 'Koch'),
(513, 'Kramer'),
(514, 'Lamb'),
(515, 'Lambert'),
(516, 'Lancaster'),
(517, 'Landry'),
(518, 'Lane'),
(519, 'Lang'),
(520, 'Langley'),
(521, 'Lara'),
(522, 'Larsen'),
(523, 'Larson'),
(524, 'Lawrence'),
(525, 'Lawson'),
(526, 'Le'),
(527, 'Leach'),
(528, 'Leblanc'),
(529, 'Lee'),
(530, 'Leon'),
(531, 'Leonard'),
(532, 'Lester'),
(533, 'Levine'),
(534, 'Levy'),
(535, 'Lewis'),
(536, 'Lindsay'),
(537, 'Lindsey'),
(538, 'Little'),
(539, 'Livingston'),
(540, 'Lloyd'),
(541, 'Logan'),
(542, 'Long'),
(543, 'Lopez'),
(544, 'Lott'),
(545, 'Love'),
(546, 'Lowe'),
(547, 'Lowery'),
(548, 'Lucas'),
(549, 'Luna'),
(550, 'Lynch'),
(551, 'Lynn'),
(552, 'Lyons'),
(553, 'Macdonald'),
(554, 'Macias'),
(555, 'Mack'),
(556, 'Madden'),
(557, 'Maddox'),
(558, 'Maldonado'),
(559, 'Malone'),
(560, 'Mann'),
(561, 'Manning'),
(562, 'Marks'),
(563, 'Marquez'),
(564, 'Marsh'),
(565, 'Marshall'),
(566, 'Martin'),
(567, 'Martinez'),
(568, 'Mason'),
(569, 'Massey'),
(570, 'Mathews'),
(571, 'Mathis'),
(572, 'Matthews'),
(573, 'Maxwell'),
(574, 'May'),
(575, 'Mayer'),
(576, 'Maynard'),
(577, 'Mayo'),
(578, 'Mays'),
(579, 'Mcbride'),
(580, 'Mccall'),
(581, 'Mccarthy'),
(582, 'Mccarty'),
(583, 'Mcclain'),
(584, 'Mcclure'),
(585, 'Mcconnell'),
(586, 'Mccormick'),
(587, 'Mccoy'),
(588, 'Mccray'),
(589, 'Mccullough'),
(590, 'Mcdaniel'),
(591, 'Mcdonald'),
(592, 'Mcdowell'),
(593, 'Mcfadden'),
(594, 'Mcfarland'),
(595, 'Mcgee'),
(596, 'Mcgowan'),
(597, 'Mcguire'),
(598, 'Mcintosh'),
(599, 'Mcintyre'),
(600, 'Mckay'),
(601, 'Mckee'),
(602, 'Mckenzie'),
(603, 'Mckinney'),
(604, 'Mcknight'),
(605, 'Mclaughlin'),
(606, 'Mclean'),
(607, 'Mcleod'),
(608, 'Mcmahon'),
(609, 'Mcmillan'),
(610, 'Mcneil'),
(611, 'Mcpherson'),
(612, 'Meadows'),
(613, 'Medina'),
(614, 'Mejia'),
(615, 'Melendez'),
(616, 'Melton'),
(617, 'Mendez'),
(618, 'Mendoza'),
(619, 'Mercado'),
(620, 'Mercer'),
(621, 'Merrill'),
(622, 'Merritt'),
(623, 'Meyer'),
(624, 'Meyers'),
(625, 'Michael'),
(626, 'Middleton'),
(627, 'Miles'),
(628, 'Miller'),
(629, 'Mills'),
(630, 'Miranda'),
(631, 'Mitchell'),
(632, 'Molina'),
(633, 'Monroe'),
(634, 'Montgomery'),
(635, 'Montoya'),
(636, 'Moody'),
(637, 'Moon'),
(638, 'Mooney'),
(639, 'Moore'),
(640, 'Morales'),
(641, 'Moran'),
(642, 'Moreno'),
(643, 'Morgan'),
(644, 'Morin'),
(645, 'Morris'),
(646, 'Morrison'),
(647, 'Morrow'),
(648, 'Morse'),
(649, 'Morton'),
(650, 'Moses'),
(651, 'Mosley'),
(652, 'Moss'),
(653, 'Mueller'),
(654, 'Mullen'),
(655, 'Mullins'),
(656, 'Munoz'),
(657, 'Murphy'),
(658, 'Murray'),
(659, 'Myers'),
(660, 'Nash'),
(661, 'Navarro'),
(662, 'Neal'),
(663, 'Nelson'),
(664, 'Newman'),
(665, 'Newton'),
(666, 'Nguyen'),
(667, 'Nichols'),
(668, 'Nicholson'),
(669, 'Nielsen'),
(670, 'Nieves'),
(671, 'Nixon'),
(672, 'Noble'),
(673, 'Noel'),
(674, 'Nolan'),
(675, 'Norman'),
(676, 'Norris'),
(677, 'Norton'),
(678, 'Nunez'),
(679, 'Obrien'),
(680, 'Ochoa'),
(681, 'Oconnor'),
(682, 'Odom'),
(683, 'Odonnell'),
(684, 'Oliver'),
(685, 'Olsen'),
(686, 'Olson'),
(687, 'Oneal'),
(688, 'Oneil'),
(689, 'Oneill'),
(690, 'Orr'),
(691, 'Ortega'),
(692, 'Ortiz'),
(693, 'Osborn'),
(694, 'Osborne'),
(695, 'Owen'),
(696, 'Owens'),
(697, 'Pace'),
(698, 'Pacheco'),
(699, 'Padilla'),
(700, 'Page'),
(701, 'Palmer'),
(702, 'Park'),
(703, 'Parker'),
(704, 'Parks'),
(705, 'Parrish'),
(706, 'Parsons'),
(707, 'Pate'),
(708, 'Patel'),
(709, 'Patrick'),
(710, 'Patterson'),
(711, 'Patton'),
(712, 'Paul'),
(713, 'Payne'),
(714, 'Pearson'),
(715, 'Peck'),
(716, 'Pena'),
(717, 'Pennington'),
(718, 'Perez'),
(719, 'Perkins'),
(720, 'Perry'),
(721, 'Peters'),
(722, 'Petersen'),
(723, 'Peterson'),
(724, 'Petty'),
(725, 'Phelps'),
(726, 'Phillips'),
(727, 'Pickett'),
(728, 'Pierce'),
(729, 'Pittman'),
(730, 'Pitts'),
(731, 'Pollard'),
(732, 'Poole'),
(733, 'Pope'),
(734, 'Porter'),
(735, 'Potter'),
(736, 'Potts'),
(737, 'Powell'),
(738, 'Powers'),
(739, 'Pratt'),
(740, 'Preston'),
(741, 'Price'),
(742, 'Prince'),
(743, 'Pruitt'),
(744, 'Puckett'),
(745, 'Pugh'),
(746, 'Quinn'),
(747, 'Ramirez'),
(748, 'Ramos'),
(749, 'Ramsey'),
(750, 'Randall'),
(751, 'Randolph'),
(752, 'Rasmussen'),
(753, 'Ratliff'),
(754, 'Ray'),
(755, 'Raymond'),
(756, 'Reed'),
(757, 'Reese'),
(758, 'Reeves'),
(759, 'Reid'),
(760, 'Reilly'),
(761, 'Reyes'),
(762, 'Reynolds'),
(763, 'Rhodes'),
(764, 'Rice'),
(765, 'Rich'),
(766, 'Richard'),
(767, 'Richards'),
(768, 'Richardson'),
(769, 'Richmond'),
(770, 'Riddle'),
(771, 'Riggs'),
(772, 'Riley'),
(773, 'Rios'),
(774, 'Rivas'),
(775, 'Rivera'),
(776, 'Rivers'),
(777, 'Roach'),
(778, 'Robbins'),
(779, 'Roberson'),
(780, 'Roberts'),
(781, 'Robertson'),
(782, 'Robinson'),
(783, 'Robles'),
(784, 'Rocha'),
(785, 'Rodgers'),
(786, 'Rodriguez'),
(787, 'Rodriquez'),
(788, 'Rogers'),
(789, 'Rojas'),
(790, 'Rollins'),
(791, 'Roman'),
(792, 'Romero'),
(793, 'Rosa'),
(794, 'Rosales'),
(795, 'Rosario'),
(796, 'Rose'),
(797, 'Ross'),
(798, 'Roth'),
(799, 'Rowe'),
(800, 'Rowland'),
(801, 'Roy'),
(802, 'Ruiz'),
(803, 'Rush'),
(804, 'Russell'),
(805, 'Russo'),
(806, 'Rutledge'),
(807, 'Ryan'),
(808, 'Salas'),
(809, 'Salazar'),
(810, 'Salinas'),
(811, 'Sampson'),
(812, 'Sanchez'),
(813, 'Sanders'),
(814, 'Sandoval'),
(815, 'Sanford'),
(816, 'Santana'),
(817, 'Santiago'),
(818, 'Santos'),
(819, 'Sargent'),
(820, 'Saunders'),
(821, 'Savage'),
(822, 'Sawyer'),
(823, 'Schmidt'),
(824, 'Schneider'),
(825, 'Schroeder'),
(826, 'Schultz'),
(827, 'Schwartz'),
(828, 'Scott'),
(829, 'Sears'),
(830, 'Sellers'),
(831, 'Serrano'),
(832, 'Sexton'),
(833, 'Shaffer'),
(834, 'Shannon'),
(835, 'Sharp'),
(836, 'Sharpe'),
(837, 'Shaw'),
(838, 'Shelton'),
(839, 'Shepard'),
(840, 'Shepherd'),
(841, 'Sheppard'),
(842, 'Sherman'),
(843, 'Shields'),
(844, 'Short'),
(845, 'Silva'),
(846, 'Simmons'),
(847, 'Simon'),
(848, 'Simpson'),
(849, 'Sims'),
(850, 'Singleton'),
(851, 'Skinner'),
(852, 'Slater'),
(853, 'Sloan'),
(854, 'Small'),
(855, 'Smith'),
(856, 'Snider'),
(857, 'Snow'),
(858, 'Snyder'),
(859, 'Solis'),
(860, 'Solomon'),
(861, 'Sosa'),
(862, 'Soto'),
(863, 'Sparks'),
(864, 'Spears'),
(865, 'Spence'),
(866, 'Spencer'),
(867, 'Stafford'),
(868, 'Stanley'),
(869, 'Stanton'),
(870, 'Stark'),
(871, 'Steele'),
(872, 'Stein'),
(873, 'Stephens'),
(874, 'Stephenson'),
(875, 'Stevens'),
(876, 'Stevenson'),
(877, 'Stewart'),
(878, 'Stokes'),
(879, 'Stone'),
(880, 'Stout'),
(881, 'Strickland'),
(882, 'Strong'),
(883, 'Stuart'),
(884, 'Suarez'),
(885, 'Sullivan'),
(886, 'Summers'),
(887, 'Sutton'),
(888, 'Swanson'),
(889, 'Sweeney'),
(890, 'Sweet'),
(891, 'Sykes'),
(892, 'Talley'),
(893, 'Tanner'),
(894, 'Tate'),
(895, 'Taylor'),
(896, 'Terrell'),
(897, 'Terry'),
(898, 'Thomas'),
(899, 'Thompson'),
(900, 'Thornton'),
(901, 'Tillman'),
(902, 'Todd'),
(903, 'Torres'),
(904, 'Townsend'),
(905, 'Tran'),
(906, 'Travis'),
(907, 'Trevino'),
(908, 'Trujillo'),
(909, 'Tucker'),
(910, 'Turner'),
(911, 'Tyler'),
(912, 'Tyson'),
(913, 'Underwood'),
(914, 'Valdez'),
(915, 'Valencia'),
(916, 'Valentine'),
(917, 'Valenzuela'),
(918, 'Vance'),
(919, 'Vang'),
(920, 'Vargas'),
(921, 'Vasquez'),
(922, 'Vaughan'),
(923, 'Vaughn'),
(924, 'Vazquez'),
(925, 'Vega'),
(926, 'Velasquez'),
(927, 'Velazquez'),
(928, 'Velez'),
(929, 'Villarreal'),
(930, 'Vincent'),
(931, 'Vinson'),
(932, 'Wade'),
(933, 'Wagner'),
(934, 'Walker'),
(935, 'Wall'),
(936, 'Wallace'),
(937, 'Waller'),
(938, 'Walls'),
(939, 'Walsh'),
(940, 'Walter'),
(941, 'Walters'),
(942, 'Walton'),
(943, 'Ward'),
(944, 'Ware'),
(945, 'Warner'),
(946, 'Warren'),
(947, 'Washington'),
(948, 'Waters'),
(949, 'Watkins'),
(950, 'Watson'),
(951, 'Watts'),
(952, 'Weaver'),
(953, 'Webb'),
(954, 'Weber'),
(955, 'Webster'),
(956, 'Weeks'),
(957, 'Weiss'),
(958, 'Welch'),
(959, 'Wells'),
(960, 'West'),
(961, 'Wheeler'),
(962, 'Whitaker'),
(963, 'White'),
(964, 'Whitehead'),
(965, 'Whitfield'),
(966, 'Whitley'),
(967, 'Whitney'),
(968, 'Wiggins'),
(969, 'Wilcox'),
(970, 'Wilder'),
(971, 'Wiley'),
(972, 'Wilkerson'),
(973, 'Wilkins'),
(974, 'Wilkinson'),
(975, 'William'),
(976, 'Williams'),
(977, 'Williamson'),
(978, 'Willis'),
(979, 'Wilson'),
(980, 'Winters'),
(981, 'Wise'),
(982, 'Witt'),
(983, 'Wolf'),
(984, 'Wolfe'),
(985, 'Wong'),
(986, 'Wood'),
(987, 'Woodard'),
(988, 'Woods'),
(989, 'Woodward'),
(990, 'Wooten'),
(991, 'Workman'),
(992, 'Wright'),
(993, 'Wyatt'),
(994, 'Wynn'),
(995, 'Yang'),
(996, 'Yates'),
(997, 'York'),
(998, 'Young'),
(999, 'Zamora'),
(1000, 'Zimmerman');

-- --------------------------------------------------------

--
-- Structure de la table `paymentmethod`
--

DROP TABLE IF EXISTS `paymentmethod`;
CREATE TABLE IF NOT EXISTS `paymentmethod` (
  `id` int(11) NOT NULL AUTO_INCREMENT,
  `name` varchar(10) COLLATE utf8_esperanto_ci NOT NULL,
  PRIMARY KEY (`id`)
) ENGINE=InnoDB AUTO_INCREMENT=4 DEFAULT CHARSET=utf8 COLLATE=utf8_esperanto_ci;

--
-- Contenu de la table `paymentmethod`
--

INSERT INTO `paymentmethod` (`id`, `name`) VALUES
(1, 'CB'),
(2, 'Paypal'),
(3, 'Bitcoin');

-- --------------------------------------------------------

--
-- Structure de la table `picture`
--

DROP TABLE IF EXISTS `picture`;
CREATE TABLE IF NOT EXISTS `picture` (
  `id` int(11) NOT NULL AUTO_INCREMENT,
  `url` varchar(255) COLLATE utf8_esperanto_ci NOT NULL,
  `project_id` int(11) NOT NULL,
  PRIMARY KEY (`id`),
  KEY `picture_project_idx` (`project_id`)
) ENGINE=InnoDB AUTO_INCREMENT=36 DEFAULT CHARSET=utf8 COLLATE=utf8_esperanto_ci;

--
-- Contenu de la table `picture`
--

INSERT INTO `picture` (`id`, `url`, `project_id`) VALUES
(1, 'img/placeholder_main.jpg', 15),
(2, 'img/placeholder_main.jpg', 7),
(3, 'img/placeholder_main.jpg', 5),
(4, 'img/placeholder_main.jpg', 20),
(5, 'img/placeholder_main.jpg', 17),
(6, 'img/placeholder_main.jpg', 16),
(7, 'img/placeholder_main.jpg', 4),
(8, 'img/placeholder_main.jpg', 16),
(9, 'img/placeholder_main.jpg', 4),
(10, 'img/placeholder_main.jpg', 20),
(11, 'img/placeholder_main.jpg', 6),
(12, 'img/placeholder_main.jpg', 19),
(13, 'img/placeholder_main.jpg', 14),
(14, 'img/placeholder_main.jpg', 17),
(15, 'img/placeholder_main.jpg', 7),
(16, 'img/placeholder_main.jpg', 3),
(17, 'img/placeholder_main.jpg', 18),
(18, 'img/placeholder_main.jpg', 20),
(19, 'img/placeholder_main.jpg', 14),
(20, 'img/placeholder_main.jpg', 14),
(21, 'img/placeholder_main.jpg', 11),
(22, 'img/placeholder_main.jpg', 5),
(23, 'img/placeholder_main.jpg', 15),
(24, 'img/placeholder_main.jpg', 9),
(25, 'img/placeholder_main.jpg', 15),
(26, 'img/placeholder_main.jpg', 17),
(27, 'img/placeholder_main.jpg', 1),
(28, 'img/placeholder_main.jpg', 4),
(29, 'img/placeholder_main.jpg', 2),
(30, 'img/placeholder_main.jpg', 14),
(31, 'img/placeholder_main.jpg', 11),
(32, 'img/placeholder_main.jpg', 14),
(33, 'img/placeholder_main.jpg', 12),
(34, 'img/placeholder_main.jpg', 5),
(35, 'img/placeholder_main.jpg', 2);

-- --------------------------------------------------------

--
-- Structure de la table `project`
--

DROP TABLE IF EXISTS `project`;
CREATE TABLE IF NOT EXISTS `project` (
  `id` int(11) NOT NULL AUTO_INCREMENT,
  `user_id` int(11) NOT NULL,
  `title` varchar(80) COLLATE utf8_esperanto_ci NOT NULL,
  `subtitle` varchar(90) COLLATE utf8_esperanto_ci NOT NULL,
  `description` varchar(10000) COLLATE utf8_esperanto_ci NOT NULL,
  `mainpicture` varchar(255) COLLATE utf8_esperanto_ci NOT NULL,
  `creationdate` date NOT NULL,
  `deadline` date NOT NULL,
  `goal` int(11) NOT NULL,
  `promotionend` date DEFAULT NULL,
  `transactionsum` int(11) DEFAULT '0',
  PRIMARY KEY (`id`),
  UNIQUE KEY `title_UNIQUE` (`title`),
  KEY `project_user_idx` (`user_id`)
) ENGINE=InnoDB AUTO_INCREMENT=21 DEFAULT CHARSET=utf8 COLLATE=utf8_esperanto_ci;

--
-- Contenu de la table `project`
--

INSERT INTO `project` (`id`, `user_id`, `title`, `subtitle`, `description`, `mainpicture`, `creationdate`, `deadline`, `goal`, `promotionend`, `transactionsum`) VALUES
(1, 20, 'risus. Quisque libero', 'Lorem ipsum dolor sit amet, consectuere famus doloris.', 'Lorem ipsum dolor sit amet, consectetuer adipiscing elit. Curabitur sed tortor. Integer aliquam adipiscing lacus. Ut nec urna et arcu imperdiet ullamcorper. Duis at lacus. Quisque purus sapien, gravida non, sollicitudin a, malesuada id, erat. Etiam vestibulum massa rutrum magna. Cras convallis convallis dolor. Quisque tincidunt pede ac urna. Ut tincidunt vehicula risus. Nulla eget metus eu erat semper rutrum. Fusce', 'img/placeholder_main.jpg', '2017-03-24', '2017-05-30', 27558, NULL, 62),
(2, 20, 'turpis non', 'Lorem ipsum dolor sit amet, consectuere famus doloris.', 'Lorem ipsum dolor sit amet, consectetuer adipiscing elit. Curabitur sed tortor. Integer aliquam adipiscing lacus. Ut nec urna et arcu imperdiet ullamcorper. Duis at lacus.', 'img/placeholder_main.jpg', '2017-03-15', '2017-06-05', 44727, NULL, 1300),
(3, 16, 'mattis semper, dui lectus', 'Lorem ipsum dolor sit amet, consectuere famus doloris.', 'Lorem ipsum dolor sit amet, consectetuer adipiscing elit. Curabitur sed tortor. Integer aliquam adipiscing lacus. Ut nec urna et arcu imperdiet ullamcorper. Duis at lacus. Quisque purus sapien, gravida non, sollicitudin a, malesuada id, erat. Etiam vestibulum massa rutrum magna. Cras convallis convallis dolor. Quisque tincidunt pede ac urna. Ut tincidunt', 'img/placeholder_main.jpg', '2017-03-26', '2017-05-31', 44021, NULL, 11),
(4, 16, 'mi. Duis risus odio,', 'Lorem ipsum dolor sit amet, consectuere famus doloris.', 'Lorem ipsum dolor sit amet, consectetuer adipiscing elit. Curabitur sed tortor. Integer aliquam adipiscing lacus. Ut nec urna et arcu imperdiet ullamcorper. Duis at lacus. Quisque purus sapien, gravida non, sollicitudin a, malesuada id,', 'img/placeholder_main.jpg', '2017-03-17', '2017-05-16', 21764, NULL, 0),
(5, 14, 'cursus', 'Lorem ipsum dolor sit amet, consectuere famus doloris.', 'Lorem ipsum dolor sit amet, consectetuer adipiscing elit. Curabitur sed tortor. Integer aliquam adipiscing lacus. Ut nec urna et arcu imperdiet ullamcorper. Duis at', 'img/placeholder_main.jpg', '2017-03-31', '2017-06-03', 49239, NULL, 38),
(6, 11, 'Nunc', 'Lorem ipsum dolor sit amet, consectuere famus doloris.', 'Lorem ipsum dolor sit amet, consectetuer adipiscing elit. Curabitur sed tortor. Integer aliquam adipiscing lacus. Ut nec urna et arcu imperdiet ullamcorper. Duis at lacus. Quisque purus sapien, gravida non, sollicitudin a, malesuada id, erat. Etiam vestibulum massa rutrum magna. Cras convallis convallis dolor. Quisque tincidunt pede ac urna. Ut tincidunt vehicula risus. Nulla eget metus eu erat semper rutrum. Fusce dolor quam, elementum at, egestas a, scelerisque sed, sapien. Nunc', 'img/placeholder_main.jpg', '2017-03-31', '2017-06-03', 19864, NULL, 96),
(7, 12, 'lorem tristique aliquet. Phasellus', 'Lorem ipsum dolor sit amet, consectuere famus doloris.', 'Lorem ipsum dolor sit amet, consectetuer adipiscing elit. Curabitur sed tortor. Integer aliquam adipiscing lacus. Ut nec urna et arcu imperdiet ullamcorper. Duis at lacus. Quisque purus sapien, gravida non, sollicitudin a, malesuada id, erat. Etiam vestibulum massa rutrum magna. Cras convallis convallis dolor. Quisque tincidunt pede ac urna. Ut tincidunt vehicula risus. Nulla eget metus eu erat semper rutrum. Fusce dolor quam, elementum at, egestas a, scelerisque sed, sapien. Nunc pulvinar arcu et pede. Nunc sed orci lobortis augue scelerisque mollis. Phasellus libero mauris, aliquam eu, accumsan sed, facilisis vitae, orci. Phasellus dapibus', 'img/placeholder_main.jpg', '2017-03-04', '2017-05-22', 11387, NULL, 0),
(8, 15, 'arcu vel quam', 'Lorem ipsum dolor sit amet, consectuere famus doloris.', 'Lorem ipsum dolor sit amet, consectetuer adipiscing elit. Curabitur sed tortor. Integer aliquam adipiscing lacus. Ut nec urna et arcu imperdiet ullamcorper. Duis at lacus. Quisque purus sapien, gravida non, sollicitudin a, malesuada id, erat. Etiam vestibulum massa rutrum magna. Cras convallis convallis dolor. Quisque tincidunt pede ac urna. Ut tincidunt vehicula risus. Nulla eget metus eu erat semper rutrum. Fusce dolor quam, elementum at, egestas a, scelerisque sed, sapien. Nunc pulvinar arcu et pede. Nunc sed orci lobortis augue scelerisque mollis. Phasellus libero mauris, aliquam eu, accumsan sed, facilisis vitae, orci. Phasellus dapibus', 'img/placeholder_main.jpg', '2017-04-30', '2017-06-05', 13685, NULL, 0),
(9, 15, 'nulla at sem', 'Lorem ipsum dolor sit amet, consectuere famus doloris.', 'Lorem ipsum dolor sit amet, consectetuer adipiscing elit. Curabitur sed tortor. Integer aliquam adipiscing lacus. Ut nec urna et arcu imperdiet ullamcorper. Duis at lacus.', 'img/placeholder_main.jpg', '2017-04-29', '2017-06-07', 21924, NULL, 88),
(10, 17, 'porttitor eros nec', 'Lorem ipsum dolor sit amet, consectuere famus doloris.', 'Lorem ipsum dolor sit amet, consectetuer adipiscing elit. Curabitur sed tortor. Integer aliquam adipiscing lacus. Ut nec urna et arcu imperdiet ullamcorper. Duis at lacus. Quisque purus sapien, gravida non, sollicitudin a, malesuada id, erat. Etiam vestibulum', 'img/placeholder_main.jpg', '2017-03-05', '2017-05-09', 10773, NULL, 76),
(11, 14, 'aliquam eros turpis', 'Lorem ipsum dolor sit amet, consectuere famus doloris.', 'Lorem ipsum dolor sit amet, consectetuer adipiscing elit. Curabitur sed', 'img/placeholder_main.jpg', '2017-03-01', '2017-05-12', 24384, NULL, 0),
(12, 12, 'nisl.', 'Lorem ipsum dolor sit amet, consectuere famus doloris.', 'Lorem ipsum dolor sit amet, consectetuer adipiscing elit. Curabitur sed tortor. Integer aliquam adipiscing lacus. Ut nec urna et arcu imperdiet ullamcorper. Duis at lacus. Quisque purus sapien, gravida non, sollicitudin a, malesuada id, erat. Etiam vestibulum massa rutrum magna. Cras convallis convallis dolor. Quisque tincidunt pede ac urna. Ut tincidunt vehicula risus. Nulla eget metus eu erat semper rutrum. Fusce dolor quam, elementum at, egestas a, scelerisque sed, sapien. Nunc pulvinar arcu et pede. Nunc sed orci lobortis augue scelerisque mollis. Phasellus libero mauris, aliquam eu, accumsan sed, facilisis vitae, orci. Phasellus dapibus quam quis', 'img/placeholder_main.jpg', '2017-04-03', '2017-05-08', 36685, NULL, 120),
(13, 16, 'convallis in, cursus et, eros.', 'Lorem ipsum dolor sit amet, consectuere famus doloris.', 'Lorem ipsum dolor sit amet, consectetuer adipiscing elit. Curabitur sed tortor. Integer aliquam adipiscing lacus. Ut nec urna et arcu imperdiet ullamcorper. Duis at lacus. Quisque purus sapien, gravida non, sollicitudin a, malesuada id, erat. Etiam vestibulum massa rutrum magna. Cras convallis convallis dolor. Quisque tincidunt', 'img/placeholder_main.jpg', '2017-03-12', '2017-05-03', 45162, NULL, 29),
(14, 17, 'justo.', 'Lorem ipsum dolor sit amet, consectuere famus doloris.', 'Lorem ipsum dolor sit amet, consectetuer adipiscing elit. Curabitur sed tortor. Integer aliquam adipiscing lacus. Ut nec urna et arcu imperdiet ullamcorper. Duis at lacus. Quisque purus sapien, gravida non, sollicitudin a, malesuada id, erat. Etiam vestibulum massa rutrum magna. Cras convallis convallis dolor. Quisque tincidunt pede ac urna. Ut tincidunt vehicula risus. Nulla eget metus eu erat semper rutrum. Fusce dolor quam, elementum at, egestas a, scelerisque sed, sapien. Nunc pulvinar arcu et pede. Nunc sed orci lobortis augue scelerisque mollis. Phasellus libero mauris, aliquam eu, accumsan sed, facilisis vitae, orci. Phasellus dapibus', 'img/placeholder_main.jpg', '2017-04-01', '2017-05-20', 39747, NULL, 0),
(15, 16, 'ante dictum cursus. Nunc', 'Lorem ipsum dolor sit amet, consectuere famus doloris.', 'Lorem ipsum dolor sit amet, consectetuer adipiscing elit. Curabitur sed tortor. Integer aliquam adipiscing lacus. Ut nec urna et arcu imperdiet ullamcorper. Duis at lacus. Quisque purus sapien, gravida non, sollicitudin a, malesuada id, erat. Etiam vestibulum massa rutrum magna. Cras convallis convallis dolor. Quisque tincidunt pede ac urna. Ut tincidunt vehicula risus. Nulla eget metus eu erat semper rutrum. Fusce dolor quam, elementum at, egestas a, scelerisque sed, sapien. Nunc pulvinar arcu et pede. Nunc sed orci lobortis augue scelerisque mollis. Phasellus libero', 'img/placeholder_main.jpg', '2017-03-23', '2017-05-08', 8279, NULL, 0),
(16, 16, 'dolor egestas rhoncus. Proin nisl', 'Lorem ipsum dolor sit amet, consectuere famus doloris.', 'Lorem ipsum dolor sit amet, consectetuer adipiscing elit. Curabitur sed tortor. Integer aliquam adipiscing lacus. Ut nec urna et arcu imperdiet ullamcorper. Duis at lacus. Quisque purus sapien, gravida non, sollicitudin a, malesuada id, erat. Etiam vestibulum massa rutrum magna. Cras convallis convallis dolor. Quisque tincidunt pede ac urna. Ut tincidunt vehicula risus. Nulla eget metus eu erat semper rutrum. Fusce dolor quam, elementum at, egestas a, scelerisque sed, sapien. Nunc pulvinar arcu et pede. Nunc sed orci lobortis augue scelerisque mollis. Phasellus libero mauris, aliquam eu, accumsan sed, facilisis vitae, orci. Phasellus dapibus quam quis diam. Pellentesque habitant morbi', 'img/placeholder_main.jpg', '2017-03-28', '2017-06-02', 47705, NULL, 82),
(17, 18, 'Donec fringilla.', 'Lorem ipsum dolor sit amet, consectuere famus doloris.', 'Lorem ipsum dolor sit amet, consectetuer adipiscing elit. Curabitur sed tortor. Integer aliquam adipiscing lacus. Ut nec urna et arcu imperdiet ullamcorper. Duis at lacus. Quisque purus sapien, gravida non, sollicitudin a, malesuada id, erat. Etiam vestibulum massa rutrum magna. Cras convallis convallis dolor. Quisque tincidunt pede ac urna. Ut tincidunt vehicula risus. Nulla eget metus eu erat semper rutrum. Fusce dolor quam, elementum at, egestas a, scelerisque sed, sapien. Nunc pulvinar arcu et pede. Nunc sed orci lobortis', 'img/placeholder_main.jpg', '2017-03-01', '2017-06-04', 6791, NULL, 0),
(18, 11, 'quis, pede.', 'Lorem ipsum dolor sit amet, consectuere famus doloris.', 'Lorem ipsum dolor sit amet, consectetuer adipiscing elit. Curabitur sed tortor. Integer aliquam adipiscing lacus. Ut nec urna et', 'img/placeholder_main.jpg', '2017-04-30', '2017-06-03', 7284, NULL, 0),
(19, 18, 'risus.', 'Lorem ipsum dolor sit amet, consectuere famus doloris.', 'Lorem ipsum dolor sit amet, consectetuer adipiscing elit. Curabitur sed tortor. Integer aliquam adipiscing lacus. Ut nec urna et arcu imperdiet ullamcorper. Duis at lacus. Quisque purus', 'img/placeholder_main.jpg', '2017-03-09', '2017-06-01', 16407, NULL, 0),
(20, 17, 'lectus. Cum sociis', 'Lorem ipsum dolor sit amet, consectuere famus doloris.', 'Lorem ipsum dolor sit amet, consectetuer adipiscing elit. Curabitur sed tortor. Integer aliquam adipiscing lacus. Ut nec urna et arcu imperdiet ullamcorper. Duis at lacus. Quisque purus sapien, gravida non, sollicitudin a, malesuada id, erat. Etiam', 'img/placeholder_main.jpg', '2017-03-16', '2017-05-31', 40749, NULL, 0);

-- --------------------------------------------------------

--
-- Structure de la table `projectcategory`
--

DROP TABLE IF EXISTS `projectcategory`;
CREATE TABLE IF NOT EXISTS `projectcategory` (
  `project_id` int(11) NOT NULL,
  `category_id` int(11) NOT NULL,
  PRIMARY KEY (`project_id`,`category_id`),
  KEY `projectcategory_category_idx` (`category_id`)
) ENGINE=InnoDB DEFAULT CHARSET=utf8 COLLATE=utf8_esperanto_ci;

--
-- Contenu de la table `projectcategory`
--

INSERT INTO `projectcategory` (`project_id`, `category_id`) VALUES
(6, 1),
(9, 1),
(16, 1),
(19, 1),
(8, 2),
(11, 2),
(13, 2),
(18, 2),
(4, 3),
(6, 3),
(2, 4),
(7, 4),
(10, 4),
(14, 4),
(16, 4),
(3, 5),
(4, 5),
(7, 5),
(15, 5),
(17, 5),
(20, 5),
(2, 7),
(5, 7),
(14, 7),
(12, 8),
(13, 8),
(18, 8),
(20, 8),
(1, 9),
(8, 9),
(10, 9),
(12, 10),
(3, 11),
(11, 11),
(15, 12),
(17, 12),
(1, 13),
(5, 13),
(9, 13),
(19, 13);

-- --------------------------------------------------------

--
-- Structure de la table `projecttag`
--

DROP TABLE IF EXISTS `projecttag`;
CREATE TABLE IF NOT EXISTS `projecttag` (
  `project_id` int(11) NOT NULL,
  `tag_id` int(11) NOT NULL,
  PRIMARY KEY (`project_id`,`tag_id`),
  KEY `projecttag_tag_idx` (`tag_id`)
) ENGINE=InnoDB DEFAULT CHARSET=utf8 COLLATE=utf8_esperanto_ci;

--
-- Contenu de la table `projecttag`
--

INSERT INTO `projecttag` (`project_id`, `tag_id`) VALUES
(2, 1),
(11, 6),
(15, 9),
(2, 11),
(4, 11),
(2, 15),
(13, 19),
(18, 20),
(12, 21),
(13, 21);

-- --------------------------------------------------------

--
-- Structure de la table `projectview`
--

DROP TABLE IF EXISTS `projectview`;
CREATE TABLE IF NOT EXISTS `projectview` (
  `user_id` int(11) NOT NULL,
  `project_id` int(11) NOT NULL,
  `date` datetime NOT NULL,
  PRIMARY KEY (`user_id`,`project_id`,`date`),
  KEY `projectview_project_idx` (`project_id`)
) ENGINE=InnoDB DEFAULT CHARSET=utf8 COLLATE=utf8_esperanto_ci;

--
-- Contenu de la table `projectview`
--

INSERT INTO `projectview` (`user_id`, `project_id`, `date`) VALUES
(4, 1, '2017-04-18 17:50:00'),
(5, 1, '2017-04-15 16:37:37'),
(6, 1, '2017-04-29 20:33:51'),
(9, 1, '2017-04-10 15:31:45'),
(9, 1, '2017-04-17 23:47:55'),
(10, 1, '2017-04-19 05:31:44'),
(11, 1, '2017-05-01 11:22:22'),
(12, 1, '2017-04-21 00:33:44'),
(13, 1, '2017-04-20 17:19:15'),
(14, 1, '2017-04-20 21:53:45'),
(15, 1, '2017-04-11 11:36:11'),
(15, 1, '2017-04-13 15:15:32'),
(16, 1, '2017-04-03 18:47:07'),
(17, 1, '2017-04-03 05:59:57'),
(17, 1, '2017-04-08 05:09:07'),
(19, 1, '2017-04-08 04:49:29'),
(1, 2, '2017-04-28 07:53:40'),
(2, 2, '2017-04-06 07:39:06'),
(3, 2, '2017-04-23 15:35:01'),
(4, 2, '2017-04-19 06:36:02'),
(4, 2, '2017-04-28 17:49:37'),
(6, 2, '2017-04-10 03:47:57'),
(6, 2, '2017-04-25 22:28:40'),
(7, 2, '2017-04-17 14:14:48'),
(9, 2, '2017-04-13 00:44:25'),
(20, 2, '2017-04-09 18:31:57'),
(1, 3, '2017-04-03 23:52:18'),
(2, 3, '2017-04-15 08:39:28'),
(3, 3, '2017-04-06 03:01:39'),
(4, 3, '2017-04-27 15:45:59'),
(5, 3, '2017-04-20 00:08:52'),
(8, 3, '2017-04-02 07:26:08'),
(14, 3, '2017-04-13 22:01:09'),
(15, 3, '2017-04-11 16:10:06'),
(17, 3, '2017-04-22 08:22:54'),
(4, 4, '2017-04-18 15:58:15'),
(5, 4, '2017-04-07 04:15:00'),
(6, 4, '2017-04-17 05:08:46'),
(7, 4, '2017-04-03 10:33:45'),
(8, 4, '2017-04-03 13:44:53'),
(12, 4, '2017-04-27 15:31:02'),
(13, 4, '2017-04-09 17:22:34'),
(15, 4, '2017-04-08 15:43:58'),
(15, 4, '2017-04-30 03:36:46'),
(20, 4, '2017-04-05 16:26:15'),
(20, 4, '2017-04-06 23:16:44'),
(5, 5, '2017-04-02 21:37:17'),
(7, 5, '2017-04-07 02:23:56'),
(7, 5, '2017-04-24 02:45:43'),
(8, 5, '2017-04-25 12:44:05'),
(9, 5, '2017-04-14 02:36:05'),
(12, 5, '2017-04-05 08:34:15'),
(12, 5, '2017-04-05 17:49:11'),
(15, 5, '2017-04-05 01:51:20'),
(19, 5, '2017-04-10 11:13:13'),
(19, 5, '2017-04-12 22:48:55'),
(20, 5, '2017-04-14 23:13:57'),
(20, 5, '2017-04-16 19:48:47'),
(1, 6, '2017-04-21 21:24:55'),
(3, 6, '2017-04-24 20:20:04'),
(4, 6, '2017-04-03 02:48:09'),
(5, 6, '2017-04-06 00:13:48'),
(5, 6, '2017-04-14 15:25:56'),
(5, 6, '2017-04-15 20:20:22'),
(6, 6, '2017-04-09 01:58:47'),
(6, 6, '2017-04-12 12:05:46'),
(7, 6, '2017-04-02 03:33:35'),
(7, 6, '2017-04-11 18:24:59'),
(8, 6, '2017-04-17 22:56:35'),
(10, 6, '2017-04-06 10:30:34'),
(13, 6, '2017-04-07 20:34:00'),
(13, 6, '2017-04-09 04:44:40'),
(18, 6, '2017-04-26 08:45:21'),
(19, 6, '2017-04-21 00:16:44'),
(3, 7, '2017-04-15 00:37:53'),
(5, 7, '2017-04-07 14:25:56'),
(5, 7, '2017-04-30 02:30:20'),
(7, 7, '2017-04-24 20:57:38'),
(12, 7, '2017-04-23 06:29:33'),
(13, 7, '2017-04-19 01:00:46'),
(15, 7, '2017-04-20 20:11:23'),
(15, 7, '2017-04-26 03:18:57'),
(20, 7, '2017-04-16 14:26:41'),
(2, 8, '2017-04-19 01:25:57'),
(3, 8, '2017-04-07 10:49:52'),
(16, 8, '2017-04-09 20:12:22'),
(16, 8, '2017-04-11 18:25:18'),
(17, 8, '2017-04-12 09:29:33'),
(18, 8, '2017-04-28 15:02:33'),
(20, 8, '2017-04-13 04:23:00'),
(1, 9, '2017-04-19 11:04:16'),
(5, 9, '2017-04-15 20:53:30'),
(5, 9, '2017-04-28 11:47:10'),
(13, 9, '2017-04-05 10:27:18'),
(15, 9, '2017-04-23 09:47:14'),
(2, 10, '2017-04-08 15:28:33'),
(3, 10, '2017-04-22 13:30:06'),
(7, 10, '2017-04-08 15:18:52'),
(10, 10, '2017-04-14 10:01:56'),
(10, 10, '2017-04-15 20:35:36'),
(10, 10, '2017-04-29 12:44:06'),
(12, 10, '2017-04-04 18:35:02'),
(12, 10, '2017-04-25 06:06:26'),
(17, 10, '2017-04-02 19:29:10'),
(18, 10, '2017-04-20 03:54:13'),
(20, 10, '2017-04-01 22:34:38'),
(2, 11, '2017-04-20 09:54:38'),
(2, 11, '2017-04-20 16:59:03'),
(4, 11, '2017-04-02 11:31:20'),
(4, 11, '2017-04-16 03:06:36'),
(4, 11, '2017-04-21 10:33:21'),
(5, 11, '2017-04-02 01:45:03'),
(9, 11, '2017-04-02 09:02:28'),
(9, 11, '2017-04-20 21:48:07'),
(14, 11, '2017-04-03 13:32:09'),
(17, 11, '2017-04-22 05:20:40'),
(1, 12, '2017-04-25 21:19:03'),
(2, 12, '2017-04-14 21:04:42'),
(8, 12, '2017-04-14 19:43:36'),
(11, 12, '2017-04-04 21:53:48'),
(12, 12, '2017-04-13 10:18:13'),
(12, 12, '2017-04-26 23:44:05'),
(17, 12, '2017-04-25 19:19:01'),
(18, 12, '2017-04-05 22:53:28'),
(18, 12, '2017-04-11 19:55:09'),
(20, 12, '2017-04-23 17:23:26'),
(1, 13, '2017-04-12 05:14:39'),
(3, 13, '2017-04-02 10:38:46'),
(4, 13, '2017-04-26 22:53:10'),
(5, 13, '2017-04-17 17:52:57'),
(5, 13, '2017-04-25 18:01:34'),
(6, 13, '2017-04-06 02:06:00'),
(9, 13, '2017-04-09 15:38:45'),
(14, 13, '2017-04-18 01:01:02'),
(15, 13, '2017-04-20 22:36:35'),
(15, 13, '2017-04-26 06:26:27'),
(16, 13, '2017-04-23 17:12:14'),
(4, 14, '2017-04-04 16:59:59'),
(9, 14, '2017-04-05 23:47:07'),
(9, 14, '2017-04-12 10:05:00'),
(10, 14, '2017-04-11 00:24:05'),
(10, 14, '2017-04-21 00:17:31'),
(10, 14, '2017-04-30 03:04:15'),
(11, 14, '2017-04-14 09:04:02'),
(4, 15, '2017-04-15 22:31:54'),
(5, 15, '2017-04-08 12:18:06'),
(7, 15, '2017-04-19 20:39:59'),
(17, 15, '2017-04-07 18:49:22'),
(17, 15, '2017-04-22 16:29:30'),
(19, 15, '2017-04-21 03:28:14'),
(19, 15, '2017-04-21 12:24:31'),
(20, 15, '2017-04-23 19:39:18'),
(1, 16, '2017-04-10 09:34:21'),
(3, 16, '2017-04-14 23:31:51'),
(6, 16, '2017-04-09 11:23:28'),
(7, 16, '2017-04-22 18:54:57'),
(7, 16, '2017-04-28 15:11:51'),
(8, 16, '2017-04-16 01:38:25'),
(14, 16, '2017-04-28 14:21:29'),
(15, 16, '2017-04-21 11:20:24'),
(20, 16, '2017-04-14 23:55:07'),
(1, 17, '2017-04-14 03:43:15'),
(5, 17, '2017-04-03 01:09:09'),
(5, 17, '2017-04-05 08:13:47'),
(6, 17, '2017-04-22 08:13:05'),
(7, 17, '2017-04-07 01:34:16'),
(7, 17, '2017-04-15 13:43:18'),
(11, 17, '2017-04-17 02:31:39'),
(12, 17, '2017-04-08 20:14:05'),
(14, 17, '2017-04-24 13:02:26'),
(18, 17, '2017-04-10 02:20:53'),
(19, 17, '2017-04-25 01:22:51'),
(20, 17, '2017-04-16 19:07:50'),
(6, 18, '2017-04-19 09:11:16'),
(14, 18, '2017-04-24 19:51:10'),
(16, 18, '2017-04-06 16:09:53'),
(18, 18, '2017-04-15 13:51:54'),
(19, 18, '2017-04-02 21:34:46'),
(19, 18, '2017-04-17 09:05:54'),
(5, 19, '2017-04-19 22:54:39'),
(5, 19, '2017-04-24 08:13:43'),
(7, 19, '2017-04-19 14:23:00'),
(9, 19, '2017-04-02 23:54:23'),
(10, 19, '2017-04-08 01:21:39'),
(10, 19, '2017-04-27 12:16:53'),
(11, 19, '2017-04-07 19:41:56'),
(12, 19, '2017-04-28 16:23:19'),
(16, 19, '2017-04-26 00:27:41'),
(18, 19, '2017-04-09 06:15:21'),
(20, 19, '2017-04-03 11:20:25'),
(20, 19, '2017-04-25 00:11:14'),
(1, 20, '2017-04-14 23:48:54'),
(1, 20, '2017-04-16 07:01:20'),
(5, 20, '2017-04-11 02:01:18'),
(7, 20, '2017-04-01 04:11:16'),
(10, 20, '2017-04-01 18:26:34'),
(12, 20, '2017-04-18 16:12:35'),
(15, 20, '2017-04-22 13:34:18'),
(16, 20, '2017-04-26 12:12:46'),
(19, 20, '2017-04-10 03:12:50');

-- --------------------------------------------------------

--
-- Structure de la table `regions`
--

DROP TABLE IF EXISTS `regions`;
CREATE TABLE IF NOT EXISTS `regions` (
  `region_id` mediumint(9) NOT NULL AUTO_INCREMENT,
  `country_slug` varchar(100) COLLATE utf8_esperanto_ci NOT NULL,
  `region` varchar(35) CHARACTER SET utf8 NOT NULL,
  `region_short` char(3) CHARACTER SET utf8 DEFAULT NULL,
  `region_slug` varchar(100) COLLATE utf8_esperanto_ci NOT NULL,
  `weight` smallint(3) NOT NULL,
  PRIMARY KEY (`region_id`)
) ENGINE=MyISAM AUTO_INCREMENT=22 DEFAULT CHARSET=utf8 COLLATE=utf8_esperanto_ci;

--
-- Contenu de la table `regions`
--

INSERT INTO `regions` (`region_id`, `country_slug`, `region`, `region_short`, `region_slug`, `weight`) VALUES
(1, 'france', 'Île-de-France', 'IL', 'ile_de_france', 18),
(2, 'france', 'Provence-Alpes-Côte d''Azur', 'PR', 'provence_alpes', 10),
(3, 'france', 'Nord-Pas-de-Calais', 'NO', 'nord_pas_de_calais', 8),
(4, 'france', 'Pays de la Loire', 'PA', 'pays_de_la_loire', 6),
(5, 'france', 'Aquitaine', 'AQ', 'aquitaine', 6),
(6, 'france', 'Bretagne', 'BR', 'bretagne', 5),
(7, 'france', 'Midi-Pyrénées', 'MI', 'midi_pyrenees', 4),
(8, 'france', 'Languedoc-Roussillon', 'LA', 'languedoc_rousillon', 4),
(9, 'france', 'Centre', 'CE', 'centre', 4),
(10, 'france', 'Lorraine', 'LO', 'lorraine', 4),
(11, 'france', 'Picardie', 'PI', 'picardie', 3),
(12, 'france', 'Alsace', 'AL', 'alsace', 3),
(13, 'france', 'Haute-Normandie', 'HA', 'haute_normandie', 3),
(14, 'france', 'Poitou-Charentes', 'PO', 'poitou_charentes', 3),
(15, 'france', 'Bourgogne', 'BO', 'bourgogne', 3),
(16, 'france', 'Basse-Normandie', 'BA', 'basse_normandie', 2),
(17, 'france', 'Auvergne', 'AU', 'auvergne', 2),
(18, 'france', 'Champagne-Ardenne', 'CH', 'champagne_ardenne', 2),
(19, 'france', 'Franche-Comté', 'FC', 'franche_comte', 2),
(20, 'france', 'Limousin', 'LI', 'limousin', 1),
(21, 'france', 'Corse', 'CO', 'corse', 1);

-- --------------------------------------------------------

--
-- Structure de la table `sessions`
--

DROP TABLE IF EXISTS `sessions`;
CREATE TABLE IF NOT EXISTS `sessions` (
  `session_id` varchar(100) COLLATE utf8_esperanto_ci NOT NULL DEFAULT '',
  `session_data` text COLLATE utf8_esperanto_ci NOT NULL,
  `expires` int(11) NOT NULL DEFAULT '0',
  PRIMARY KEY (`session_id`)
) ENGINE=MyISAM DEFAULT CHARSET=utf8 COLLATE=utf8_esperanto_ci;

--
-- Contenu de la table `sessions`
--

INSERT INTO `sessions` (`session_id`, `session_data`, `expires`) VALUES
('5oet3kb636kaenll8haf21i9q0', 'account_id|s:1:"1";', 1462266841);

-- --------------------------------------------------------

--
-- Structure de la table `settings`
--

DROP TABLE IF EXISTS `settings`;
CREATE TABLE IF NOT EXISTS `settings` (
  `setting_name` varchar(100) COLLATE utf8_esperanto_ci NOT NULL,
  `setting_value` text COLLATE utf8_esperanto_ci NOT NULL,
  UNIQUE KEY `setting_name` (`setting_name`)
) ENGINE=MyISAM DEFAULT CHARSET=utf8 COLLATE=utf8_esperanto_ci;

--
-- Contenu de la table `settings`
--

INSERT INTO `settings` (`setting_name`, `setting_value`) VALUES
('lipsum', 'Lorem ipsum dolor sit amet, consectetuer adipiscing elit. Curabitur sed tortor. Integer aliquam adipiscing lacus. Ut nec urna et arcu imperdiet ullamcorper. Duis at lacus. Quisque purus sapien, gravida non, sollicitudin a, malesuada id, erat. Etiam vestibulum massa rutrum magna. Cras convallis convallis dolor. Quisque tincidunt pede ac urna. Ut tincidunt vehicula risus. Nulla eget metus eu erat semper rutrum. Fusce dolor quam, elementum at, egestas a, scelerisque sed, sapien. Nunc pulvinar arcu et pede. Nunc sed orci lobortis augue scelerisque mollis. Phasellus libero mauris, aliquam eu, accumsan sed, facilisis vitae, orci. Phasellus dapibus quam quis diam. Pellentesque habitant morbi tristique senectus et netus et malesuada fames ac turpis egestas. Fusce aliquet magna a neque. Nullam ut nisi a odio semper cursus. Integer mollis. Integer tincidunt aliquam arcu. Aliquam ultrices iaculis odio. Nam interdum enim non nisi. Aenean eget metus. In nec orci. Donec nibh. Quisque nonummy ipsum non arcu. Vivamus sit amet risus. Donec egestas. Aliquam nec enim. Nunc ut erat. Sed nunc est, mollis non, cursus non, egestas a, dui. Cras pellentesque. Sed dictum. Proin eget odio. Aliquam vulputate ullamcorper magna. Sed eu eros. Nam consequat dolor vitae dolor. Donec fringilla. Donec feugiat metus sit amet ante. Vivamus non lorem vitae odio sagittis semper. Nam tempor diam dictum sapien. Aenean massa. Integer vitae nibh. Donec est mauris, rhoncus id, mollis nec, cursus a, enim. Suspendisse aliquet, sem ut cursus luctus, ipsum leo elementum sem, vitae aliquam eros turpis non enim. Mauris quis turpis vitae purus gravida sagittis. Duis gravida. Praesent eu nulla at sem molestie sodales. Mauris blandit enim consequat purus. Maecenas libero est, congue a, aliquet vel, vulputate eu, odio. Phasellus at augue id ante dictum cursus. Nunc mauris elit, dictum eu, eleifend nec, malesuada ut, sem. Nulla interdum. Curabitur dictum. Phasellus in felis. Nulla tempor augue ac ipsum. Phasellus vitae mauris sit amet lorem semper auctor. Mauris vel turpis. Aliquam adipiscing lobortis risus. In mi pede, nonummy ut, molestie in, tempus eu, ligula. Aenean euismod mauris eu elit. Nulla facilisi. Sed neque. Sed eget lacus. Mauris non dui nec urna suscipit nonummy. Fusce fermentum fermentum arcu. Vestibulum ante ipsum primis in faucibus orci luctus et ultrices posuere cubilia Curae Phasellus ornare. Fusce mollis. Duis sit amet diam eu dolor egestas rhoncus. Proin nisl sem, consequat nec, mollis vitae, posuere at, velit. Cras lorem lorem, luctus ut, pellentesque eget, dictum placerat, augue. Sed molestie. Sed id risus quis diam luctus lobortis. Class aptent taciti sociosqu ad litora torquent per conubia nostra, per inceptos hymenaeos. Mauris ut quam vel sapien imperdiet ornare. In faucibus. Morbi vehicula. Pellentesque tincidunt tempus risus. Donec egestas. Duis ac arcu. Nunc mauris. Morbi non sapien molestie orci tincidunt adipiscing. Mauris molestie pharetra nibh. Aliquam ornare, libero at auctor ullamcorper, nisl arcu iaculis enim, sit amet ornare lectus justo eu arcu. Morbi sit amet massa. Quisque porttitor eros nec tellus. Nunc lectus pede, ultrices a, auctor non, feugiat nec, diam. Duis mi enim, condimentum eget, volutpat ornare, facilisis eget, ipsum. Donec sollicitudin adipiscing ligula. Aenean gravida nunc sed pede. Cum sociis natoque penatibus et magnis dis parturient montes, nascetur ridiculus mus. Proin vel arcu eu odio tristique pharetra. Quisque ac libero nec ligula consectetuer rhoncus. Nullam velit dui, semper et, lacinia vitae, sodales at, velit. Pellentesque ultricies dignissim lacus. Aliquam rutrum lorem ac risus. Morbi metus. Vivamus euismod urna. Nullam lobortis quam a felis ullamcorper viverra. Maecenas iaculis aliquet diam. Sed diam lorem, auctor quis, tristique ac, eleifend vitae, erat. Vivamus nisi. Mauris nulla. Integer urna. Vivamus molestie dapibus ligula. Aliquam erat volutpat. Nulla dignissim. Maecenas ornare egestas ligula. Nullam feugiat placerat velit. Quisque varius. Nam porttitor scelerisque neque. Nullam nisl. Maecenas malesuada fringilla est. Mauris eu turpis. Nulla aliquet. Proin velit. Sed malesuada augue ut lacus. Nulla tincidunt, neque vitae semper egestas, urna justo faucibus lectus, a sollicitudin orci sem eget massa. Suspendisse eleifend. Cras sed leo. Cras vehicula aliquet libero. Integer in magna. Phasellus dolor elit, pellentesque a, facilisis non, bibendum sed, est. Nunc laoreet lectus quis massa. Mauris vestibulum, neque sed dictum eleifend, nunc risus varius orci, in consequat enim diam vel arcu. Curabitur ut odio vel est tempor bibendum. Donec felis orci, adipiscing non, luctus sit amet, faucibus ut, nulla. Cras eu tellus eu augue porttitor interdum. Sed auctor odio a purus. Duis elementum, dui quis accumsan convallis, ante lectus convallis est, vitae sodales nisi magna sed dui. Fusce aliquam, enim nec tempus scelerisque, lorem ipsum sodales purus, in molestie tortor nibh sit amet orci. Ut sagittis lobortis mauris. Suspendisse aliquet molestie tellus. Aenean egestas hendrerit neque. In ornare sagittis felis. Donec tempor, est ac mattis semper, dui lectus rutrum urna, nec luctus felis purus ac tellus. Suspendisse sed dolor. Fusce mi lorem, vehicula et, rutrum eu, ultrices sit amet, risus. Donec nibh enim, gravida sit amet, dapibus id, blandit at, nisi. Cum sociis natoque penatibus et magnis dis parturient montes, nascetur ridiculus mus. Proin vel nisl. Quisque fringilla euismod enim. Etiam gravida molestie arcu. Sed eu nibh vulputate mauris sagittis placerat. Cras dictum ultricies ligula. Nullam enim. Sed nulla ante, iaculis nec, eleifend non, dapibus rutrum, justo. Praesent luctus. Curabitur egestas nunc sed libero. Proin sed turpis nec mauris blandit mattis. Cras eget nisi dictum augue malesuada malesuada. Integer id magna et ipsum cursus vestibulum. Mauris magna. Duis dignissim tempor arcu. Vestibulum ut eros non enim commodo hendrerit. Donec porttitor tellus non magna. Nam ligula elit, pretium et, rutrum non, hendrerit id, ante. Nunc mauris sapien, cursus in, hendrerit consectetuer, cursus et, magna. Praesent interdum ligula eu enim. Etiam imperdiet dictum magna. Ut tincidunt orci quis lectus. Nullam suscipit, est ac facilisis facilisis, magna tellus faucibus leo, in lobortis tellus justo sit amet nulla. Donec non justo. Proin non massa non ante bibendum ullamcorper. Duis cursus, diam at pretium aliquet, metus urna convallis erat, eget tincidunt dui augue eu tellus. Phasellus elit pede, malesuada vel, venenatis vel, faucibus id, libero. Donec consectetuer mauris id sapien. Cras dolor dolor, tempus non, lacinia at, iaculis quis, pede. Praesent eu dui. Cum sociis natoque penatibus et magnis dis parturient montes, nascetur ridiculus mus. Aenean eget magna. Suspendisse tristique neque venenatis lacus. Etiam bibendum fermentum metus. Aenean sed pede nec ante blandit viverra. Donec tempus, lorem fringilla ornare placerat, orci lacus vestibulum lorem, sit amet ultricies sem magna nec quam. Curabitur vel lectus. Cum sociis natoque penatibus et magnis dis parturient montes, nascetur ridiculus mus. Donec dignissim magna a tortor. Nunc commodo auctor velit. Aliquam nisl. Nulla eu neque pellentesque massa lobortis ultrices. Vivamus rhoncus. Donec est. Nunc ullamcorper, velit in aliquet lobortis, nisi nibh lacinia orci, consectetuer euismod est arcu ac orci. Ut semper pretium neque. Morbi quis urna. Nunc quis arcu vel quam dignissim pharetra. Nam ac nulla. In tincidunt congue turpis. In condimentum. Donec at arcu. Vestibulum ante ipsum primis in faucibus orci luctus et ultrices posuere cubilia Curae Donec tincidunt. Donec vitae erat vel pede blandit congue. In scelerisque scelerisque dui. Suspendisse ac metus vitae velit egestas lacinia. Sed congue, elit sed consequat auctor, nunc nulla vulputate dui, nec tempus mauris erat eget ipsum. Suspendisse sagittis. Nullam vitae diam. Proin dolor. Nulla semper tellus id nunc interdum feugiat. Sed nec metus facilisis lorem tristique aliquet. Phasellus fermentum convallis ligula. Donec luctus aliquet odio. Etiam ligula tortor, dictum eu, placerat eget, venenatis a, magna. Lorem ipsum dolor sit amet, consectetuer adipiscing elit. Etiam laoreet, libero et tristique pellentesque, tellus sem mollis dui, in sodales elit erat vitae risus. Duis a mi fringilla mi lacinia mattis. Integer eu lacus. Quisque imperdiet, erat nonummy ultricies ornare, elit elit fermentum risus, at fringilla purus mauris a nunc. In at pede. Cras vulputate velit eu sem. Pellentesque ut ipsum ac mi eleifend egestas. Sed pharetra, felis eget varius ultrices, mauris ipsum porta elit, a feugiat tellus lorem eu metus. In lorem. Donec elementum, lorem ut aliquam iaculis, lacus pede sagittis augue, eu tempor erat neque non quam. Pellentesque habitant morbi tristique senectus et netus et malesuada fames ac turpis egestas. Aliquam fringilla cursus purus. Nullam scelerisque neque sed sem egestas blandit. Nam nulla magna, malesuada vel, convallis in, cursus et, eros. Proin ultrices. Duis volutpat nunc sit amet metus. Aliquam erat volutpat. Nulla facilisis. Suspendisse commodo tincidunt nibh. Phasellus nulla. Integer vulputate, risus a ultricies adipiscing, enim mi tempor lorem, eget mollis lectus pede et risus. Quisque libero lacus, varius et, euismod et, commodo at, libero. Morbi accumsan laoreet ipsum. Curabitur consequat, lectus sit amet luctus vulputate, nisi sem semper erat, in consectetuer ipsum nunc id enim. Curabitur massa. Vestibulum accumsan neque et nunc. Quisque ornare tortor at risus. Nunc ac sem ut dolor dapibus gravida. Aliquam tincidunt, nunc ac mattis ornare, lectus ante dictum mi, ac mattis velit justo nec ante. Maecenas mi felis, adipiscing fringilla, porttitor vulputate, posuere vulputate, lacus. Cras interdum. Nunc sollicitudin commodo ipsum. Suspendisse non leo. Vivamus nibh dolor, nonummy ac, feugiat non, lobortis quis, pede. Suspendisse dui. Fusce diam nunc, ullamcorper eu, euismod ac, fermentum vel, mauris. Integer sem elit, pharetra ut, pharetra sed, hendrerit a, arcu. Sed et libero. Proin mi. Aliquam gravida mauris ut mi. Duis risus odio, auctor vitae, aliquet nec, imperdiet nec, leo. Morbi neque tellus, imperdiet non, vestibulum nec, euismod in, dolor. Fusce feugiat. Lorem ipsum dolor sit amet, consectetuer adipiscing elit. Aliquam auctor, velit eget laoreet posuere, enim nisl elementum purus, accumsan interdum libero dui nec ipsum.'),
('userAccountSetup', 'single'),
('consoleEventsPublish', ''),
('consoleEventsSubscribe', ''),
('consoleEventsDataTypePlugins', ''),
('consoleEventsExportTypePlugins', ''),
('consoleCoreEvents', ''),
('consoleWarnings', ''),
('defaultLanguage', 'en'),
('installationStepComplete_Core', 'yes'),
('installationComplete', 'yes'),
('installedDataTypes', 'Names,NamesRegional,Phone,PhoneRegional,Email,Date,Company,SIRET,Rut,PersonalNumber,OrganisationNumber,StreetAddress,City,PostalZip,Region,Country,LatLng,PAN,PIN,CVV,Track1,Track2,TextFixed,TextRandom,AlphaNumeric,Boolean,AutoIncrement,NumberRange,GUID,Currency,NormalDistribution,Constant,Composite,Tree,List'),
('installedExportTypes', 'CSV,Excel,HTML,JSON,LDIF,ProgrammingLanguage,SQL,XML'),
('installedCountries', 'Australia'),
('allowAnonymousAccess', 'no'),
('anonymousUserPermissionDeniedMsg', ''),
('theme', 'classic');

-- --------------------------------------------------------

--
-- Structure de la table `tag`
--

DROP TABLE IF EXISTS `tag`;
CREATE TABLE IF NOT EXISTS `tag` (
  `id` int(11) NOT NULL AUTO_INCREMENT,
  `name` varchar(20) COLLATE utf8_esperanto_ci NOT NULL,
  PRIMARY KEY (`id`)
) ENGINE=InnoDB AUTO_INCREMENT=22 DEFAULT CHARSET=utf8 COLLATE=utf8_esperanto_ci;

--
-- Contenu de la table `tag`
--

INSERT INTO `tag` (`id`, `name`) VALUES
(1, 'Technologie'),
(2, 'Éducation'),
(3, 'Gastronomie'),
(4, 'Musique'),
(5, 'Jeux'),
(6, 'Communauté'),
(7, 'Innovation'),
(8, 'Mode'),
(9, 'Design'),
(10, 'Sport'),
(11, 'Cinéma'),
(12, 'Littérature'),
(13, 'Évènementiel'),
(14, 'maccaron'),
(15, 'jogging'),
(16, 'chaussures'),
(17, 'vélo'),
(18, 'i-pad'),
(19, 'trek'),
(20, 'course'),
(21, 'nouveau');

-- --------------------------------------------------------

--
-- Structure de la table `transaction`
--

DROP TABLE IF EXISTS `transaction`;
CREATE TABLE IF NOT EXISTS `transaction` (
  `id` int(11) NOT NULL AUTO_INCREMENT,
  `amount` int(11) NOT NULL,
  `paymentdate` date NOT NULL,
  `repaymentdate` date DEFAULT NULL,
  `user_id` int(11) NOT NULL,
  `project_id` int(11) NOT NULL,
  `paymentmethod_id` int(11) NOT NULL,
  PRIMARY KEY (`id`),
  KEY `transaction_user_idx` (`user_id`),
  KEY `transaction_project_idx` (`project_id`),
  KEY `transaction_paymentmethod_idx` (`paymentmethod_id`)
) ENGINE=InnoDB AUTO_INCREMENT=19 DEFAULT CHARSET=utf8 COLLATE=utf8_esperanto_ci;

--
-- Contenu de la table `transaction`
--

INSERT INTO `transaction` (`id`, `amount`, `paymentdate`, `repaymentdate`, `user_id`, `project_id`, `paymentmethod_id`) VALUES
(1, 71, '2017-04-13', NULL, 8, 12, 3),
(2, 88, '2017-03-24', NULL, 2, 9, 3),
(3, 38, '2017-03-05', NULL, 5, 5, 3),
(4, 62, '2017-04-18', NULL, 7, 1, 2),
(5, 76, '2017-04-08', NULL, 6, 10, 3),
(6, 29, '2017-04-09', NULL, 4, 13, 3),
(7, 96, '2017-04-10', NULL, 9, 6, 3),
(8, 11, '2017-03-04', NULL, 7, 3, 2),
(9, 49, '2017-04-09', NULL, 2, 12, 3),
(10, 82, '2017-03-08', NULL, 6, 16, 3),
(14, 100, '2016-11-06', NULL, 22, 2, 3),
(15, 50, '2016-11-06', NULL, 22, 2, 2),
(16, 50, '2016-11-06', NULL, 22, 2, 2),
(17, 100, '2016-11-16', NULL, 28, 2, 2),
(18, 1000, '2016-11-16', NULL, 28, 2, 2);

--
-- Déclencheurs `transaction`
--
DROP TRIGGER IF EXISTS `project_transactionsum_decrement`;
DELIMITER $$
CREATE TRIGGER `project_transactionsum_decrement` AFTER DELETE ON `transaction` FOR EACH ROW BEGIN
    UPDATE project
    SET transactionsum = transactionsum - OLD.amount
    WHERE id = OLD.project_id;
  END
$$
DELIMITER ;
DROP TRIGGER IF EXISTS `project_transactionsum_increment`;
DELIMITER $$
CREATE TRIGGER `project_transactionsum_increment` AFTER INSERT ON `transaction` FOR EACH ROW BEGIN
    UPDATE project
    SET transactionsum = transactionsum + NEW.amount
    WHERE id = NEW.project_id;
  END
$$
DELIMITER ;

-- --------------------------------------------------------

--
-- Structure de la table `user`
--

DROP TABLE IF EXISTS `user`;
CREATE TABLE IF NOT EXISTS `user` (
  `id` int(11) NOT NULL AUTO_INCREMENT,
  `password` varchar(20) COLLATE utf8_esperanto_ci NOT NULL,
  `name` varchar(20) COLLATE utf8_esperanto_ci NOT NULL,
  `firstname` varchar(20) COLLATE utf8_esperanto_ci NOT NULL,
  `birthdate` date NOT NULL,
  `email` varchar(45) COLLATE utf8_esperanto_ci NOT NULL,
  `sex` varchar(1) COLLATE utf8_esperanto_ci NOT NULL,
  `adress` varchar(45) COLLATE utf8_esperanto_ci NOT NULL,
  `postcode` int(11) NOT NULL,
  `city` varchar(20) COLLATE utf8_esperanto_ci NOT NULL,
  `country_id` int(11) NOT NULL,
  `phone` varchar(11) COLLATE utf8_esperanto_ci DEFAULT NULL,
  `photo` varchar(45) COLLATE utf8_esperanto_ci DEFAULT NULL,
  `facebookid` varchar(90) COLLATE utf8_esperanto_ci DEFAULT NULL,
  `facebooktoken` varchar(255) COLLATE utf8_esperanto_ci DEFAULT NULL,
  `subscriptiondate` date NOT NULL,
  `confirmed` tinyint(1) NOT NULL DEFAULT '0',
  `desactivated` tinyint(1) NOT NULL DEFAULT '0',
  `usertype_id` int(11) NOT NULL,
  `passwordrecovercode` varchar(255) COLLATE utf8_esperanto_ci DEFAULT NULL,
  PRIMARY KEY (`id`),
  UNIQUE KEY `email_UNIQUE` (`email`),
  KEY `user_country_idx` (`country_id`),
  KEY `user_usertype_idx` (`usertype_id`)
) ENGINE=InnoDB AUTO_INCREMENT=29 DEFAULT CHARSET=utf8 COLLATE=utf8_esperanto_ci;

--
-- Contenu de la table `user`
--

INSERT INTO `user` (`id`, `password`, `name`, `firstname`, `birthdate`, `email`, `sex`, `adress`, `postcode`, `city`, `country_id`, `phone`, `photo`, `facebookid`, `facebooktoken`, `subscriptiondate`, `confirmed`, `desactivated`, `usertype_id`, `passwordrecovercode`) VALUES
(1, 'password', 'Valentine', 'Quinn', '1999-07-24', 'scelerisque.lorem.ipsum@nascetur.net', 'M', '962-8383 Vulputate, Chemin', 94024, 'Blois', 75, '0438909116', NULL, NULL, NULL, '2014-07-12', 0, 0, 1, NULL),
(2, 'password', 'Mathis', 'Ivan', '1990-11-01', 'Phasellus@nonante.ca', 'F', 'Appartement 896-1423 Lacinia Av.', 75311, 'Saint-Lô', 75, '0680399980', NULL, NULL, NULL, '2017-03-04', 0, 0, 1, NULL),
(3, 'password', 'Holcomb', 'Cara', '1988-06-06', 'adipiscing@ametmetusAliquam.org', 'M', 'Appartement 210-5475 Purus, Route', 56080, 'Paris', 75, '0265883340', NULL, NULL, NULL, '2014-09-07', 0, 0, 1, NULL),
(4, 'password', 'Mcintyre', 'Duncan', '1983-07-09', 'a.sollicitudin@laoreetlectus.com', 'M', 'Appartement 362-6091 Ante Rd.', 71097, 'Schiltigheim', 75, '0149355894', NULL, NULL, NULL, '2016-05-23', 0, 0, 1, NULL),
(5, 'password', 'Brennan', 'Todd', '1994-05-03', 'enim@pedeblandit.ca', 'M', 'Appartement 763-8299 Ipsum Av.', 71885, 'Rennes', 75, '0167414367', NULL, NULL, NULL, '2015-04-15', 0, 0, 1, NULL),
(6, 'password', 'Barlow', 'Christopher', '1995-06-09', 'eget@Aliquamfringilla.com', 'F', 'CP 311, 7001 Condimentum Chemin', 11421, 'Bayswater', 75, '0125407965', NULL, NULL, NULL, '2016-12-21', 0, 0, 1, NULL),
(7, 'password', 'Coffey', 'Jasmine', '1987-12-24', 'Sed@risusIn.ca', 'F', '7669 Ante Chemin', 80050, 'Port Augusta', 75, '0807823772', NULL, NULL, NULL, '2015-02-08', 0, 0, 1, NULL),
(8, 'password', 'Sheppard', 'Richard', '1999-07-15', 'cursus.et@scelerisque.org', 'F', 'Appartement 281-2028 Amet Avenue', 37807, 'Bayonne', 75, '0263849481', NULL, NULL, NULL, '2017-01-13', 0, 0, 1, NULL),
(9, 'password', 'Dalton', 'Zephr', '1984-03-19', 'risus@tincidunttempus.edu', 'F', '5015 Aenean Rue', 26072, 'La Rochelle', 75, '0731230276', NULL, NULL, NULL, '2016-12-18', 0, 0, 1, NULL),
(10, 'password', 'Clark', 'Calvin', '1987-08-05', 'hymenaeos.Mauris.ut@turpisNulla.com', 'F', '708-8984 Feugiat. Chemin', 81886, 'Sarreguemines', 75, '0926230037', NULL, NULL, NULL, '2016-04-14', 0, 0, 1, NULL),
(11, 'password', 'Howard', 'Uriah', '1992-07-14', 'vel.vulputate@Vivamuseuismod.co.uk', 'M', '846-813 Risus Impasse', 31000, 'TOULOUSE', 75, '0645980607', NULL, NULL, NULL, '2015-05-19', 0, 0, 2, NULL),
(12, 'password', 'Blevins', 'Barrett', '1997-06-29', 'mi@orciUtsemper.org', 'F', '5441 Odio Route', 31000, 'TOULOUSE', 75, '0957279666', NULL, NULL, NULL, '2014-11-16', 0, 0, 2, NULL),
(13, 'password', 'Strong', 'Jessica', '1998-05-18', 'quis.accumsan.convallis@sed.org', 'F', 'CP 542, 9456 Faucibus. Chemin', 31000, 'TOULOUSE', 75, '0895153079', NULL, NULL, NULL, '2014-10-10', 0, 0, 2, NULL),
(14, 'password', 'Talley', 'Sydnee', '1991-05-23', 'Integer.vulputate.risus@enimCurabitur.ca', 'F', '1112 Nisi Ave', 31000, 'TOULOUSE', 75, '0523316537', NULL, NULL, NULL, '2016-04-07', 0, 0, 2, NULL),
(15, 'password', 'Mcguire', 'Edan', '1998-05-03', 'Morbi.neque@et.edu', 'M', 'Appartement 582-3922 Enim. Ave', 31000, 'TOULOUSE', 75, '0323995050', NULL, NULL, NULL, '2014-07-10', 0, 0, 2, NULL),
(16, 'password', 'Reese', 'Boris', '1999-03-16', 'non@Etiambibendum.net', 'F', '9869 Nec Route', 31000, 'TOULOUSE', 75, '0302488461', NULL, NULL, NULL, '2016-10-07', 0, 0, 2, NULL),
(17, 'password', 'Jensen', 'Echo', '1991-05-07', 'aliquam@et.com', 'F', 'Appartement 946-8245 Quam, Rd.', 31000, 'TOULOUSE', 75, '0442318506', NULL, NULL, NULL, '2016-03-27', 0, 0, 2, NULL),
(18, 'password', 'Strong', 'Alexis', '1991-09-16', 'vitae@Nuncsedorci.ca', 'M', '959-7068 Donec Rue', 31000, 'TOULOUSE', 75, '0906426797', NULL, NULL, NULL, '2014-10-20', 0, 0, 2, NULL),
(19, 'password', 'Hubbard', 'Lance', '1980-10-02', 'Donec@elitpretiumet.edu', 'M', '288-9109 Nec Route', 31000, 'TOULOUSE', 75, '0892226795', NULL, NULL, NULL, '2014-06-04', 0, 0, 2, NULL),
(20, 'password', 'Everett', 'Stewart', '1996-03-14', 'natoque@leoCrasvehicula.ca', 'F', 'Appartement 538-292 Urna. Impasse', 31000, 'TOULOUSE', 75, '0182628188', NULL, NULL, NULL, '2014-09-14', 0, 0, 2, NULL),
(21, 'password', 'Valentin', 'Quinn', '1999-07-24', 'admin@gmail.com', 'M', '962-8383 Vulputate, Chemin', 94024, 'Blois', 75, '0438909116', NULL, NULL, NULL, '2014-07-12', 0, 0, 3, NULL),
(22, 'password', 'lkj', 'mklj,', '1988-10-21', 'test@test.com', 'M', 'dsfmlk', 31400, 'Toulouse', 75, '671608526', '', NULL, NULL, '2016-11-06', 1, 0, 1, NULL),
(28, 'As353,13', 'Asensi', 'Samuel', '1988-10-21', 'asensi.samuel@gmail.com', 'M', 'qsdkj', 31400, 'Toulouse', 1, '', NULL, '10209584987294564', 'EAAZAAF1611MoBAIf57kqsexbRO18nZCZBDSArt3RJ3wEOTjM8REuBwFFzqagANqmETkGZAznTejkSZBbb7JcwPhagqBliPX11ZBmNUCixlFa63EHeU3jEi4MTCZCsdfUmdBFbVC269yKSY3mHJ0BYBT', '2016-11-16', 1, 0, 1, NULL);

-- --------------------------------------------------------

--
-- Structure de la table `usertype`
--

DROP TABLE IF EXISTS `usertype`;
CREATE TABLE IF NOT EXISTS `usertype` (
  `id` int(11) NOT NULL AUTO_INCREMENT,
  `name` varchar(20) CHARACTER SET utf8 NOT NULL,
  PRIMARY KEY (`id`)
) ENGINE=InnoDB AUTO_INCREMENT=4 DEFAULT CHARSET=utf8 COLLATE=utf8_esperanto_ci;

--
-- Contenu de la table `usertype`
--

INSERT INTO `usertype` (`id`, `name`) VALUES
(1, 'financeur'),
(2, 'créateur'),
(3, 'administrateur');

-- --------------------------------------------------------

--
-- Structure de la table `user_accounts`
--

DROP TABLE IF EXISTS `user_accounts`;
CREATE TABLE IF NOT EXISTS `user_accounts` (
  `account_id` mediumint(8) UNSIGNED NOT NULL AUTO_INCREMENT,
  `date_created` datetime NOT NULL,
  `last_updated` datetime NOT NULL,
  `last_logged_in` datetime DEFAULT NULL,
  `date_expires` datetime DEFAULT NULL,
  `account_type` enum('user','admin') COLLATE utf8_esperanto_ci NOT NULL,
  `first_name` varchar(50) COLLATE utf8_esperanto_ci DEFAULT NULL,
  `last_name` varchar(50) COLLATE utf8_esperanto_ci DEFAULT NULL,
  `email` varchar(100) COLLATE utf8_esperanto_ci NOT NULL,
  `password` varchar(50) COLLATE utf8_esperanto_ci NOT NULL,
  `password_recovery_question` varchar(100) COLLATE utf8_esperanto_ci DEFAULT NULL,
  `password_recovery_answer` varchar(100) COLLATE utf8_esperanto_ci DEFAULT NULL,
  `num_rows_generated` mediumint(9) DEFAULT '0',
  `max_records` mediumint(9) DEFAULT NULL,
  `selected_data_types` text COLLATE utf8_esperanto_ci,
  `selected_export_types` text COLLATE utf8_esperanto_ci,
  `selected_countries` text COLLATE utf8_esperanto_ci,
  PRIMARY KEY (`account_id`)
) ENGINE=MyISAM AUTO_INCREMENT=2 DEFAULT CHARSET=utf8 COLLATE=utf8_esperanto_ci;

--
-- Contenu de la table `user_accounts`
--

INSERT INTO `user_accounts` (`account_id`, `date_created`, `last_updated`, `last_logged_in`, `date_expires`, `account_type`, `first_name`, `last_name`, `email`, `password`, `password_recovery_question`, `password_recovery_answer`, `num_rows_generated`, `max_records`, `selected_data_types`, `selected_export_types`, `selected_countries`) VALUES
(1, '2016-05-03 08:13:42', '2016-05-03 08:13:42', '2016-05-03 08:14:00', '2016-05-03 08:13:42', 'admin', 'Samuel', 'ASENSI', 'asensi.samuel@gmail.com', 'oyT98nYCI/ak6', NULL, NULL, 0, NULL, 'Names,NamesRegional,Phone,PhoneRegional,Email,Date,Company,SIRET,Rut,PersonalNumber,OrganisationNumber,StreetAddress,City,PostalZip,Region,Country,LatLng,PAN,PIN,CVV,Track1,Track2,TextFixed,TextRandom,AlphaNumeric,Boolean,AutoIncrement,NumberRange,GUID,Currency,NormalDistribution,Constant,Composite,Tree,List', 'CSV,Excel,HTML,JSON,LDIF,ProgrammingLanguage,SQL,XML', 'Australia');

-- --------------------------------------------------------

--
-- Structure de la table `video`
--

DROP TABLE IF EXISTS `video`;
CREATE TABLE IF NOT EXISTS `video` (
  `id` int(11) NOT NULL AUTO_INCREMENT,
  `url` varchar(255) COLLATE utf8_esperanto_ci NOT NULL,
  `project_id` int(11) NOT NULL,
  PRIMARY KEY (`id`),
  KEY `video_project_idx` (`project_id`)
) ENGINE=InnoDB AUTO_INCREMENT=21 DEFAULT CHARSET=utf8 COLLATE=utf8_esperanto_ci;

--
-- Contenu de la table `video`
--

INSERT INTO `video` (`id`, `url`, `project_id`) VALUES
(1, 'video/placeholder.mp4', 9),
(2, 'video/placeholder.mp4', 7),
(3, 'video/placeholder.mp4', 3),
(4, 'video/placeholder.mp4', 16),
(5, 'video/placeholder.mp4', 8),
(6, 'video/placeholder.mp4', 2),
(7, 'video/placeholder.mp4', 7),
(8, 'video/placeholder.mp4', 8),
(9, 'video/placeholder.mp4', 17),
(10, 'video/placeholder.mp4', 17),
(11, 'video/placeholder.mp4', 14),
(12, 'video/placeholder.mp4', 14),
(13, 'video/placeholder.mp4', 19),
(14, 'video/placeholder.mp4', 11),
(15, 'video/placeholder.mp4', 7),
(16, 'video/placeholder.mp4', 4),
(17, 'video/placeholder.mp4', 5),
(18, 'video/placeholder.mp4', 13),
(19, 'video/placeholder.mp4', 12),
(20, 'video/placeholder.mp4', 6);

--
-- Contraintes pour les tables exportées
--

--
-- Contraintes pour la table `favouritecategory`
--
ALTER TABLE `favouritecategory`
  ADD CONSTRAINT `favouritecategory_category` FOREIGN KEY (`category_id`) REFERENCES `category` (`id`) ON DELETE NO ACTION ON UPDATE NO ACTION,
  ADD CONSTRAINT `favouritecategory_user` FOREIGN KEY (`user_id`) REFERENCES `user` (`id`) ON DELETE NO ACTION ON UPDATE NO ACTION;

--
-- Contraintes pour la table `gift`
--
ALTER TABLE `gift`
  ADD CONSTRAINT `gift_project` FOREIGN KEY (`project_id`) REFERENCES `project` (`id`) ON DELETE NO ACTION ON UPDATE NO ACTION;

--
-- Contraintes pour la table `picture`
--
ALTER TABLE `picture`
  ADD CONSTRAINT `picture_project` FOREIGN KEY (`project_id`) REFERENCES `project` (`id`) ON DELETE NO ACTION ON UPDATE NO ACTION;

--
-- Contraintes pour la table `project`
--
ALTER TABLE `project`
  ADD CONSTRAINT `project_user` FOREIGN KEY (`user_id`) REFERENCES `user` (`id`) ON DELETE NO ACTION ON UPDATE NO ACTION;

--
-- Contraintes pour la table `projectcategory`
--
ALTER TABLE `projectcategory`
  ADD CONSTRAINT `projectcategory_category` FOREIGN KEY (`category_id`) REFERENCES `category` (`id`) ON DELETE NO ACTION ON UPDATE NO ACTION,
  ADD CONSTRAINT `projectcategory_project` FOREIGN KEY (`project_id`) REFERENCES `project` (`id`) ON DELETE NO ACTION ON UPDATE NO ACTION;

--
-- Contraintes pour la table `projecttag`
--
ALTER TABLE `projecttag`
  ADD CONSTRAINT `projecttag_project` FOREIGN KEY (`project_id`) REFERENCES `project` (`id`) ON DELETE NO ACTION ON UPDATE NO ACTION,
  ADD CONSTRAINT `projecttag_tag` FOREIGN KEY (`tag_id`) REFERENCES `tag` (`id`) ON DELETE NO ACTION ON UPDATE NO ACTION;

--
-- Contraintes pour la table `projectview`
--
ALTER TABLE `projectview`
  ADD CONSTRAINT `projectview_project` FOREIGN KEY (`project_id`) REFERENCES `project` (`id`) ON DELETE NO ACTION ON UPDATE NO ACTION,
  ADD CONSTRAINT `projectview_user` FOREIGN KEY (`user_id`) REFERENCES `user` (`id`) ON DELETE NO ACTION ON UPDATE NO ACTION;

--
-- Contraintes pour la table `transaction`
--
ALTER TABLE `transaction`
  ADD CONSTRAINT `transaction_paymentmethod` FOREIGN KEY (`paymentmethod_id`) REFERENCES `paymentmethod` (`id`) ON DELETE NO ACTION ON UPDATE NO ACTION,
  ADD CONSTRAINT `transaction_project` FOREIGN KEY (`project_id`) REFERENCES `project` (`id`) ON DELETE NO ACTION ON UPDATE NO ACTION,
  ADD CONSTRAINT `transaction_user` FOREIGN KEY (`user_id`) REFERENCES `user` (`id`) ON DELETE NO ACTION ON UPDATE NO ACTION;

--
-- Contraintes pour la table `user`
--
ALTER TABLE `user`
  ADD CONSTRAINT `user_country` FOREIGN KEY (`country_id`) REFERENCES `country` (`id`) ON DELETE NO ACTION ON UPDATE NO ACTION,
  ADD CONSTRAINT `user_usertype` FOREIGN KEY (`usertype_id`) REFERENCES `usertype` (`id`) ON DELETE NO ACTION ON UPDATE NO ACTION;

--
-- Contraintes pour la table `video`
--
ALTER TABLE `video`
  ADD CONSTRAINT `video_project` FOREIGN KEY (`project_id`) REFERENCES `project` (`id`) ON DELETE NO ACTION ON UPDATE NO ACTION;

/*!40101 SET CHARACTER_SET_CLIENT=@OLD_CHARACTER_SET_CLIENT */;
/*!40101 SET CHARACTER_SET_RESULTS=@OLD_CHARACTER_SET_RESULTS */;
/*!40101 SET COLLATION_CONNECTION=@OLD_COLLATION_CONNECTION */;
SET FOREIGN_KEY_CHECKS = @OLD_FOREIGN_KEY_CHECKS;