-- MySQL dump 10.13  Distrib 5.7.11, for Win32 (AMD64)
--
-- Host: localhost    Database: crowdfunding
-- ------------------------------------------------------
-- Server version	5.7.11

/*!40101 SET @OLD_CHARACTER_SET_CLIENT=@@CHARACTER_SET_CLIENT */;
/*!40101 SET @OLD_CHARACTER_SET_RESULTS=@@CHARACTER_SET_RESULTS */;
/*!40101 SET @OLD_COLLATION_CONNECTION=@@COLLATION_CONNECTION */;
/*!40101 SET NAMES utf8 */;
/*!40103 SET @OLD_TIME_ZONE=@@TIME_ZONE */;
/*!40103 SET TIME_ZONE='+00:00' */;
/*!40014 SET @OLD_UNIQUE_CHECKS=@@UNIQUE_CHECKS, UNIQUE_CHECKS=0 */;
/*!40014 SET @OLD_FOREIGN_KEY_CHECKS=@@FOREIGN_KEY_CHECKS, FOREIGN_KEY_CHECKS=0 */;
/*!40101 SET @OLD_SQL_MODE=@@SQL_MODE, SQL_MODE='NO_AUTO_VALUE_ON_ZERO' */;
/*!40111 SET @OLD_SQL_NOTES=@@SQL_NOTES, SQL_NOTES=0 */;

--
-- Table structure for table `category`
--

DROP TABLE IF EXISTS `category`;
/*!40101 SET @saved_cs_client     = @@character_set_client */;
/*!40101 SET character_set_client = utf8 */;
CREATE TABLE `category` (
  `id` int(11) NOT NULL AUTO_INCREMENT,
  `name` varchar(20) COLLATE utf8_esperanto_ci NOT NULL,
  PRIMARY KEY (`id`)
) ENGINE=InnoDB AUTO_INCREMENT=14 DEFAULT CHARSET=utf8 COLLATE=utf8_esperanto_ci;
/*!40101 SET character_set_client = @saved_cs_client */;

--
-- Dumping data for table `category`
--

LOCK TABLES `category` WRITE;
/*!40000 ALTER TABLE `category` DISABLE KEYS */;
INSERT INTO `category` VALUES (1,'Technologie'),(2,'Éducation'),(3,'Gastronomie'),(4,'Musique'),(5,'Jeux'),(6,'Communauté'),(7,'Innovation'),(8,'Mode'),(9,'Design'),(10,'Sport'),(11,'Cinéma'),(12,'Littérature'),(13,'Évènementiel');
/*!40000 ALTER TABLE `category` ENABLE KEYS */;
UNLOCK TABLES;

--
-- Table structure for table `country`
--

DROP TABLE IF EXISTS `country`;
/*!40101 SET @saved_cs_client     = @@character_set_client */;
/*!40101 SET character_set_client = utf8 */;
CREATE TABLE `country` (
  `id` int(11) NOT NULL AUTO_INCREMENT,
  `name` varchar(45) CHARACTER SET utf8 NOT NULL,
  PRIMARY KEY (`id`)
) ENGINE=InnoDB AUTO_INCREMENT=242 DEFAULT CHARSET=utf8 COLLATE=utf8_esperanto_ci;
/*!40101 SET character_set_client = @saved_cs_client */;

--
-- Dumping data for table `country`
--

LOCK TABLES `country` WRITE;
/*!40000 ALTER TABLE `country` DISABLE KEYS */;
INSERT INTO `country` VALUES (1,'Afghanistan'),(2,'Albanie'),(3,'Antarctique'),(4,'Algérie'),(5,'Samoa Américaines'),(6,'Andorre'),(7,'Angola'),(8,'Antigua-et-Barbuda'),(9,'Azerbaïdjan'),(10,'Argentine'),(11,'Australie'),(12,'Autriche'),(13,'Bahamas'),(14,'Bahreïn'),(15,'Bangladesh'),(16,'Arménie'),(17,'Barbade'),(18,'Belgique'),(19,'Bermudes'),(20,'Bhoutan'),(21,'Bolivie'),(22,'Bosnie-Herzégovine'),(23,'Botswana'),(24,'Île Bouvet'),(25,'Brésil'),(26,'Belize'),(27,'Territoire Britannique de l\'Océan Indien'),(28,'Îles Salomon'),(29,'Îles Vierges Britanniques'),(30,'Brunéi Darussalam'),(31,'Bulgarie'),(32,'Myanmar'),(33,'Burundi'),(34,'Bélarus'),(35,'Cambodge'),(36,'Cameroun'),(37,'Canada'),(38,'Cap-vert'),(39,'Îles Caïmanes'),(40,'République Centrafricaine'),(41,'Sri Lanka'),(42,'Tchad'),(43,'Chili'),(44,'Chine'),(45,'Taïwan'),(46,'Île Christmas'),(47,'Îles Cocos (Keeling)'),(48,'Colombie'),(49,'Comores'),(50,'Mayotte'),(51,'République du Congo'),(52,'République Démocratique du Congo'),(53,'Îles Cook'),(54,'Costa Rica'),(55,'Croatie'),(56,'Cuba'),(57,'Chypre'),(58,'République Tchèque'),(59,'Bénin'),(60,'Danemark'),(61,'Dominique'),(62,'République Dominicaine'),(63,'Équateur'),(64,'El Salvador'),(65,'Guinée Équatoriale'),(66,'Éthiopie'),(67,'Érythrée'),(68,'Estonie'),(69,'Îles Féroé'),(70,'Îles (malvinas) Falkland'),(71,'Géorgie du Sud et les Îles Sandwich du Sud'),(72,'Fidji'),(73,'Finlande'),(74,'Îles Åland'),(75,'France'),(76,'Guyane Française'),(77,'Polynésie Française'),(78,'Terres Australes Françaises'),(79,'Djibouti'),(80,'Gabon'),(81,'Géorgie'),(82,'Gambie'),(83,'Territoire Palestinien Occupé'),(84,'Allemagne'),(85,'Ghana'),(86,'Gibraltar'),(87,'Kiribati'),(88,'Grèce'),(89,'Groenland'),(90,'Grenade'),(91,'Guadeloupe'),(92,'Guam'),(93,'Guatemala'),(94,'Guinée'),(95,'Guyana'),(96,'Haïti'),(97,'Îles Heard et Mcdonald'),(98,'Saint-Siège (état de la Cité du Vatican)'),(99,'Honduras'),(100,'Hong-Kong'),(101,'Hongrie'),(102,'Islande'),(103,'Inde'),(104,'Indonésie'),(105,'République Islamique d\'Iran'),(106,'Iraq'),(107,'Irlande'),(108,'Israël'),(109,'Italie'),(110,'Côte d\'Ivoire'),(111,'Jamaïque'),(112,'Japon'),(113,'Kazakhstan'),(114,'Jordanie'),(115,'Kenya'),(116,'République Populaire Démocratique de Corée'),(117,'République de Corée'),(118,'Koweït'),(119,'Kirghizistan'),(120,'République Démocratique Populaire Lao'),(121,'Liban'),(122,'Lesotho'),(123,'Lettonie'),(124,'Libéria'),(125,'Jamahiriya Arabe Libyenne'),(126,'Liechtenstein'),(127,'Lituanie'),(128,'Luxembourg'),(129,'Macao'),(130,'Madagascar'),(131,'Malawi'),(132,'Malaisie'),(133,'Maldives'),(134,'Mali'),(135,'Malte'),(136,'Martinique'),(137,'Mauritanie'),(138,'Maurice'),(139,'Mexique'),(140,'Monaco'),(141,'Mongolie'),(142,'République de Moldova'),(143,'Montserrat'),(144,'Maroc'),(145,'Mozambique'),(146,'Oman'),(147,'Namibie'),(148,'Nauru'),(149,'Népal'),(150,'Pays-Bas'),(151,'Antilles Néerlandaises'),(152,'Aruba'),(153,'Nouvelle-Calédonie'),(154,'Vanuatu'),(155,'Nouvelle-Zélande'),(156,'Nicaragua'),(157,'Niger'),(158,'Nigéria'),(159,'Niué'),(160,'Île Norfolk'),(161,'Norvège'),(162,'Îles Mariannes du Nord'),(163,'Îles Mineures Éloignées des États-Unis'),(164,'États Fédérés de Micronésie'),(165,'Îles Marshall'),(166,'Palaos'),(167,'Pakistan'),(168,'Panama'),(169,'Papouasie-Nouvelle-Guinée'),(170,'Paraguay'),(171,'Pérou'),(172,'Philippines'),(173,'Pitcairn'),(174,'Pologne'),(175,'Portugal'),(176,'Guinée-Bissau'),(177,'Timor-Leste'),(178,'Porto Rico'),(179,'Qatar'),(180,'Réunion'),(181,'Roumanie'),(182,'Fédération de Russie'),(183,'Rwanda'),(184,'Sainte-Hélène'),(185,'Saint-Kitts-et-Nevis'),(186,'Anguilla'),(187,'Sainte-Lucie'),(188,'Saint-Pierre-et-Miquelon'),(189,'Saint-Vincent-et-les Grenadines'),(190,'Saint-Marin'),(191,'Sao Tomé-et-Principe'),(192,'Arabie Saoudite'),(193,'Sénégal'),(194,'Seychelles'),(195,'Sierra Leone'),(196,'Singapour'),(197,'Slovaquie'),(198,'Viet Nam'),(199,'Slovénie'),(200,'Somalie'),(201,'Afrique du Sud'),(202,'Zimbabwe'),(203,'Espagne'),(204,'Sahara Occidental'),(205,'Soudan'),(206,'Suriname'),(207,'Svalbard etÎle Jan Mayen'),(208,'Swaziland'),(209,'Suède'),(210,'Suisse'),(211,'République Arabe Syrienne'),(212,'Tadjikistan'),(213,'Thaïlande'),(214,'Togo'),(215,'Tokelau'),(216,'Tonga'),(217,'Trinité-et-Tobago'),(218,'Émirats Arabes Unis'),(219,'Tunisie'),(220,'Turquie'),(221,'Turkménistan'),(222,'Îles Turks et Caïques'),(223,'Tuvalu'),(224,'Ouganda'),(225,'Ukraine'),(226,'L\'ex-République Yougoslave de Macédoine'),(227,'Égypte'),(228,'Royaume-Uni'),(229,'Île de Man'),(230,'République-Unie de Tanzanie'),(231,'États-Unis'),(232,'Îles Vierges des États-Unis'),(233,'Burkina Faso'),(234,'Uruguay'),(235,'Ouzbékistan'),(236,'Venezuela'),(237,'Wallis et Futuna'),(238,'Samoa'),(239,'Yémen'),(240,'Serbie-et-Monténégro'),(241,'Zambie');
/*!40000 ALTER TABLE `country` ENABLE KEYS */;
UNLOCK TABLES;

--
-- Table structure for table `favouritecategory`
--

DROP TABLE IF EXISTS `favouritecategory`;
/*!40101 SET @saved_cs_client     = @@character_set_client */;
/*!40101 SET character_set_client = utf8 */;
CREATE TABLE `favouritecategory` (
  `user_id` int(11) NOT NULL,
  `category_id` int(11) NOT NULL,
  `order` int(11) NOT NULL,
  PRIMARY KEY (`user_id`,`category_id`),
  KEY `favouritecategory_category_idx` (`category_id`),
  CONSTRAINT `favouritecategory_category` FOREIGN KEY (`category_id`) REFERENCES `category` (`id`) ON DELETE NO ACTION ON UPDATE NO ACTION,
  CONSTRAINT `favouritecategory_user` FOREIGN KEY (`user_id`) REFERENCES `user` (`id`) ON DELETE NO ACTION ON UPDATE NO ACTION
) ENGINE=InnoDB DEFAULT CHARSET=utf8 COLLATE=utf8_esperanto_ci;
/*!40101 SET character_set_client = @saved_cs_client */;

--
-- Dumping data for table `favouritecategory`
--

LOCK TABLES `favouritecategory` WRITE;
/*!40000 ALTER TABLE `favouritecategory` DISABLE KEYS */;
INSERT INTO `favouritecategory` VALUES (1,1,2),(1,4,1),(1,5,3),(2,1,3),(2,6,2),(2,12,1),(3,2,1),(3,5,3),(3,8,2),(4,5,3),(4,10,2),(4,12,1),(5,7,1),(5,8,3),(5,9,2),(6,3,3),(6,4,1),(6,12,2),(7,3,1),(7,10,2),(7,11,3),(8,1,2),(8,7,3),(8,9,1),(9,1,3),(9,4,2),(9,5,1),(10,6,2),(10,8,3),(10,11,1);
/*!40000 ALTER TABLE `favouritecategory` ENABLE KEYS */;
UNLOCK TABLES;

--
-- Table structure for table `gift`
--

DROP TABLE IF EXISTS `gift`;
/*!40101 SET @saved_cs_client     = @@character_set_client */;
/*!40101 SET character_set_client = utf8 */;
CREATE TABLE `gift` (
  `id` int(11) NOT NULL AUTO_INCREMENT,
  `title` varchar(45) CHARACTER SET utf8 NOT NULL,
  `minamount` int(11) NOT NULL,
  `description` varchar(255) COLLATE utf8_esperanto_ci NOT NULL,
  `project_id` int(11) NOT NULL,
  PRIMARY KEY (`id`),
  KEY `gift_project_idx` (`project_id`),
  CONSTRAINT `gift_project` FOREIGN KEY (`project_id`) REFERENCES `project` (`id`) ON DELETE NO ACTION ON UPDATE NO ACTION
) ENGINE=InnoDB AUTO_INCREMENT=1598 DEFAULT CHARSET=utf8 COLLATE=utf8_esperanto_ci;
/*!40101 SET character_set_client = @saved_cs_client */;

--
-- Dumping data for table `gift`
--

LOCK TABLES `gift` WRITE;
/*!40000 ALTER TABLE `gift` DISABLE KEYS */;
INSERT INTO `gift` VALUES (1022,'Contrepartie n°1',5,'\'Derrière le voile\' au format digital. 1 wallpaper. ',229),(1023,'Contrepartie n°2',6,'\'Les enfants de la nuit - 1 : Le tueur centenaire\' au format digital. ',229),(1024,'Contrepartie n°3',8,'\'Les enfants de la nuit - 1 : Le tueur centenaire\' au format digital. 2 wallpapers . ',229),(1025,'Contrepartie n°4',9,'Les enfants de la nuit - 1 : Le tueur centenaire au format digital. Derrière le voile au format digital. ',229),(1026,'Contrepartie n°5',19,'Derrière le voile (format papier). Frais de port pour la France Métropolitaine inclus. ',229),(1027,'Contrepartie n°6',23,'Les enfants de la nuit - 1 : Le tueur centenaire (format papier). Frais de port pour la France Métropolitaine inclus. ',229),(1028,'Contrepartie n°7',28,'Les enfants de la nuit - 1 : Le tueur centenaire (format papier). 3 Cartes postales au format A6. Frais de port pour la France Métropolitaine inclus. ',229),(1029,'Contrepartie n°8',33,'Les enfants de la nuit - 1 : Le tueur centenaire (format papier). 3 Cartes Postales au format A6. 2 Illustrations imprimées au format A4. Frais de port pour la France Métropolitaine inclus. ',229),(1030,'Contrepartie n°9',55,'Derrière le voile (papié et digital). Les enfants de la nuit, tome 1 (papier et digital). 3 Cartes postales au format A6. 2 illustrations imprimées au format A4. Frais de port pour la France Métropolitaine inclus. ',229),(1031,'Contrepartie n°1',5,'\"Que la Force soit avec toi !\" Savoir aimer, sans rien attendre en retour.  \nChaque participation compte ! Si l\'on atteint le 2ème objectif (15000€) vous aurez une chance d\'être tiré(e) au sort pour recevoir une des 100 contreparties surprises. ',230),(1032,'Contrepartie n°2',10,'\"J\'adore écouter cet album hors-connexion\" Je reçois un code pour télécharger l\'album en version digitale , dés sa sortie. Limité à 1000 exemplaires . ',230),(1033,'Contrepartie n°1',500,'Contrepartie unique Donnera accès au téléchargement de toutes les polices Cursive Dumont débloquées par les paliers de commandes. ',231),(1034,'Contrepartie n°1',5,'Binge Audioteur/trice Merci. Cœur avec les doigts. ',232),(1035,'Contrepartie n°2',15,'Binge Audioteur/trice  IVORY Votre nom aux crédits écrits des premiers podcasts de l\'année 2017 \n+ \nMerci. Cœur avec les doigts. ',232),(1036,'Contrepartie n°3',25,'Binge Audioteur/trice  GOLD PLUS Un poster magnifique format 40 x 60 cm \n+ Une version e-pub du livre BINGE AUDIO SAISON #1 , avec des extraits des émissions, interviews, photos et dessins \n+ \nLes contreparties précédentes ',232),(1037,'Contrepartie n°4',35,'Binge Audioteur/trice  ÉLITE AZUR Le superbe t-shirt Binge Audio \n+ \nLes contreparties précédentes ',232),(1038,'Contrepartie n°5',50,'Binge Audioteur/trice LE CLUB Le livre en papier BINGE AUDIO SAISON #1 avec des extraits des émissions, interviews, photos et dessins + \nL\'accès gratuit aux enregistrements de toute la saison 2016-17 (jusqu\'en juillet 2017) + \nUne superbe carte de...',232),(1039,'Contrepartie n°6',75,'Binge audioteur/trice  PLATINIUM HIPSTAR Le vinyle collector des meilleurs moments de NoFun (face A) et NoCiné (face B) \n+  \nLes contreparties précédentes ',232),(1040,'Contrepartie n°7',100,'Binge Audioteur/trice  PRESTIGE Votre place réservée pour 2 à tous les enregistrements NoFun et NoCiné de la saison 2016-17 avec votre nom dessus écrit en lettres COMIC SANS MS \n+ \nL\'accès aux coulisses et au buffet de l\'équipe lors de votre ...',232),(1041,'Contrepartie n°8',250,'Binge Auditeur/trice INFINITE On va pas se mentir, si vous mettez autant d\'argent pour aider Binge Audio, c\'est que vous en avez assez pour ne pas être très intéressé par un pin\'s parlant de nos podcasts ou un tote-bag, en plus de tout ce qui pré...',232),(1042,'Contrepartie n°1',5,'Les petits ruisseaux font les grandes rivières : un grand MERCI   po u r votre participation. + 3 contributeurs seront tirés au sort. A gagner : - 1x COFFRET MÉTHODE 3 : M3 Journal + livre Méthode 3 + crayon à papier M3  - 2x M3 Journal Versi...',233),(1043,'Contrepartie n°2',15,'LAST CHANCE - ÉDITION LIMITÉE AUX PREMIERS PARTICIPANTS M3 Journal Version PDF + Ebook Méthode 3 Le M3 Journal et le livre Méthode 3 à imprimer chez vous. De plus, cette contrepartie vous donne accès au groupe privé de la communauté et à nos...',233),(1044,'Contrepartie n°3',20,'M3 Journal Version PDF + Ebook Méthode 3 Le M3 Journal et le livre Méthode 3 à imprimer chez vous. De plus, cette contrepartie vous donne accès au groupe privé de la communauté et à nos évènements. Livraison : Envoyé par mail sous format PD...',233),(1045,'Contrepartie n°4',27,'ÉDITION LIMITÉE  (Seconde chance) LE COFFRET MÉTHODE 3 : M3 Journal (x1) + livre Méthode 3 (x1) + crayon à papier M3 (x1) Le coffret contient le livre Méthode 3 pour la théorie, le M3 Journal pour la pratique et un crayon à papier pour commen...',233),(1046,'Contrepartie n°5',30,'LE COFFRET MÉTHODE 3 : M3 Journal (x1) + livre Méthode 3 (x1) + crayon à papier M3 (x1)  Le coffret contient le livre Méthode 3 pour la théorie, le M3 Journal pour la pratique et un crayon à papier pour commencer immédiatement à vous surpasser...',233),(1047,'Contrepartie n°6',54,'PACK DUO OU 6 MOIS DE M3 JOURNAL SEUL 2 COFFRETS MÉTHODE 3 : M3 Journal (x2) + livre Méthode 3 (x2) + crayon à papier M3 (x2)  Chaque coffret contient le livre Méthode 3 pour la théorie, le M3 Journal pour la pratique et un crayon à papier pour ...',233),(1048,'Contrepartie n°7',100,'UN AN DE M3 JOURNAL 4 COFFRETS MÉTHODE 3 : M3 Journal (x4) + livre Méthode 3 (x4) + crayon à papier M3 (x4)  Chaque coffret contient le livre Méthode 3 pour la théorie, le M3 Journal pour la pratique et un crayon à papier pour commencer immédia...',233),(1049,'Contrepartie n°8',230,'START UP / PME : DOPEZ LA PRODUCTIVITE DE VOTRE ENTREPRISE Equipez chacun de vos salariés pour qu\'ils atteignent leurs objectifs professionnels tout en se développant personnellement.  Facture au nom de votre entreprise . 10 COFFRETS MÉTHODE 3 : ...',233),(1050,'Contrepartie n°9',500,'POUR LES GENEREUX DONATEURS Echange autour d\'un repas au restaurant avec le créateur de la Méthode 3 et du M3 Journal et trois entrepreneurs ayant participé à la contruction du projet. Les contributeurs, recevront également quatre coffrets Métho...',233),(1051,'Contrepartie n°1',5,'LE COUP DE PATTE Nos sincères remerciements \n+ Un  sticker  Ronron Café \n+ Un sticker Ronron Association ',234),(1052,'Contrepartie n°2',10,'LE PREMIER RONRON Les contreparties précédentes \n+ Un  magnet  Ronron Café ',234),(1053,'Contrepartie n°3',30,'LE CHATON CURIEUX Les contreparties précédentes \n+ Une  boisson  en  avant-première  au Ronron Café \n+ Un  porte-clés Ronron Association ',234),(1054,'Contrepartie n°4',50,'LE CHATON CÂLIN Les contreparties précédentes \n+ Une boisson supplémentaire au Ronron Café \n+ Un  magnet  Ronron Association ',234),(1055,'Contrepartie n°5',75,'LE GOÛTER DU CHATON Les contreparties précédentes \n+ Un  goûter en avant-premère  au Ronron Café ',234),(1056,'Contrepartie n°6',100,'LE CHATON GOURMAND Les contreparties précédentes \n+ Un goûter supplémentaire au Ronron Café \n+ Votre  adhésion à la Ronron Association en tant que membre bienfaiteur \n+ Des  stickers , porte-clés et magnets  supplémentaires ',234),(1057,'Contrepartie n°7',150,'LE RONRON DU MIDI Les contreparties précédentes \n+ Un  forfait midi  au Ronron Café ',234),(1058,'Contrepartie n°8',200,'LE BRUNCH DU CHATON Les contreparties précédentes \n+ Un  brunch pour deux  au Ronron Café ',234),(1059,'Contrepartie n°9',500,'LE VERY IMPORTANT CAT-LOVER Les contreparties précédentes \n+ Une  visite guidée  du Ronron Café en avant-première  avec sa créatrice lors d’un moment privilégié ',234),(1060,'Contrepartie n°10',800,'LA FAMILLE DU CHATON Les contreparties précédentes \n+ Une  soirée privative  pour  vous et 10 de vos proches  au Ronron Café ',234),(1061,'Contrepartie n°1',10,'Un CHALEUREUX merci <3 <3 1 service de box offert en avant-première* 1 pochon de lavage en machine Miroir de Muses pour prendre soin de votre lingerie 1 carte postale Miroir de Muses  Votre nom / prénom publié sur notre site internet *Les frais de...',235),(1062,'Contrepartie n°2',25,'Un CHALEUREUX merci <3 <3 <3  1 service de box offert en avant-première* 1 pochette en satin Miroir de Muses pour emporter votre lingerie en voyage 1 pochon de lavage en machine Miroir de Muses pour prendre soin de votre lingerie 1 carte postale Miro...',235),(1063,'Contrepartie n°3',40,'1 service de Box offert en avant-première* 1 Bougie parfumée Miroir de Muses 1 pochette en satin Miroir de Muses pour emporter votre lingerie en voyage 1 pochon de lavage en machine pour prendre soin de votre lingerie  1 carte postale Miroir de Muse...',235),(1064,'Contrepartie n°1',5,'PACK STICKER 1 sticker Escapade Carbet  pour afficher partout votre soutien 1 marque-page Escapade Carbet Votre nom dans les remerciements du guide :) Livraison  : livraison en Guyane, autres départements d\'Outre-Mer ou en France métropolitaine i...',236),(1065,'Contrepartie n°2',10,'PACK GUIDE SANS LIVRAISON 1 sticker Escapade Carbet  1 marque-page Escapade Carbet  Votre nom dans les remerciements du guide :)  1 exemplaire du guide Escapade Carbet en avant-première Livraison : à venir retirer en main-propre à Cayenne. Pas ...',236),(1066,'Contrepartie n°3',20,'PACK GUIDE DEDICACÉ 1 sticker Escapade Carbet  1 marque-page Escapade Carbet  Votre nom dans les remerciements du guide :)  1 exemplaire du guide Escapade Carbet 1 carte postale Escapade Carbet 1 dédicace personnalisée des auteurs  dans votre ...',236),(1067,'Contrepartie n°4',40,'PACK T-SHIRT  1 sticker Escapade Carbet  1 marque-page Escapade Carbet  Votre nom dans les remerciements du guide :)  1 exemplaire du guide Escapade Carbet  1 carte postale Escapade Carbet 1 dédicace personnalisée des auteurs dans votre exemp...',236),(1068,'Contrepartie n°5',100,'PACK BOX SURPRISE !!! Escapade Carbet vous préparera une box surprise personnalisée, pour un contenu d’une valeur de 150€ minimum livré chez vous :) :) :) Voir les exemples de contenu distribués aléatoirement dans la description des contrepa...',236),(1069,'Contrepartie n°6',200,'PACK WEEK-END HAMAC EN DUO 1 WE en carbet pour 2 personnes  (voyage jusqu\'en Guyane non inclus) 2 t-shirts homme ou femme avec le slogan \"Mieux vaut un bon hamac qu\'un mauvais lit\" 2 exemplaires du guide Escapade Carbet en avant-première 1 dédica...',236),(1070,'Contrepartie n°7',500,'PACK COMMUNICATION 1 demi-page d\'expression libre dans le guide Escapade Carbet (visuel, encart publicitaire, interview, …) 2 exemplaires du guide Escapade Carbet en avant-première 2 t-shirts  homme ou femme avec le slogan \"Mieux vaut un bon hamac...',236),(1071,'Contrepartie n°8',2000,'PACK COMMUNICATION PREMIUM 1 page pleine d\'expression libre dans le guide Escapade Carbet (visuel, encart publicitaire, interview, …) Votre logo sur la 4ème de couverture 1 article avec lien sur escapade-carbet.com et sur nos réseaux sociaux 4 exe...',236),(1072,'Contrepartie n°1',5,'Remerciements sur une page dédiée dans l’application sur laquelle votre nom apparaîtra et intégration à la communauté d’utilisateurs Animalost qui seront informés de l’actualité et des développements du projet ',237),(1073,'Contrepartie n°2',10,'La contrepartie précédente + un badge Animalost (à porter sans modération !) ',237),(1074,'Contrepartie n°3',20,'Les contrepartie précédentes + une médaille en PVC souple logo AnimaLost  pour votre Yukki! ',237),(1075,'Contrepartie n°4',30,'Les contrepartie précédentes +  un porte-clés  Lanyard  AnimaLost avec séparateur plastique et clip de sécurité  ',237),(1076,'Contrepartie n°5',65,'Les contrepartie précédentes + un poster \"Walkin\'on my Mood\" , composé de 64 photos \"street art\", format 60x80, offert dans son tube transparent.   ',237),(1077,'Contrepartie n°6',100,'Les contrepartie précédentes du palier \"45 € ou plus\" + une affiche illustrée 30x40 cm Pixel & Paper - Rocking chair (créations en séries limitées pour AnimaLost) http://pixel-paper.com/ ',237),(1078,'Contrepartie n°7',300,'Les contreparties précédentes \"45 € ou plus\" + un tirage d\'une photo déco format 30x40 cm , impression sur Forex  Choix possibles parmi les 11 photos proposées dans \"Contreparties\" une fois la campagne terminée.    ',237),(1079,'Contrepartie n°8',500,'Les contreparties précédentes \"45 € ou plus\" + 1 tirage d\'une photo déco 60x40 cm  contrecolée sur Forex mat Choix possibles parmi les 11 photos proposées dans \"Contreparties\" une fois la campagne terminée.    ',237),(1080,'Contrepartie n°9',600,'PACK ENTREPRISE Les contreparties précédentes \"45 € ou plus\"  pour 5 collaborateurs + 1 tirage d\'une photo déco format 30x40 cm , impression sur Forex   Choix possibles parmi les 11 photos proposées dans \"Contreparties\" une fois la campagne ...',237),(1081,'Contrepartie n°10',1000,'Les contreparties précédentes \"45 € ou plus\" + 1 tirage d\'une photo déco 90x60 cm  contrecollée sur Forex mat et encadrée dans caisse américaine Choix possibles parmi les 11 photos proposées dans \"Contreparties\" une fois la campagne termin...',237),(1082,'Contrepartie n°11',1000,'PACK ENTREPRISE Les contreparties précédentes \"45 € ou plus\" pour 10 collaborateurs  +  1 tirage d\'une photo déco 60x40 cm contrecollée sur Forex mat Choix possibles parmi les 11 photos proposées dans \"Contreparties\" une fois la campagne te...',237),(1083,'Contrepartie n°12',5000,'PACK ENTREPRISE Les contreparties précédentes \"45 € ou plus\" pour 20 collaborateurs  +  1 tirage d\'une photo déco 90x60 cm contrecolée sur Forex mat et  encadrée dans caisse américaine  Choix possibles parmi les 11 photos proposées dans...',237),(1084,'Contrepartie n°1',5,'Grâce à vous, nous nous sentons soutenus. Nous vous offrons un peu d\'immortalité en inscrivant votre nom dans la licence du Moloco. ',238),(1085,'Contrepartie n°2',10,'Grâce à vous, nous nous sentons encore plus soutenus. Nous vous offrons un set de couvertures facebook afin que vous puissiez montrer à toute la toile votre résistance à l\'hégémonie bancaire. + contrepartie précédente ',238),(1086,'Contrepartie n°3',25,'Grâce à vous, les bénévoles et salariés des monnaies locales commencent à voir poindre un avenir radieux au bout du tableur. Nous vous offrons un recueil de textes , au format PDF ou ePub, sur la monnaie et le numérique. + contreparties précéd...',238),(1087,'Contrepartie n°4',50,'Grâce à vous, de nouveaux citoyens prennent confiance et lancent leur monnaie locale. Nous vous offrons  1 an d\'adhésion à la monnaie locale de votre choix parmi celles qui figurent en bas de page + contreparties précédentes ',238),(1088,'Contrepartie n°5',100,'Grâce à vous, les commerces de proximité se sentent un peu moins menacés par la grande distribution. Nous vous offrons 2 ans d\'adhésion à la monnaie locale de votre choix parmi celles qui figurent en bas de page + contreparties précédentes ',238),(1089,'Contrepartie n°6',150,'Grâce à vous, les centre-villes et les campagnes revivent. Nous vous offrons 3 ans d\'adhésion à la monnaie locale de votre choix parmi celles qui figurent en bas de page + contreparties précédentes ',238),(1090,'Contrepartie n°7',200,'Grâce à vous, le monde de la finance commence à trembler. Nous vous envoyons chez vous un  recueil de textes , édité par une maison d\'édition Cartonera, sur la monnaie et le numérique. + contreparties précédentes ',238),(1091,'Contrepartie n°8',250,'Grâce à vous, la monnaie devient un peu plus créatrice de lien social. Votre nom et/ou marque au générique du tutoriel vidéo du Moloco + contreparties précédentes ',238),(1092,'Contrepartie n°9',300,'Grâce à vous, les monnaies locales vont conquérir le monde. Nous vous offrons  l\'adhésion à vie à la monnaie locale de votre choix parmi celles qui figurent en bas de page + contreparties précédentes ',238),(1093,'Contrepartie n°10',400,'Grâce à vous, le numérique devient un peu plus libre. Votre nom et/ou marque à voix haute dans le tutoriel vidéo du Moloco + contreparties précédentes ',238),(1094,'Contrepartie n°11',500,'Grâce à vous, l\'économie devient un peu plus juste. Votre nom et/ou logo sur moloco.org, la page de téléchargement du Moloco, ainsi que sur cette page parmi nos mécènes. + contreparties précédentes ',238),(1095,'Contrepartie n°1',5,'Un grand merci, et votre nom sur le mur des donateurs . ',239),(1096,'Contrepartie n°2',10,'Un verre de vin, un demi ou un café offert au Bar commun après son ouverture  Votre nom sur le mur des donateurs ',239),(1097,'Contrepartie n°3',25,'Un set de 6   sous-bocks pour penser au Bar commun  Un livre acheté en votre nom pour compléter la bibliothèque partagée du Bar commun Un verre de vin, un demi ou un café Votre nom sur le mur des donateurs ',239),(1098,'Contrepartie n°4',50,'Une  tournée commune  pour vous et 3 de vos amis Un décapsuleur “Le Bar commun” à coller sur votre frigo vide pour vous rappeler que décidément, boire un coup, c\'est plus sympa au bar commun Votre nom sur le mur des donateurs  ',239),(1099,'Contrepartie n°5',150,'Une formation de choc aux trucs et astuces des barmen ou barwomen communs : les mousses du cappuccino et de la bière n’auront plus aucun secret pour vous ! Et, en guise de diplôme, le tablier collector . Votre nom sur le mur des donateurs ',239),(1100,'Contrepartie n°6',500,'La salle du Bar commun est à vous un lundi ou un mardi soir : pour organiser un débat, un spectacle, ou faire la fête, ce soir là vous êtes chez vous ! Avec  panoplie officielle du barman commun incluse  pour vous garantir un maximum de crédibi...',239),(1101,'Contrepartie n°7',1000,'Le Grand Soir La salle du Bar commun est à vous pour la soirée de votre choix (weekend compris) Avec  panoplie officielle du barman commun incluse . Votre nom sur le mur des donateurs    ',239),(1102,'Contrepartie n°1',5,'Merci Un super remerciement  sur notre site web et sur les réseaux sociaux (Facebook, Twitter, Instagram, YouTube) Un immense merci de croire au projet! ',240),(1103,'Contrepartie n°2',9,'Votre nom dans les crédits & bêta testeur de l’application & notre reconnaissance éternelle ! Une carte de remerciements personnalisée postée chez vous  ',240),(1104,'Contrepartie n°3',25,'Contreparties précédentes + Vous participez à un atelier coaching pour trouver un job à Londres avec une relecture de votre CV et lettre de motivation. S\'adapter au système Anglais est important pour bien démarrer et trouver un emploi.  ',240),(1105,'Contrepartie n°4',42,'Contreparties précédentes  + En visite à Londres, vous recevrez un guide de nos bonnes adresses et de bons plans personnalisés par notre équipe selon vos attentes. Celui-ci permettra de faciliter votre séjour et vous orienter plus facilement.  ',240),(1106,'Contrepartie n°5',70,'Donation 10% est reversé à aider une famille à payer les frais de cantine scolaire pour un enfant etudiant dans une école française de Londres.  Vous contribuez à aider les enfants en difficultés.  Nous enverrons aux familles une carte de ...',240),(1107,'Contrepartie n°6',150,'Publicité Nous vous offrons trois mois de publicité sur l\'ensemble de notre site internet avec logo & lien vers votre site sur notre page principale.  ',240),(1108,'Contrepartie n°1',5,'Ton nom sérigraphié dans la salle de spectacle (Réalisé par les jeunes en Atelier « Carpinteria ») ',241),(1109,'Contrepartie n°2',10,'Contrepartie précédente + Un porte-clé Lama (Artisanat Cusquénien) ',241),(1110,'Contrepartie n°3',20,'Contreparties précédentes + Affiche dédicacée par les artistes de la soirée d’inauguration. ',241),(1111,'Contrepartie n°4',35,'Contreparties précédentes + Une carte postale de la salle de spectacle avec les jeunes lors de la soirée d’inauguration et dédicacée ',241),(1112,'Contrepartie n°5',50,'Contreparties précédentes + Une boite de \"Galletitas de Maracuya\"  (biscuits au maracuya) conçue en ateliers \"Carpinteria\" et \"Panaderia\" par les jeunes en apprentissage. ',241),(1113,'Contrepartie n°6',75,'Contreparties précédentes + DVD de la réalisation de ce projet (étapes 1 à 4) ',241),(1114,'Contrepartie n°7',100,'Contreparties précédentes + Un album photo unique de la réalisation de ce projet (étapes 1 à 4) et des activités de l’association Qosqo Maki conçu en atelier Bibliothèque. ',241),(1115,'Contrepartie n°1',10,'Ne vous coûte que 3,40€ après déduction fiscale PETITE GRAINE Un gros bisou + Un email de remerciement + Votre nom sur le site + Un petit mot sur nos aventures et découvertes envoyé à la fin de chaque escale avec, à chaque fois, une recette lo...',242),(1116,'Contrepartie n°2',20,'Ne vous coûte que 6,80€ après déduction fiscale  JEUNE POUSSE Un reportage photographique de notre voyage, de nos découvertes et de nos étapes, en édition numérique  + Contreparties précédentes MERCI ! ',242),(1117,'Contrepartie n°3',50,'Ne vous coûte que 17€ après déduction fiscale JOLIE FLEUR Une invitation en avant-première à notre soirée de restitution organisée exclusivement pour vous nos contributeurs (ou une conversation en tête-à-tête avec nous s\'il vous est impossi...',242),(1118,'Contrepartie n°4',80,'Ne vous coûte que 26,4€  après déduction fiscale BELLE PLANTE Une visite-découverte d’un jardin partagé à Paris (ou un reportage vidéo personnalisé de la visite si impossibilité de vous déplacer) + Une carte postale personnalisée du ...',242),(1119,'Contrepartie n°5',100,'Ne vous coûte que 34€ après déduction fiscale BONSAÏ Le livre \"Jardiniers du bitume, des liens fleurissent dans les jardins partagés\" par Les Xérographes, dédicacé à votre nom  + Les contreparties précédentes MERCI ! ',242),(1120,'Contrepartie n°6',200,'Ne vous coûte que 68€ après déduction fiscale ARBRE DE LA SAGESSE Un atelier lombricompost juste pour vous ! + Les contreparties précédentes MERCI ! ',242),(1121,'Contrepartie n°7',1000,'Ne vous coûte que 340€ après déduction fiscale  DIVINITE DE LA NATURE (pour les associations, collectivités, entreprises) La plantation d\'arbres au nom de vos collaborateurs, accompagné de son reportage photo, dans le cadre d\'un programme de re...',242),(1122,'Contrepartie n°1',10,'- Un énorme merci d\'avoir contribué à la réalisation de ce projet - Lien vers le documentaire en avant première - Votre nom au générique ',243),(1123,'Contrepartie n°2',15,'Un sticker \"La Tête dans les Nuages\" + Contreparties précédentes fdp inclus / +2€ pour envoi international ',243),(1124,'Contrepartie n°3',25,'Un Poster \"La Tête dans les Nuages\" + Contreparties précédentes fdp inclus / +2€ pour envoi international ',243),(1125,'Contrepartie n°4',50,'Une place à l\'avant première + Contreparties précédentes fdp inclus / +2€ pour envoi international ',243),(1126,'Contrepartie n°5',100,'Un tshirt \"La Tête dans les Nuages\" + Contreparties précédentes fdp inclus / +4€ pour envoi international ',243),(1127,'Contrepartie n°6',250,'Un abonnement au magazine Paramag + Contreparties précédentes fdp inclus / +4€ pour envoi international ',243),(1128,'Contrepartie n°7',550,'Un saut en Tandem au club \"Arcachon La Teste\" + Contreparties précédentes fdp inclus / +4€ pour envoi international ',243),(1129,'Contrepartie n°8',2500,'- Un énorme merci de m\'avoir permi de réaliser ce projet - Lien vers le documentaire en avant première - Votre nom au générique - Un sticker \"La Tête dans les Nuages\" - Un Poster \"La Tête dans les Nuages\" - Une place à l\'avant première - Un t...',243),(1132,'Contrepartie n°1',5,'votre nom sur les réseaux sociaux et sur mon site Internet ',245),(1133,'Contrepartie n°2',10,'votre nom sur les réseaux sociaux et sur mon site Internet l\'EP en format digital ',245),(1134,'Contrepartie n°3',20,'votre nom sur les réseaux sociaux et sur mon site Internet l\'EP en format physique dans votre boîte aux lettres ',245),(1135,'Contrepartie n°4',30,'votre nom sur les réseaux sociaux et sur mon site Internet l\'EP dédicacé dans votre boîte aux lettres ',245),(1136,'Contrepartie n°5',40,'votre nom sur les réseaux sociaux et sur mon site Internet l\'EP dans votre boîte aux lettres une photo inédite dédicacée ',245),(1137,'Contrepartie n°6',50,'votre nom sur les réseaux sociaux et sur mon site Internet l\'EP dans votre boîte aux lettres une photo inédite dédicacée  un tote bag avec l\'illustration de la pochette de l\'EP ',245),(1138,'Contrepartie n°7',70,'votre nom sur les réseaux sociaux et sur mon site Internet l\'EP dans votre boîte aux lettres une photo inédite dédicacée  un tote bag avec l\'illustration de la pochette de l\'EP 1 titre acoustique en exclusivité ',245),(1139,'Contrepartie n°8',100,'votre nom sur les réseaux sociaux et sur mon site Internet l\'EP dans votre boîte aux lettres une photo inédite dédicacée  un tote bag avec l\'illustration de la pochette de l\'EP 1 titre acoustique en exclusivité les paroles de l\'un des titres man...',245),(1140,'Contrepartie n°9',200,'votre nom sur les réseaux sociaux et sur mon site Internet l\'EP dans votre boîte aux lettres une photo inédite dédicacée  un tote bag avec l\'illustration de la pochette de l\'EP 1 titre acoustique en exclusivité les paroles de l\'un des titres man...',245),(1141,'Contrepartie n°10',350,'votre nom sur les réseaux sociaux et sur mon site Internet l\'EP dans votre boîte aux lettres une photo inédite dédicacée  un tote bag avec l\'illustration de la pochette de l\'EP 1 titre acoustique en exclusivité les paroles de l\'un des titres man...',245),(1142,'Contrepartie n°11',500,'votre nom sur les réseaux sociaux et sur mon site Internet l\'EP dans votre boîte aux lettres une photo inédite dédicacée  un tote bag avec l\'illustration de la pochette de l\'EP 1 titre acoustique en exclusivité les paroles de l\'un des titres man...',245),(1143,'Contrepartie n°1',5,'Un titre de l\'album en format numérique. ',246),(1144,'Contrepartie n°2',15,'Remise du EP L\'Oiseau du Dimanche sous format numérique. ',246),(1145,'Contrepartie n°3',30,'Remise du EP L\'Oiseau du Dimanche sous forme physique . Frais d\'envois inclus. ',246),(1146,'Contrepartie n°4',50,'Une place pour un de nos prochains concerts. ',246),(1147,'Contrepartie n°5',150,'Spectacle privé \"show de salon\" chez le donateur. ( Dans un rayon de 250 km de Sherbrooke .) ',246),(1148,'Contrepartie n°6',500,'Spectacle privé à Sherbrooke, organisé par Phonz ( lieu et accueil fournis par Phonz en fonction du nombre de spectateurs ). ',246),(1149,'Contrepartie n°1',5,'« Thankful ! »  Remerciements personnels sur nos réseaux sociaux ',247),(1150,'Contrepartie n°2',15,'« Pleased ! » Remerciements personnels sur nos réseaux sociaux Un bracelet Kokoro   ',247),(1151,'Contrepartie n°3',25,'« Hopeful ! » ​Remerciements personnels sur nos réseaux sociaux Un bracelet Kokoro  ​ ​ 1 mois de programme KOKORO lingua  offert pour son enfant ou pour un proche et 1 mois offert pour une famille défavorisée via des associations parten...',247),(1152,'Contrepartie n°4',50,'« Joyful ! » Remerciements personnels sur nos réseaux sociaux Un bracelet Kokoro  Un poster des émotions en anglais 3 mois de programme KOKORO lingua offerts et 3 mois offerts pour une famille défavorisée via des associations partenaires ',247),(1153,'Contrepartie n°5',100,'«   Proud ! » Remerciements personnels sur nos réseaux sociaux Un bracelet Kokoro  Un poster des émotions en anglais Une expression artistique de l’enfant et le nom du donateur , sur le mur virtuel de la première communauté Kokoro 4 mois de...',247),(1154,'Contrepartie n°6',250,'«   Thrilled ! » Remerciements personnels sur nos réseaux sociaux Un bracelet Kokoro  Un poster des émotions en anglais Une expression artistique de l’enfant et le nom du donateur, sur le mur virtuel de la première communauté Kokoro 6 mois ...',247),(1155,'Contrepartie n°7',500,'« Excited ! » ​ Remerciements personnels sur nos réseaux sociaux Un bracelet Kokoro  Un poster des émotions en anglais Une expression artistique de l’enfant et le nom du donateur, sur le mur virtuel de la première communauté Kokoro Une toil...',247),(1156,'Contrepartie n°8',750,'« Uplifted ! »   En plus des contreparties de « Excited ! »   KOKORO lingua va grandir avec vous ! Nous allons créer des ateliers en France et en Suisse. Formation pour devenir animateur KOKORO lingua et devenez parrain/marraine du premier at...',247),(1157,'Contrepartie n°9',1500,'« Enthusiastic ! » En plus des contreparties de « Uplifted ! »   Invitation à une conférence «prestige»  Le nom/logo de votre entreprise ou votre association mentionné sur les communications « corporate » KOKORO lingua comme soutien de...',247),(1158,'Contrepartie n°1',5,'un mail de remerciement et votre nom sur un tableau sur un mur de la boutique. ',248),(1159,'Contrepartie n°2',10,'un mail de remerciement,votre nom sur un tableau sur un mur de la boutique et un autocollant avec le logo du magasin. A retirer sur place ',248),(1160,'Contrepartie n°3',20,'Un mail de remerciement, votre nom sur un tableau sur un mur de la boutique et un autocollant avec le logo du magasin et un bon pour 1 kg de légumes locaux   A retirer sur place. ',248),(1161,'Contrepartie n°4',35,'un mail de remerciement, votre nom sur un tableau sur un mur de la boutique et un autocollant avec le logo du magasin, un bon pour 1 kg de légumes locaux et   un pot de miel du Perche A retirer sur place. ',248),(1162,'Contrepartie n°5',50,'un mail de remerciement, votre nom sur un tableau sur un mur de la boutique et un autocollant avec le logo du magasin, un bon pour 1 kg de légumes locaux, un pot de miel du Perche  et une invitation à la soirée d\'inauguration avec dégustation de...',248),(1163,'Contrepartie n°6',100,'un mail de remerciement, votre nom sur un tableau sur un mur de la boutique et un autocollant avec le logo du magasin, un bon pour 1 kg de légumes locaux, un pot de miel du Perche, une invitation à la soirée d\'inauguration avec dégustation de pr...',248),(1164,'Contrepartie n°1',5,'Notre premier EP \" Orion \" en version digitale (MP3 & WAV) sortie en Juillet 2015 dans votre boite mail ! ',249),(1165,'Contrepartie n°2',10,'Le nouvel album \"Osni\" en version digitale dans votre boite mail ! ',249),(1166,'Contrepartie n°3',15,'Le nouvel album \"Osni\" dans votre boite aux lettres ! ',249),(1167,'Contrepartie n°4',17,'Le nouvel album \"Osni\" dédicacé dans votre boite aux lettres ! ',249),(1168,'Contrepartie n°5',28,'Deux albums physiques \"Osni\" ! \nDeux albums \" Osni \" dans votre boite aux lettres. Un pour soi et un autre pour offrir ;) ',249),(1169,'Contrepartie n°6',30,'Pack T-Shirt + Album \"Osni\" Physique  dédicacé \nLe T-Shirt OLOJi de la taille de votre choix et l\'album \" Osni \"  dédicacé  dans votre boite aux lettres ! ',249),(1170,'Contrepartie n°7',60,'Pack 2 Albums dédicacés + 2 T-Shirts \n2 T-Shirt OLOJi de la taille de votre choix et deux albums \" Osni \" dédicacés dans votre boite aux lettres ! ',249),(1171,'Contrepartie n°8',70,'Pack 5 Albums Physiques \"Osni\" 5 albums \"Osni\" d\'OLOJi pour offrir ! \n  ',249),(1172,'Contrepartie n°9',88,'Pack 3 Albums dédicacés + 3 T-Shirts \nTrois T-Shirt OLOJi de la taille de ton choix et trois albums \"Osni\" dédicacés dans ta boite aux lettres ! ',249),(1173,'Contrepartie n°10',115,'Pack 4 Albums dédicacés + 4 T-Shirts \nQuatres T-Shirt OLOJi de la taille de votre choix et quatres albums \" Osni \" dédicacés dans votre boite aux lettres ! ',249),(1174,'Contrepartie n°11',300,'Concert acoustique dans votre salon d\'un des quatre membres du groupe en solo ! \nL\'album \" Osni \" en version physique offert. Prévoir frais de déplacements. ',249),(1175,'Contrepartie n°12',500,'Concert acoustique dans votre salon de deux des quatre membres du groupe en duo ! \nL\'album \" Osni \" en version physique offert. Prévoir frais de déplacements. ',249),(1176,'Contrepartie n°13',1000,'Concert acoustique dans votre salon du groupe OLOJi ! \nL\'album \" Osni \" en version physique offert. Prévoir frais de déplacements. ',249),(1177,'Contrepartie n°14',1500,'Concert du groupe OLOJi avec sonorisation ! \nL\'album \" Osni \" en version physique offert. Prévoir frais de déplacements + matériel. ',249),(1178,'Contrepartie n°1',10,'Un croquis de modèle dédicacé Un Tote Bag RAHRE (sac écoresponsable) Remerciement sur le site internet ',250),(1179,'Contrepartie n°2',25,'Un croquis de modèle dédicacé Un Tote Bag RAHRE (sac écoresponsable) Remerciement sur le site internet + Un cadeau surprise Une robe pull en coton naturel * Nous vous contacterons en milieu de campagne pour que vous nous communiquiez votre taille (...',250),(1180,'Contrepartie n°3',55,'Un croquis de modèle dédicacé Remerciement sur le site internet Un Tote Bag RAHRE (sac écoresponsbale) + Un cadeau surprise Une robe pull en coton naturel Un manteau sans manches réversible en laine  \n *Nous vous contacterons en milieu de campagn...',250),(1181,'Contrepartie n°4',100,'Un croquis de modèle dédicacé Remerciement sur le site internet Un Tote Bag RAHRE (sac écoresponsables) + Un cadeau surprise Une robe pull en coton naturel Un manteau sans manches réversibles en laine Un ensemble composé d\'un crop top et d\'un pan...',250),(1182,'Contrepartie n°1',5,'UN  BANDANA  ENDUR\'ACTIV (frais de port offert)  ',251),(1183,'Contrepartie n°2',10,'3 pâtes de fruits énergie  longue énergie (frais de port offert)  Un bandeau multifonctions - tour de cou ',251),(1184,'Contrepartie n°3',20,'Un bandeau multifonctions - tour de cou 7 pâtes de fruits énergie longue durée (frais de port offert) ',251),(1185,'Contrepartie n°4',40,'Un bandeau multifonctions - tour de cou 18   pâtes de fruits énergie longue durée (frais de port offert) ',251),(1186,'Contrepartie n°5',45,'Un bandeau multifonctions - tour de cou Un suivi individualisé à distance d\'un mois de coaching (trail, marathon , cyclisme , VTT) réalisé par Alain Roche coach spécialisé sport d\'endurance  + 7 pâtes de pomme ENDUR\'ACTIV (frais de port gratuit) ',251),(1187,'Contrepartie n°6',50,'Un bandeau multifonctions - tour de cou 23 pâtes de fruits énergie longue durée + UN BANDANA ENDUR\'ACTIV (frais de port offert)    ',251),(1188,'Contrepartie n°7',100,'Un bandeau multifonctions - tour de cou 50 pâtes de fruits énergie longue durée + UN BANDANA  ENDUR\'ACTIV (frais de port offert)  ',251),(1189,'Contrepartie n°1',5,'Mille sourires et remerciements chaleureux ',252),(1190,'Contrepartie n°2',10,'Map / poster avec descriptif de notre trajet + contrepartie précédente ',252),(1191,'Contrepartie n°3',25,'Dessin d\'un enfant de l\'école de Mi Otro Mundo + contreparties précédentes ',252),(1192,'Contrepartie n°4',50,'Bijou traditionnel d\'Amérique du sud + contreparties précédentes ',252),(1193,'Contrepartie n°5',100,'Aquarelle d\'un paysage de notre voyage réalisée par Caroline + contreparties précédentes ',252),(1194,'Contrepartie n°6',250,'Nous vous invitons au restaurant dans un pays de votre choix parmis ceux que nous traversons + contreparties précédentes ',252),(1195,'Contrepartie n°7',500,'Balade d\'une demi-journée dans notre 4x4 à la découverte des paysages + contreparties précédentes ',252),(1196,'Contrepartie n°1',5,'CONTREPARTIE \"Viewer Sympatoche\" : Patch Logo \"All Rock TV\" Remerciements sur le Site (\"Wall Of Fame) ',253),(1197,'Contrepartie n°2',10,'CONTREPARTIE \"Viewer Actif\" : Patch Logo \"All Rock TV\" Remerciements \"Wall Of Fame\" Compil Digital (13 titres de groupes amateurs/semi-pros français et/ou francophones format WAV) ',253),(1198,'Contrepartie n°3',50,'CONTREPARTIE \"GROUPE\" : ATTENTION !! Ceci est une Contrepartie Spéciale !! Pour chaque Groupe qui donne 50€, vous aurez : Interview + 3 de vos morceaux dans une de nos émissions en Direct Le Nom de VOTRE Groupe sur le Dos du T-Shirt destiné aux co...',253),(1199,'Contrepartie n°4',100,'CONTREPARTIE \"Viewer Fou\" : Contreparties précédentes (sauf Groupe & Respect The Viewerz) 2 Pass pour le MENNECY METAL FEST 2017 NB: Pour le Pass du MENNECY METAL FEST, ils vous seront envoyés dès l\'ouverture de la Billetterie ! ',253),(1200,'Contrepartie n°5',200,'CONTREPARTIE \"Viewer Psycho\" : Contreparties de 5 à 25€  1 Place de Concert au choix ayant lieu entre le 1er Avril et le 31 Décembre 2017 (hors Festival) Accès Meet & Greet pour le concert choisi NB : Attention ! Vous n\'aurez droit qu\'à 1 seul c...',253),(1201,'Contrepartie n°6',500,'CONTREPARTIE \"CLISSON\" : ​ Contreparties allant de 5€ à 25€ acquises 1 PASS 3 Jours HELLFEST 2017 en VIP Frais de transports (Gare proche Domicile à Gare de Clisson A/R en TGV & TER) NB :   Pour le PASS VIP HELLFEST 3 Jours, vous devrez nous d...',253),(1202,'Contrepartie n°7',3000,'CONTREPARTIE \"Métalleux Sans Frontières\" : Contreparties de 5 à 25€ acquises PASS VIP 2 Jours pour le WELCOME TO ROCKVILLE FESTIVAL 2018 (Jacksonville, Floride - USA) Chambre d\'Hôtel pour 4 jours et 3 nuits à Jacksonville (Floride - USA) Billet ...',253),(1203,'Contrepartie n°1',5,'Un don = un sourire d\'enfant et toute notre reconnaissance Recevez un abonnement à la newsletter du projet ',254),(1204,'Contrepartie n°2',10,'Un don = un sourire d\'enfant et toute notre reconnaissance Recevez un abonnement à la newsletter du projet un message de remerciements un reçu fiscal: avec déduction d\'impôts, votre don ne vous coûte que 4 euros 40! ',254),(1205,'Contrepartie n°3',20,'Un don = un sourire d\'enfant et toute notre reconnaissance Recevez un abonnement à la newsletter du projet un message de remerciements personnalisé des photos du projet un reçu fiscal: avec déduction d\'impôts, votre don ne vous coûte que 8 euros ...',254),(1206,'Contrepartie n°4',50,'Un don = un sourire d\'enfant et toute notre reconnaissance Recevez un abonnement à la newsletter du projet un message de remerciements personnalisé des photos du projet une carte de membre bienfaiteur un reçu fiscal: avec déduction d\'impôts, votre...',254),(1207,'Contrepartie n°5',100,'Un don = un sourire d\'enfant et toute notre reconnaissance Recevez un abonnement à la newsletter du projet un message de remerciements personnalisé des photos du projet une carte de membre bienfaiteur un reçu fiscal: avec déduction d\'impôts, votre...',254),(1208,'Contrepartie n°6',200,'Un don = un sourire d\'enfant et toute notre reconnaissance Recevez un abonnement à la newsletter du projet un message de remerciements personnalisé des photos du projet une carte de membre bienfaiteur votre nom sur la plaque de remerciements de l\'air...',254),(1209,'Contrepartie n°1',10,'Inscription sur la liste des sympathisants de l\'association afin d\'avoir un suivi régulier des deux familles ',255),(1210,'Contrepartie n°2',20,'Badge de l\'association Contrepartie précédente ',255),(1211,'Contrepartie n°3',30,'Une boisson et une part de gâteau lors du Bal Trad à Argenton-sur-Creuse le Samedi 04 Mars 2017 (possibilité de logement chez l\'habitant) Toutes les contreparties précédentes ',255),(1212,'Contrepartie n°4',50,'2 boissons et 2 parts de gâteaux lors du Bal Trad à Argenton-sur-Creuse le samedi 04 Mars 2017 (possibilité de logement chez l\'habitant) Contreparties précédentes ',255),(1213,'Contrepartie n°5',100,'Invitation à un buffet campagnard avec visite de la ville d\'Argenton-sur-Creuse , \"La Venise Verte du Berry\" Contreparties précédentes ',255),(1214,'Contrepartie n°6',400,'Séjour de 2 jours / 1 nuit en Berry pour découvrir la Vallée de la Creuse : Argenton-sur-Creuse, Gargilesse-Dampierre, le Lac d\'Eguzon, Argentomagus... Contreparties précédentes ',255),(1215,'Contrepartie n°1',5,'Farci beaucoup ! Je mangerai un ravioli de votre choix en invoquant votre nom (vous pouvez faire pareil d\'ailleurs). Et il sera dans les pages de remerciements du livre ! ',256),(1216,'Contrepartie n°2',10,'Bons baisers de raviolis Trois cartes postales avec une recette au dos (khinkali géorgien, tortellino italien, jiaozi de ma grand-mère) + votre nom dans les remerciements.  ',256),(1217,'Contrepartie n°3',20,'Top farce Un fanzine électronique (en PDF) après chaque reportage financé, avec une histoire, des recettes, des bons plans et des photos ! + les trois cartes postales + votre nom dans les remerciements ',256),(1218,'Contrepartie n°4',30,'La Conférence du Ravioli® + le fanzine Invitation pour une Conférence du Ravioli® au choix : je vous raconte, dans une salle parisienne, toutes les coulisses du dernier reportage. Surprise à la fin !  le fanzine : histoire, bons plans, recettes, ...',256),(1219,'Contrepartie n°5',50,'Les Conférences du Ravioli® + les fanzines Invitation aux quatre Conférences du Ravioli® ! Les quatre fanzines : histoire, bons plans, recettes, en version papier (A3 repliable) Pour ceux qui ne peuvent pas se déplacer, accès à la retransmission...',256),(1220,'Contrepartie n°6',75,'Ravi, tu lis : LE MANUSCRIT ! Je vous fais lire le manuscrit avant publication. Vous pouvez faire des remarques ou suggestions ! + toutes les récompenses précédentes ',256),(1221,'Contrepartie n°7',200,'Coq en pâte Invité à toutes les conférences, les masterclasses, les coulisses (répétitions, work-in-progress) et à une soirée secrète spéciale raviolis chez moi ! + toutes les récompenses précédentes ',256),(1222,'Contrepartie n°8',500,'Son altesse raviolissime Ecrivez un chapitre du livre : vous choisissez un pays où je n\'ai pas encore prévu de me rendre, pour un reportage sur le ravioli de votre choix. J\'y vais, je mange et je vous dédie le chapitre ! + toutes les récompenses pr...',256),(1223,'Contrepartie n°1',5,'Un grand merci \n  ',257),(1224,'Contrepartie n°2',10,'Un grand merci avec votre nom sur notre page facebook ',257),(1225,'Contrepartie n°3',20,'Un grand merci avec votre nom sur notre page facebook et une photo dédicacée par toutes les joueuses de l\'équipe. ',257),(1226,'Contrepartie n°4',40,'Un grand merci avec votre nom sur notre facebook, une photo dédicacée par toutes les joueuses de l\'équipe, un résumé détaillé  et des photos du séjour à Séville . \n​ + L\'entrée à la finale de la coupe de France de futsal le 1er avril 201...',257),(1227,'Contrepartie n°1',5,'Un grand  MERCI / BARKHAL / MAMNOON / SHOUKRAN / DHANYAVAAD / ISTHUTHI :) ',258),(1228,'Contrepartie n°2',10,'Un très grand MERCI + Une fiche recette inédite des Cuistots Migrateurs ',258),(1229,'Contrepartie n°3',200,'Un IMMENSE MERCI + Un  tablier Les Cuistots Migrateurs + Un atelier de cuisine (3h) avec nos Cuistots Migrateurs pour découvrir leur cuisine et leurs secrets Pour ceux qui peuvent venir nous voir à Paris ! ',258),(1230,'Contrepartie n°4',300,'Un  IMMENSE MERCI + Deux tabliers Les Cuistots Migrateurs + Un  atelier de cuisine (3h) pour 2 personnes avec nos Cuistots Migrateurs pour découvrir leur cuisine et leurs secrets Pour ceux qui peuvent venir nous voir à Paris ! ',258),(1231,'Contrepartie n°5',500,'Un  IMMENSE MERCI + Un  dîner complet pour 5 personnes livré à domicile + 5  tote bags  (sacs en tissu) Les Cuistots Migrateurs pour vos invités Pour ceux qui habitent en région parisienne :) ',258),(1232,'Contrepartie n°6',800,'Un  IMMENSE MERCI + Un  dîner complet pour 10 personnes  livré à domicile + 10  tote bags  Les Cuistots Migrateurs pour gâter vos invités Pour ceux qui habitent en région parisienne :) ',258),(1233,'Contrepartie n°7',1000,'Un  GIGANTESQUE MERCI !!! + Un  dîner privé pour 2 personnes en compagnie des fondateurs et de nos Cuistots Migrateurs pour partager avec eux en toute convivialité + 2  tote bags  Les Cuistots Migrateurs Pour ceux qui habitent en région parisi...',258),(1234,'Contrepartie n°8',1500,'Un EXTRAORDINAIRE MERCI !!!  + Un cocktail Les Cuistots Migrateurs offert (jusqu\'à 30 convives, livré) + des  tote bags  pour vos invités Pour ceux qui habitent en région parisienne :) ',258),(1235,'Contrepartie n°9',2250,'Un  EXTRAORDINAIRE MERCI !!!  + Un  cocktail Les Cuistots Migrateurs offert  (jusqu\'à 50 convives, livré) + des  tote bags​ pour vos invités Pour ceux qui habitent en région parisienne :) ',258),(1236,'Contrepartie n°10',4000,'Un  EXTRAORDINAIRE MERCI !!!  + Un  cocktail Les Cuistots Migrateurs offert  (jusqu\'à 100 convives, livré) + des  tote bags​ pour vos invités Pour ceux qui habitent en région parisienne :) ',258),(1243,'Contrepartie n°1',5,'Un GRAND merci  (Cela ne représente pas grand-chose mais peut faire toute la différence) ',260),(1244,'Contrepartie n°2',10,'Un GRAND merci + Un sticker Kustom Town ',260),(1245,'Contrepartie n°3',20,'Un GRAND merci + Un sticker Kustom Town + Votre nom ou pseudonyme sur la liste des contributeurs sur une frise murale dans le shop + Une invitation personnelle à la journée d\'inauguration officielle ',260),(1246,'Contrepartie n°4',30,'Contreparties précédentes  + Un bonnet de marque Dickies (taille unique) ',260),(1247,'Contrepartie n°5',50,'Contreparties précédentes + Une ceinture de marque Dickies (taille unique 120cm) ',260),(1248,'Contrepartie n°6',100,'Contreparties précédentes  + Un Tee-shirt Dickies (manches courtes ou débardeur)  ',260),(1249,'Contrepartie n°7',150,'Contreparties précédentes + Un Tee-shirt Von Dutch  (manches courtes) ',260),(1250,'Contrepartie n°8',250,'Contreparties précédentes + Un Tee-shirt Kustom Town  en édition limitée (manches courtes) ',260),(1251,'Contrepartie n°1',5,'Un grand merci pour votre souffle dans mes ailes... ',261),(1252,'Contrepartie n°2',15,'Un grand merci pour votre souffle dans mes ailes. + Le livre dédicacé Livraison en France métropolitaine comprise. ',261),(1253,'Contrepartie n°3',20,'Les contreparties précédentes \n+  Le marque-page créé pour l\'événement. Livraison en France métropolitaine comprise. ',261),(1254,'Contrepartie n°4',25,'Les contreparties précédentes \n+ Une carte postale du \"Coeur en dehors\" , piochée au grès du hasard qui n\'existe pas... Livraison en France métropolitaine comprise. ',261),(1255,'Contrepartie n°5',35,'Les contreparties précédentes \n+  Deux autres cartes postales  du \"Coeur en dehors\" piochée au grès du hasard qui n\'existe toujours pas... \n+ Une carte postale magnétique du \"Coeur en dehors\", crée pour l\'événement. Livraison  en France mé...',261),(1256,'Contrepartie n°6',50,'Les contreparties précédentes \n+ Un pendentif en bois sculpté et gravé par moi-même (Avec dessins et/ou petits messages dans l\'esprit du Coeur en dehors) et son mini sac en toile de jute, sorti aussi de mes petites mains... Livraison en France m...',261),(1257,'Contrepartie n°7',150,'Toutes les contreparties précédentes, excepté le tapuscrit. + La toile crée par mes soins : \"C\'est quoi l\'Amour\" \n(80cm*80cm), à venir chercher sur place. (Moselle) ',261),(1258,'Contrepartie n°1',5,'Un grand merci de toute l\'équipe de grimpeurs d\'ailleurs ! Un suivi tout au long de notre voyage via notre page facebook. ',262),(1259,'Contrepartie n°2',10,'Un grand merci de toute l\'équipe de grimpeurs d\'ailleurs ! Un suivi tout au long de notre voyage via notre page facebook. Votre nom écrit dans les remerciements sur notre page Facebook et notre vidéo. ',262),(1260,'Contrepartie n°3',20,'Un grand merci de toute l\'équipe de grimpeurs d\'ailleurs ! Un suivi tout au long de notre voyage via notre page facebook. Votre nom écrit dans les remerciements sur notre page Facebook et notre vidéo. Un accès à notre reportage photo et vidéo à ...',262),(1261,'Contrepartie n°4',50,'Un grand merci de toute l\'équipe de grimpeurs d\'ailleurs ! Un suivi tout au long de notre voyage via notre page facebook. Votre nom écrit dans les remerciements sur notre page Facebook et notre vidéo. Un accès à notre reportage photo et vidéo à ...',262),(1262,'Contrepartie n°5',75,'Un grand merci de toute l\'équipe de grimpeurs d\'ailleurs ! Un suivi tout au long de notre voyage via notre page facebook. Votre nom écrit dans les remerciements sur notre page Facebook et notre vidéo. Un accès à notre reportage photo et vidéo à ...',262),(1263,'Contrepartie n°6',100,'Un grand merci de toute l\'équipe de grimpeurs d\'ailleurs ! Un suivi tout au long de notre voyage via notre page facebook. Votre nom écrit dans les remerciements sur notre page Facebook et notre vidéo. Un accès à notre reportage photo et vidéo à ...',262),(1264,'Contrepartie n°1',10,'Remerciement en video ',263),(1265,'Contrepartie n°2',15,'Remerciement en video + l’EP digital ',263),(1266,'Contrepartie n°3',20,'Le CD + remerciement ',263),(1267,'Contrepartie n°4',40,'L’EP digital + le CD + un cours de guitare de 30 minutes via skype ',263),(1268,'Contrepartie n°5',50,'Un cours d’1 heure (guitare, basse ou MAO) à Paris chez moi + contreparties précédentes ',263),(1269,'Contrepartie n°6',100,'3 cours (guitare, basse ou MAO) + 3 titres inedits en digital + le CD ',263),(1270,'Contrepartie n°7',200,'Réalisation d’un titre sur 1 journée dans mon studio + le CD ',263),(1271,'Contrepartie n°8',300,'Je viens faire un DJ Set pour ton anniversaire ! ',263),(1272,'Contrepartie n°9',500,'Forfait 12h de cours + 4 CD dédicacés ',263),(1273,'Contrepartie n°10',1000,'Je réalise ton rêve: un EP avec Swush ! ',263),(1274,'Contrepartie n°1',5,'Un grand merci ',264),(1275,'Contrepartie n°2',10,'Invitation à une conférence consacrée à la présentation du site archéologique au Centre Ressource de Vailhan durant l\'année 2017 ',264),(1276,'Contrepartie n°3',20,'Poster du site avec photos et textes explicatifs en A3 (format électronique) ',264),(1277,'Contrepartie n°4',40,'Rapport de fouille 2016 en format pdf. (+ contreparties précédentes) ',264),(1278,'Contrepartie n°5',80,'Visite VIP du site + Envoi numérique de la revue des Rocaires + une bouteille de vin AOC Faugères (+ contreparties précédentes) ',264),(1279,'Contrepartie n°6',150,'Repas avec l\'équipe de fouille sur le site (+ contreparties précédentes) ',264),(1280,'Contrepartie n°7',300,'Participation à une journée de fouille sous l\'encadrement d\'un archéologue professionnel (+ contreparties précédentes) ',264),(1281,'Contrepartie n°1',10,'Support Niveau 1 Une carte de membre qui ouvre droit à des réductions sur la boutique en ligne Tesla Magazine, la soumissions d\'articles et des réductions chez nos partenaires. Le + Tesla Magazine: Cette carte de membre protège votre CB des fraudes...',265),(1282,'Contrepartie n°2',25,'Support Niveau 2: Une carte de membre Une invitation au Meeting de remerciement qui aura lieu en Janvier 2017 et qui fera honneur à nos donateurs.   ',265),(1283,'Contrepartie n°3',60,'Support niveau 3: Une carte de membre Une invitation au meeting de remerciement Un badge nominatif     ',265),(1284,'Contrepartie n°4',350,'Support niveau 4: Une carte de membre Une invitation au meeting de remerciement Un badge nominatif Une ceinture Tesla Magazine     ',265),(1285,'Contrepartie n°5',600,'Support Niveau 5: Une carte de membre Une invitation au meeting de remerciement Un badge nominatif une ceinture Un étui carte grise   ',265),(1286,'Contrepartie n°1',5,'Un grand Merci ! ',266),(1287,'Contrepartie n°2',10,'Un grand Merci + un tirage d\'une photo signée (format 16x24cm) ',266),(1288,'Contrepartie n°3',25,'Un exemplaire du catalogue  à récupérer à   Arles . Ajouter 10€ pour obtenir un tirage d\'une photo signée (format 16x24cm) en plus du catalogue. ',266),(1289,'Contrepartie n°4',30,'Un exemplaire du catalogue   expédié en France . Ajouter 10€ pour obtenir un tirage d\'une photo signée (format 16x24cm) en plus du catalogue. ',266),(1290,'Contrepartie n°5',50,'Pack Grand Voyageur: Un exemplaire du catalogue   expédié en Europe et dans le reste du monde . + un tirage d\'une photo signée (format 16x24cm) ',266),(1291,'Contrepartie n°6',150,'Pack Grand Format: Un exemplaire du catalogue  à récupérer à Arles . + un tirage d\'une photo signée (format 24x36cm) en plus du catalogue. ',266),(1292,'Contrepartie n°1',5,'Nom sur la page des remerciements du site & toute notre gratitude ',267),(1293,'Contrepartie n°2',10,'Contreparties précédentes + Stickers très hypes ',267),(1294,'Contrepartie n°3',20,'Contreparties précédentes + Accès exclusif sur le site pendant 24h avec un code -10 % sur cette période à partager ',267),(1295,'Contrepartie n°4',30,'Contreparties précédentes + Casquette de la marque  ',267),(1296,'Contrepartie n°5',50,'Contreparties précédentes  + 1 Tee-shirt trop stylé pour plare aux filles ',267),(1297,'Contrepartie n°6',75,'Une planche avec votre nom gravé dessus ! + Stickers ',267),(1298,'Contrepartie n°7',100,'Contreparties précédentes (sauf la planche) + Publicité sur le site + demi-page dédiée dans le magazine POUR CE QUE VOUS VOULEZ ',267),(1299,'Contrepartie n°8',250,'Contreparties précédentes (sauf la planche) + Longboard avec nom gravé dessus ',267),(1300,'Contrepartie n°9',500,'Contreparties précédentes (sauf la planche) + séance photo pour le lookbook de la marque (et pour vous) + hébergement un week-end en appartement à Cannes + partenariat pour la création de VOTRE textile/board ! ',267),(1301,'Contrepartie n°1',5,'+ Un grand merci et votre nom sur le mur des contributeurs. \n+ Un bisou baveux de Fumi Déglingo. ',268),(1302,'Contrepartie n°2',10,'+ Un grand merci et votre nom sur le mur des contributeurs. \n+ Le livre « En voyage avec Fumi Déglingo à Bali ». ',268),(1303,'Contrepartie n°3',20,'+ Un grand merci et votre nom sur le mur des contributeurs. \n+ Deux livres « En voyage avec Fumi Déglingo à Bali ». ',268),(1304,'Contrepartie n°4',30,'+ Un grand merci et votre nom sur le mur des contributeurs. \n+ Deux livres « En voyage avec Fumi Déglingo à Bali ». \n+ Une carte de Fumi Déglingo. \n+ La dédicace de l’auteur, un petit mot personnalisé pour l’enfant. ',268),(1305,'Contrepartie n°5',40,'+ Un grand merci et votre nom sur le mur des contributeurs. \n+ Trois livres « En voyage avec Fumi Déglingo à Bali » \n+ La dédicace de l’auteur, un petit mot personnalisé pour l’enfant. \n+ Une page géante de coloriage de Fumi Déglingo. ',268),(1306,'Contrepartie n°6',50,'+ Un grand merci et votre nom sur le mur des contributeurs. \n+ Quatre livres « En voyage avec Fumi Déglingo à Bali » \n+ La dédicace de l’auteur , un petit mot personnalisé pour l’enfant. \n+ Un poster de la couverture de « En voyage avec Fumi...',268),(1307,'Contrepartie n°7',75,'+ Un grand merci et votre nom sur le mur des contributeurs. \n+ Six livres « En voyage avec Fumi Déglingo à Bali ». \n+ La dédicace de l’auteur , un petit mot personnalisé pour l’enfant. \n+ Une photo de Fumi Déglingo et de Lucas. \n+ Une page g...',268),(1308,'Contrepartie n°8',100,'+ Un grand merci et votre nom sur le mur des contributeurs. \n+ Huit livres « En voyage avec Fumi Déglingo à Bali». \n+ La dédicace de l’auteur , un petit mot personnalisé pour l’enfant. \n+ L’auteur se déplace personnellement pour lire l’h...',268),(1309,'Contrepartie n°1',7,'Notre reconnaissance éternelle plus remerciements et noms des donateurs dans le programme de la pièce! À recevoir par mail pour ceux qui ne pourront pas être présents à la représentation à Vancouver. ',269),(1310,'Contrepartie n°2',14,'La contrepartie précédente plus une très belle carte postale avec l\'un des dessins originaux de la pièce (illustrations d\'Anaïs) avec un petit mot personnalisé de l\'équipe de création! ',269),(1311,'Contrepartie n°3',25,'La contrepartie précédente plus une photo du spectacle dédicacée par l\'équipe de création! ',269),(1312,'Contrepartie n°4',70,'La contrepartie précédente plus le texte du spectacle illustré avec les illustrations originales “homemade” d\'Anaïs Envoyé sur votre boite email en format PDF ',269),(1313,'Contrepartie n°5',150,'La contrepartie précédente plus une rencontre exclusive avec l’équipe de création! Disponible également par skype et selon le décalage horaire si vous êtes loin! ',269),(1314,'Contrepartie n°6',200,'La contrepartie précédente plus une danse de la joie spécialement conçue pour toi, généreux donateur Nous t\'enverrons la vidéo! ',269),(1315,'Contrepartie n°7',3780,'Toutes les contreparties précédentes et nos pleurs de joie! \"Les folies sont les seules choses qu\'on ne regrette jamais\" Ce n\'est pas de nous, c\'est d\' Oscar Wilde :) ',269),(1316,'Contrepartie n°1',5,'Pichenette Téléchargement de 2 titres inédits, non présents sur l\'album. ',270),(1317,'Contrepartie n°2',15,'Coup d\'pouce Album \"Ton géant\"  ',270),(1318,'Contrepartie n°3',20,'Tope-là ! Album \"Ton Géant\" + 2 titres inédits en téléchargement ',270),(1319,'Contrepartie n°4',30,'Tape dans l\'dos Album \"Ton Géant\" + 2 titres inédits en téléchargement + Lettre manuscrite dedicacée.  ',270),(1320,'Contrepartie n°5',50,'Bras dessus, Bras dessous Album \"Ton Géant\" + 2 titres inédits en téléchargement + votre nom en remerciement dans le livret \n+ une lettre manuscrite dédicacée ',270),(1321,'Contrepartie n°6',150,'Main dans la main Une phrase de vous pour la personne que vous aimez et votre prénom dans le livret (110 caractères),  + les 2 titres en téléchargement.   ',270),(1322,'Contrepartie n°7',200,'Tête à Tête Une phrase de vous pour la personne que vous aimez et votre prénom dans le livret (110 caractères), Livré dans une boîte personnalisée, décorée et dédicacée, avec quelques petites surprises en plus ;-)  + les 2 titres en t...',270),(1323,'Contrepartie n°8',250,'Accolés \nPetit restau, puis durant une demie journée, présentation des différentes étapes d\'écritures, de composition et de mixage. ',270),(1324,'Contrepartie n°9',350,'Fusionnels \nSur une journée, je vous aide à écrire et enregistrer une chanson. De une à quatre personnes ',270),(1325,'Contrepartie n°10',900,'Fortissimo \nConcert piano/voix chez vous. ',270),(1326,'Contrepartie n°1',5,'Mail de remerciement + lien vers la vidéo du projet en action ! ',271),(1327,'Contrepartie n°2',10,'Carte de remerciement envoyé à votre domicile (valable en France ou au Sénégal) ',271),(1328,'Contrepartie n°3',20,'Journée d\' initiation à l\'escalade sur les falaises de Dakar ! (quand vous voulez !) ',271),(1329,'Contrepartie n°4',60,'Pack \"Escalade Africa\": - journée d\'initiation sur les falaises de Dakar - photographies de vos exploits - sac à magnésie en wax (tissu traditionnel) (à partir de avril 2017 et valable jusqu\'en décembre 2017) ',271),(1330,'Contrepartie n°1',5,'Une affectueuse pensée quand nous serons tous arrivés à Gênes. ',272),(1331,'Contrepartie n°2',10,'Une carte postale de Gênes signée par tous les participants. ',272),(1332,'Contrepartie n°3',25,'Une carte postale signée par tous les participants Un grand remerciement sur notre page Facebook Un poster de l’association « PSE » ',272),(1333,'Contrepartie n°4',50,'Une carte postale de Gênes signée par tous les participants Le film « Les pépites » (sortie prévue en février 2017). ',272),(1334,'Contrepartie n°5',80,'Une carte postale signée par tous les participants Un grand remerciement sur notre page Facebook Un pull à capuche floqué du logo « Go Stop-Go » et du logo de « PSE » (Go Stop-Go soutient PSE). ',272),(1335,'Contrepartie n°6',100,'Une carte postale signée par tous les participants Un grand remerciement sur notre page Facebook Un pull à capuche floqué du logo « Go Stop-Go » et du logo « PSE » Le film « Les pépites » (sortie prévue en février 2017) ',272),(1336,'Contrepartie n°1',5,'«Love » Juste pour soutenir notre projet… mais comme on est des gars sympas, et qu’on t’aime bien, on te file un sticker, une affiche et des bisous. Spung, son truc à lui, c’est les bisous. ',273),(1337,'Contrepartie n°2',10,'« Matin » Pré-commande de notre EP « 5th Element » en version CD digipack , un sticker, une affiche et des bisous bien sûr. Bon, c\'est sûr, Veeko n\'est pas du matin, mais ça va le faire quand même.   ',273),(1338,'Contrepartie n°3',15,'« Scratch » Pré-commande de notre EP « 5th Element » en version vinyle , un sticker, une affiche et des bisous encore. ',273),(1339,'Contrepartie n°4',20,'« Element » Pré-commande de notre EP « 5th Element » en version CD digipack , un sticker, une affiche + une invit’ VIP à la release party, le 24 mars 2017 à l’Aéronef de Lille ! Tu l’avais pas vu venir celle-là, hein ? Et des bisous, enc...',273),(1340,'Contrepartie n°5',25,'« Cinquième » Pré-commande de notre EP « 5th Element » en version vinyle , un sticker, une affiche… + une invit’ à notre release party, le 24 mars 2017 à l’Aéronef de Lille ! Et des bisous encore et toujours pendant que Charly Nine joue...',273),(1341,'Contrepartie n°6',39,'« Say » Pré-commande de notre EP « 5th Element » en versions vinyle et CD digipack , dédicacé ou pas, ce sera ton choix + une affiche + sticker + une invit’ à notre release party, le 24 mars 2017 à l’Aéronef de Lille + deux invitations à...',273),(1342,'Contrepartie n°7',65,'« Chinese » Notre EP « 5th Element » en versions vinyle et CD digipack + affiche + sticker + deux invitations à un de nos prochains concerts + deux invitations VIP à notre release party le 24 mars 2017 à l’Aéronef de Lille. Et un sweat-shirt ...',273),(1343,'Contrepartie n°1',5,'Si nous parvenons à financer notre voyage, nous nous engageons à vous tenir informés de chaque étape de notre périple. Par exemple, nous publierons, chaque soir, un article résumant notre journée, ainsi que quelques photos. Une fois rentrés au ...',274),(1344,'Contrepartie n°2',15,'Notre gratitude éternelle... + contrepartie précédente Un carnet de voyage vous sera envoyé sous format numérique dès notre retour, agrémenté des plus belles photos de notre séjour. ',274),(1345,'Contrepartie n°3',30,'Un bon karma pour vos trois vies à venir ! Une carte postale vous sera envoyée depuis l\'une des villes parcourues au cours du voyage !  + contreparties précédentes  ',274),(1346,'Contrepartie n°4',50,'Une photo du groupe prise durant le voyage vous sera adressée avec un mot de remerciement et la signature des élèves organisateurs, + contreparties précédentes ',274),(1347,'Contrepartie n°5',100,'Notre adoration totale et inconditionnelle... Pour les contributeurs les plus généreux, nous nous engageons à ramener un souvenir de Croatie ou de Venise que nous leur adresserons en remerciement. Ce présent nous ressemblera, et sera en lien avec l...',274),(1348,'Contrepartie n°1',10,'Un merci sur notre page facebook !! Soit 3.40 Euros après déduction de vos impôts!! ',275),(1349,'Contrepartie n°2',25,'Contrepartie précédente, plus une carte de remerciements personnalisée par l’équipe envoyée à votre domicile    ainsi que votre nom sur le panneau des amis de la famille Lunizoni . Soit 8.50 Euros après déduction de vos impôts!! ',275),(1350,'Contrepartie n°3',50,'Contreparties précédentes, plus une affiche dédicacée par l’équipe, une invitation pour assister à une répétition ouverte et votre nom sur le panneau des amis des Lunizoni dans le décor du spectacle. Soit 17 Euros après déduction de vos im...',275),(1351,'Contrepartie n°4',100,'Contreparties précédentes, plus deux places pour une représentation de votre choix. Soit 34 Euros après déduction de vos impôts!! ',275),(1352,'Contrepartie n°5',150,'Contreparties précédentes, plus deux invitations à la soirée de lancement du projet . Soit 51 Euros après déduction de vos impôts!! ',275),(1353,'Contrepartie n°6',250,'Contreparties précédentes, plus votre visage si vous le souhaitez sur une affiche du décor . Soit 85 Euros après déduction de vos impôts!! ',275),(1354,'Contrepartie n°7',500,'Contreparties précédentes, plus un atelier théâtre de 2h pour vous et vos amis (clown, marionnette, improvisation, conte…) Soit 170 Euros après déduction de vos impôts!! ',275),(1355,'Contrepartie n°8',1000,'Contreparties précédentes, plus une représentation unique, adaptée à votre lieu . Soit 340 Euros après déduction de vos impôts!! ',275),(1356,'Contrepartie n°1',5,'Notre reconnaissance éternelle ',276),(1357,'Contrepartie n°2',10,'Ton nom au générique + Contrepartie précédente ',276),(1358,'Contrepartie n°3',20,'Storyboard Accès privé au film + Contreparties précédentes ',276),(1359,'Contrepartie n°4',35,'Photos et vidéos exclusives du tournage + Contreparties précédentes ',276),(1360,'Contrepartie n°5',50,'3 tirages-photos du film avec dédicace  + Contreparties précédentes ',276),(1361,'Contrepartie n°6',100,'Poster A2  + Contreparties précédentes ',276),(1362,'Contrepartie n°7',300,'Accès au tournage Statut de mécène + Contreparties précédentes ',276),(1363,'Contrepartie n°1',2500,'La Box Rupture Spéciale St-Valentin Livraison pour la St-Valentin ',277),(1371,'Contrepartie n°1',10,'Une carte de remerciement et un enregistrement mp3 d\'une des pièces du concert ',279),(1372,'Contrepartie n°2',20,'Avantages précédents  + deux invitations pour le concert +   deux extraits audio en format mp3 ',279),(1373,'Contrepartie n°3',50,'Avantages précédents +  Une vidéo du concert à télécharger + Une répétition ouverte ',279),(1374,'Contrepartie n°4',100,'avantages précédents + vidéo sur DVD et enregistrement sur CD + la totalité des répétitions ouverte + 2 cours de chant par une chanteuse du choeur ',279),(1375,'Contrepartie n°5',500,'Concert privé à domicile avec des artistes de l\'ensemble ',279),(1376,'Contrepartie n°1',10,'Un grand merci à toi, soutien précieux ! ',280),(1377,'Contrepartie n°2',25,'Un grand grand merci + une affiche dédicacée par les artistes + 1 invitation pour venir voir Barbelés près de chez toi. ',280),(1378,'Contrepartie n°3',50,'Un grand grand grand merci, une photo et une affiche dédicacée + 2 invitations pour venir voir Barvelés près de chez toi. ',280),(1379,'Contrepartie n°4',100,'Un très grand mais alors très grand merci + une affiche + 1 répétiton ouverte \n+ 3 invitations pour venir voir Barbelés près de chez toi \n+ Invitation au pot à l\'issue de la représentation ',280),(1380,'Contrepartie n°5',500,'Oh le généreux, 4 invitations pour venir voir le spectacle Barbelés près de chez toi + une invitation à venir assister à une journée de répétition + Invitation au pot à l\'issue de la représentation ',280),(1381,'Contrepartie n°1',5,'Remerciements dans le livre ( nom ou pseudo du contributeur ) + une illustration HD ',281),(1382,'Contrepartie n°2',10,'Le livre au format  PDF  + Remerciements dans le livre + Illustration HD ',281),(1383,'Contrepartie n°3',20,'Le livre papier numéroté et signé ( frais de port compris )  + Remerciements dans le livre + Illustration HD ',281),(1384,'Contrepartie n°4',40,'Le livre papier numéroté et signé ( frais de port compris )  + Dédicace dans le livre + Une carte postale au choix + Remerciements dans le livre + Illustration HD ',281),(1385,'Contrepartie n°5',50,'Le livre papier numéroté et signé ( frais de port compris )  + L\'ex-libris numéroté et signé + Dédicace dans le livre + Une carte postale au choix + Remerciements dans le livre + Illustration HD ',281),(1386,'Contrepartie n°6',150,'Le livre papier numéroté et signé ( frais de port compris )  + Dédicace à l\'encre noire séparée sur papier de qualité  ( 21 cm x 21 cm ) + L\'ex-libris numéroté et signé + Une carte postale au choix + Remerciements dans le livre ',281),(1387,'Contrepartie n°7',250,'Le livre papier numéroté et signé ( frais de port compris )  + Dédicace, à l\'encre noire ou aquarellée au choix du contributeur, séparée sur papier de qualité  ( 21 cm x 21 cm ) et personnalisée : le contributeur donne son thème ( 3 mots...',281),(1388,'Contrepartie n°1',10,'Contribution \"Rossignol\" : votre nom en tant que donateur sur le site internet www.aurelienfillion.weebly.com ',282),(1389,'Contrepartie n°2',15,'Contribution \"Larigot\" : votre nom en tant que donateur sur le site internet www.aurelienfillion.weebly.com + le contenu intégral du disque en format numérique ',282),(1390,'Contrepartie n°3',33,'Contribution \"Prestant\" : votre nom en tant que donateur sur le site internet www.aurelienfillion.weebly.com + l\'album ',282),(1391,'Contrepartie n°4',43,'Contribution \"Montre\" : votre nom en tant que donateur sur le site internet www.aurelienfillion.weebly.com + l\'album dédicacé ',282),(1392,'Contrepartie n°5',53,'Contribution \"Cornet\" : votre nom en tant que donateur sur le site internet www.aurelienfillion.weebly.com + l\'album dédicacé + une photo dédicacée ',282),(1393,'Contrepartie n°6',63,'Contribution \"Fond d\'orgue\" : votre nom en tant que donateur sur le site internet www.aurelienfillion.weebly.com + l\'album dédicacé + une photo dédicacée + une rencontre à l\'issue du concert de votre choix ',282),(1394,'Contrepartie n°7',93,'Contribution \"Plein Jeu\" : votre nom en tant que donateur sur le site internet www.aurelienfillion.weebly.com + l\'album dédicacé + une photo dédicacée + la possibilité d\'assister à l\'enregistrement à Turnhout (Belgique) - date à préciser ',282),(1395,'Contrepartie n°8',123,'Contribution \"Grand Jeu\" : votre nom en tant que donateur sur le site internet www.aurelienfillion.weebly.com + l\'album dédicacé + une photo dédicacée + la possibilité d\'assister à l\'enregistrement à Turnhout (Belgique) - date à préciser + un ...',282),(1396,'Contrepartie n°1',5,'Un Sticker Un Badge Ton nom (ou pseudo si t\'as pas envie d\'être fiché) dans la liste des remerciements. ',283),(1397,'Contrepartie n°2',10,'Un Sticker Un Badge Ton nom (ou pseudo si t\'as pas envie d\'être fiché) dans la liste des remerciements. Une Binouse de ton choix ',283),(1398,'Contrepartie n°3',20,'Un Sticker Un Badge Ton nom (ou pseudo si t\'as pas envie d\'être fiché) dans la liste des remerciements. Une Formule  (une assiette de 10 tapas \"basics\" + 1 drink) Une Pinte de bière ou 1 verre de vin ',283),(1399,'Contrepartie n°4',50,'Un Sticker Un Badge Ton nom (ou pseudo si t\'as pas envie d\'être fiché) dans la liste des remerciements. Une tournée pour le donneur (pas d\'organes bien sûr) et 10 de ses potes! ',283),(1400,'Contrepartie n°5',80,'10 Stickers 10 Badges Ton nom (ou pseudo si t\'as pas envie d\'être fiché) dans le TOP de la liste des remerciements. 14 formules  que tu pourras distribuer autour de toi ou une semaine en \"pension complète\" juste pour ta pomme. ',283),(1401,'Contrepartie n°6',100,'10 Stickers 10 Badges Ton nom (ou pseudo si t\'as pas envie d\'être fiché) dans le TOP de la liste des remerciements. 14 formules  que tu pourras distribuer autour de toi  ou  une semaine en \"pension complète\"  juste pour ta pomme. ',283),(1402,'Contrepartie n°7',200,'10 Stickers 10 Badges Ton nom (ou pseudo si t\'as pas envie d\'être fiché) dans le TOP de la liste des remerciements. Ta photo dans le bar pour devenir la star! 14 formules que tu pourras distribuer autour de toi ou une semaine en \"pension complète\"...',283),(1403,'Contrepartie n°8',400,'des Stickers des Badges Ton faciès sur le tableau des winners et ton nom dans la liste des remerciements dans le Hall of Fame du classement. Soirée privée avec tout à volonté pour toi et 20 potes. ',283),(1404,'Contrepartie n°9',500,'des Stickers des Badges Ton faciès sur le tableau des winners et ton nom dans la liste des remerciements dans le  Hall of Fame  du classement. Soirée privée avec tout à volonté  pour toi et 20 potes. ',283),(1405,'Contrepartie n°10',1000,'des Stickers des Badges Ton faciès sur le tableau des winners et ton nom dans la liste des remerciements dans le Hall of Fame du classement. Soirée privée avec tout à volonté pour toi et 20 potes. 14 formules Un tapas à son nom! et une cachott...',283),(1406,'Contrepartie n°1',5,'Le « YOU\'RE THE DUDE  ! » Avec ce don, tu obtiendras l\'assurance notre gratitude éternelle ! ',284),(1407,'Contrepartie n°2',8,'Le « SPANKIN\' SNACK » L’album arrivera en version numérique dans ta boite mail, même pas besoin de descendre à la boite aux lettres pour en profiter ! ',284),(1408,'Contrepartie n°3',15,'Le « SPANK THE DUCK » L\'album en version solide dans ta boite aux lettres + la version numérique sur ton mail ! ',284),(1409,'Contrepartie n°4',25,'Le « Double Spanker Rusty deluxe » L’album + Le 1er EP (bientôt collector) + Badge + Goodies ',284),(1410,'Contrepartie n°5',45,'Le « MILKY SWINGER » Pour le plaisir d\'offrir, comprend le pack \"Double Spanker Rusty Deluxe\" + une clef USB avec l\'album et le 1er EP en numérique, les clips et différents introuvables live, demo & remixes ',284),(1411,'Contrepartie n°6',75,'Le « SPANKY BOX » La formule comprend un pack \"Milky Swinger\" + un très joli mug collector + un invitation live & backstage pour un festival cet été (nombre de places limitées). ',284),(1412,'Contrepartie n°7',100,'Le « DUCKY SUPREME » Pour cette somme rondelette, tu recevras un pack \"Milky Swinger\" avec une trace de rouge à lèvre officielle de Ginger sur ton CD + le Mug + un canard collector ',284),(1413,'Contrepartie n°8',250,'Le « NASTY PUSSY » A l\'attention du fan hardcore, cette offre exclusive comprend un pack \"Ducky Supreme\" et le soutien-gorge gyroscopique officiel de Ginger utilisé sur plus de cent concerts lors de la tournée « welcome to the Lupanar ». Mmmm… ',284),(1414,'Contrepartie n°9',500,'Le  «Spanking Swing Special Delivery» Livraison à domicile d’un « Spanky Box » accompagnée prestation live semi acoustique dans ton living room, (sous condition d\'habiter dans l\'agglomération toulousaine) ',284),(1415,'Contrepartie n°10',1000,'Le «Special Big Spank Hunger Delivery »   Tu reçois un \"Spanky Box\" et le groupe viens pour chez toi un concert dans les 200 bornes de Toulouse (sono et ingé sont prévus dans le pack*)  *défraiement à discuter, l’hébergement et le catering...',284),(1416,'Contrepartie n°11',1500,'Le «Double Bass Rooster pack»   Tu trouveras un pack \"Spanky Box\" dans ta boite aux lettres, accompagné de l\'ancienne contrebasse de Charlie Lingus Jr, fabriquée en RDA et dédicacée par le groupe. ',284),(1417,'Contrepartie n°12',2500,'Le « BRUCE WAYNE » Tu es un riche héritier philanthrope qui, la nuit venue, sauve la veuve et l\'orphelin déguisé en chauve-souris et tu souhaites investir dans un projet prometteur qui suinte le rock\'n roll ? Cette promotion est pour toi : t\'aura...',284),(1418,'Contrepartie n°1',5,'Le Pack \"Nice Guy\" reconnaissance éternelle de la compagnie remerciement sur le programme ',285),(1419,'Contrepartie n°2',10,'Le Pack \"Really Nice Guy\" : une photo dédicacée de votre personnage préféré dans la compagnie  Le Nice Guy Pack à 5 €  ',285),(1420,'Contrepartie n°3',15,'Le Pack GOOD GOOD Guy : Tote bag 27 Saville (frais de port compris en France métropolitaine) une photo dédicacée  de votre personnage préféré dans la compagnie  Le Pack Nice Guy à 5 €  ',285),(1421,'Contrepartie n°4',20,'Le Pack \"Clever Guy\" Le  Tote Bag 27 Saville Affiche réalisée par le photographe LeTurk en A3 et dédicacée par la présidente de 27 Saville  (frais de port compris en France Métropolitaine) Le Pack Nice Guy à 5 €  ',285),(1422,'Contrepartie n°5',30,'Pack \"Ticket Guy\" : Une place pour aller voir l\'un de nos spectacle au choix ( The Wild Party ou How to Succeed in Business without really trying )  Affiche  réalisée par le photographe LeTurk imprimée en A3 et dédicacée par la présidente de 2...',285),(1423,'Contrepartie n°6',35,'Pack \"Schowcase Guy\" Une place pour notre showcase inédit du 24 Janvier au Théâtre de Ménilmontant à Paris Une place pour aller voir l\'un de nos spectacle au choix (The Wild Party ou How to Succeed in Business without really trying) Un Tote Bag 27...',285),(1424,'Contrepartie n°7',40,'Le pack \"Reharsal Guy\": L \'accès à l\'une de nos répétitions à Paris Une place pour l\'un de nos spectacles au choix ( The Wild Party ou How to Succeed in Business without really Trying ) Affiche réalisée par le photographe LeTurk imprimée   en...',285),(1425,'Contrepartie n°8',50,'Le Pack \"Lucky Guy\": Deux places pour nos spectacles au choix ( The Wild Party ou  pour How to Succeed in Business without Really Trying ) un Masterclass technique de 2 heures  donné par un professionnel de la discipline (au choix danse, chant ou t...',285),(1426,'Contrepartie n°9',75,'Le pack Superguy: un masterClass Comédie musicale américaine d’une demi-journée (4h00) à Paris Deux places pour nos spectacles (au choix:  \"The Wild Party\" et/ou  \"How to Succeed in Business without Really Trying\" ) Affiche réalisée par le p...',285),(1427,'Contrepartie n°10',100,'Le pack VIP Guy : un accès aux répétitions générales d\'un des deux spectacles au choix  un masterClass Comédie musicale américaine d’une demi-journée (4h00) à Paris Deux places pour nos spectacles  (au choix  \"The Wild Party\" et/ou \"How...',285),(1428,'Contrepartie n°11',150,'Le pack \"Amazing Guy\" Quatre places pour nos spectacles  (au choix \"The Wild Party\" et/ou \"How to Succeed in Business without Really Trying\") un accès aux répétitions générales  d\'un des deux spectacles au choix  un masterClass Comédie musica...',285),(1429,'Contrepartie n°12',200,'Pack Fantastic Guy: Une clé USB 27 Saville remplie de bonus exclusifs Quatre places en placement VIP  pour nos spectacles (2 pour  \"The Wild Party\" , 2 pour  \"How to Succeed in Business without Really Trying\" ) un masterClass Comédie musicale...',285),(1430,'Contrepartie n°13',500,'Pack \"The happiest Guy ever\": un concert privé à domicile à la date de votre choix (si hors Ile-de-France, transport et hébergement à défrayer)  Une clé USB 27 Saville  remplie de bonus exclusifs 6 places en placement VIP  pour nos spectacle...',285),(1431,'Contrepartie n°14',1000,'Le pack Golden Guy: une carte de membre d’or de l\'Association comprenant une invitation gratuite à tous les spectacles pour deux personnes  un concert privé à domicile à la date de votre choix (si hors Ile-de-France, transport et hébergement ...',285),(1432,'Contrepartie n°1',5,'Morceau Hikari en WAV ',286),(1433,'Contrepartie n°2',10,'Entrée à la release party + album en WAV de Days In Orbit ',286),(1434,'Contrepartie n°3',15,'Album CD de Days In Orbit ',286),(1435,'Contrepartie n°4',20,'Entrée à la Release Party + Album CD de Days In Orbit ',286),(1436,'Contrepartie n°5',25,'Vinyle de Days In Orbit ',286),(1437,'Contrepartie n°6',30,'Entrée à la Release Party + Vinyle de Days In Orbit ',286),(1438,'Contrepartie n°7',40,'Le pack SATTELITE : Entrée à la Release Party + Album WAV/CD/Vinyle ',286),(1439,'Contrepartie n°8',60,'Le pack ORBITE : le pack SATELLITE + 1 T-shirt Days In Orbit + 1 Tote bag Days In Orbit avec goodies ',286),(1440,'Contrepartie n°9',100,'Le pack ORBITE en DUO : Le pack ORBITE x 2 ',286),(1441,'Contrepartie n°10',750,'Le pack COSMOS : Le pack ORBITE en DUO + 1 concert à domicile + notre reconnaissance éternelle ',286),(1442,'Contrepartie n°1',5,'Un très sincère remerciement ! ',287),(1443,'Contrepartie n°2',10,'Un très sincère remerciement ! + Votre nom au générique ! ',287),(1444,'Contrepartie n°3',25,'Toutes les contreparties précédentes. + 1 photo de tournage. + Le DVD du film dès la finition. ',287),(1445,'Contrepartie n°4',50,'Toutes les contreparties précédentes. + Vous aurez la possibilité de le voir en ligne en privé avant la sortie ! ',287),(1446,'Contrepartie n°5',75,'Toutes les contreparties précédentes. + Vous recevez l\'affiche officielle dédicacée par tous les acteurs! ',287),(1447,'Contrepartie n°6',150,'Toutes les contreparties précédentes. + Une invitation à la projection du film ! ',287),(1448,'Contrepartie n°7',300,'Toutes les contreparties précédentes. + Vous devenez un pilier du film ! Vous aurez une place honorifique en tête du générique. + Une invitation pour fêter la fin du tournage avec toute l’équipe ! ',287),(1449,'Contrepartie n°1',5,'Pour 2 personnes : 1 thé à la menthe ou 1 café accompagné d\'une pâtisserie. (à déguster sur place). ',288),(1450,'Contrepartie n°2',10,'Le tablier Couscous Kitchen !! (A venir récupérer sur place) ',288),(1451,'Contrepartie n°3',12,'BOX légumes + viande & boisson Bonus : 1 Pâtisserie + 1 café ou 1 the (à la menthe !) (à déguster sur place ou à venir chercher pour emporter) ',288),(1452,'Contrepartie n°4',18,'1 boîte de 12 pâtisseries orientales (Makrouts, cornes de gazelle, etc...). (à venir chercher sur place). ',288),(1453,'Contrepartie n°5',35,'1 déjeuner ou dîner privé chez Couscous Kitchen en compagnie des fondatrices, Nora & Fatiha, autour d\'un couscous biensûr et autres surprises. Vous pourrez déguster en exclusivité des spécialités et échanger autour du parcours des fondatrice...',288),(1454,'Contrepartie n°6',45,'1 cours pour un atelier de cuisine avec la chef de Couscous Kitchen pour apprendre à réaliser des pâtisseries orientales ! A déguster autour d\'un thé à l\'issu de l\'atelier. 1 atelier = 5 personnes 3 ateliers sont prévus à répartir sur le 2e t...',288),(1455,'Contrepartie n°7',50,'5 Box (formule viande + boisson+ pâtisserie + thé ou café) à dévorer en plusieurs visites ou à partager avec vos proches ! (à déguster sur place ou à venir chercher pour emporter). ',288),(1456,'Contrepartie n°8',65,'1 cours pour un atelier de cuisine pour apprendre à faire le couscous ! La chef vous dévoilera ses petits secrets et vous pourrez mettre la main à la pâte ! Durée : 2H30 (incluant la dégsutation) Lieu : Paris 9e Dates : A définir sur le 2 trimes...',288),(1457,'Contrepartie n°1',5,'Un GRAND Merci sur la page Facebook et sur breizh-cool.bzh ',289),(1458,'Contrepartie n°2',15,'Un GRAND Merci Accès anticipé au système de parrainage  ',289),(1459,'Contrepartie n°1',5,'Un grand merci de l\'APE, des élèves et de leurs enseignantes ',290),(1460,'Contrepartie n°2',10,'Un très très grand merci de l\'APE, des élèves et de leurs enseignantes ',290),(1461,'Contrepartie n°3',20,'Un très très grand merci et un mail rédigé par les élèves à la fin du séjour ',290),(1462,'Contrepartie n°4',35,'Un très très grand merci et un mail quotidien rédigé par les élèves pendant le séjour ',290),(1463,'Contrepartie n°5',50,'Les contreparties précédentes + un mail accompagné d\'une photo et rédigé par les élèves à la fin du séjour ',290),(1464,'Contrepartie n°6',75,'Les contreparties précédentes + une carte postale signée par tous les élèves ',290),(1465,'Contrepartie n°7',100,'Les contreparties précédentes + une invitation à la soirée de restitution en présence des élèves et de leurs parents ',290),(1469,'Contrepartie n°1',10,'Nos remerciements les plus sincères et une carte postale Inukshuk . ',292),(1470,'Contrepartie n°2',20,'Souscription Trio Le livre Trio +  une carte postale Inukshuk +  un marque-page Dyozol + l\'inscription à la newsletter!   ',292),(1471,'Contrepartie n°3',25,'Souscription Inukshuk Le livre Inukshuk + contreparties précédentes ',292),(1472,'Contrepartie n°4',30,'Le livre Trio dédicacé (à vous ou à la personne de votre choix) + contreparties précédentes ',292),(1473,'Contrepartie n°5',35,'Le livre Inukshuk dédicacé (à vous ou à la personne de votre choix) + contreparties précédentes ',292),(1474,'Contrepartie n°6',250,'Les deux livres Inukshuk et Trio dédicacés +  un invitation en compagnie des auteurs pour discuter littérature jeunesse et création, autour d\'un bon repas. On vous épargnera les recettes inuites à base de baleine et de phoque, promis. + toutes l...',292),(1475,'Contrepartie n°1',5,'Un GRAND merci et toute notre reconnaissance ! ',293),(1476,'Contrepartie n°2',10,'Un stylo 4L Trophy. ',293),(1477,'Contrepartie n°3',20,'Une magnifique carte postale du Maroc, et les contreparties précédentes. ',293),(1478,'Contrepartie n°4',30,'Une fiole de sable du désert marocain, et les contreparties précédentes. ',293),(1479,'Contrepartie n°5',40,'Un souvenir du Maroc, et les contreparties précédentes. ',293),(1480,'Contrepartie n°6',50,'Une paire de babouche, et les contreparties précédentes. ',293),(1481,'Contrepartie n°7',75,'Une photo de notre aventure encadrée et les contreparties précédentes.   ',293),(1482,'Contrepartie n°1',5,'Notre reconnaissance éternelle et nos remerciements sur les réseaux sociaux ',294),(1483,'Contrepartie n°2',10,'Notre reconnaissance éternelle et nos remerciements sur les réseaux sociaux + nouvel album version numérique 12 titres FASTER LOUDER ! en avant-première ',294),(1484,'Contrepartie n°3',15,'Notre reconnaissance éternelle et nos remerciements sur les réseaux sociaux + nouvel album version numérique en avant-première + l’album CD 12 titres FASTER LOUDER ! ',294),(1485,'Contrepartie n°4',20,'Notre reconnaissance éternelle et nos remerciements sur les réseaux sociaux + nouvel album version numérique en avant-première + l’album vinyle 12 titres FASTER LOUDER ! ',294),(1486,'Contrepartie n°5',35,'Notre reconnaissance éternelle et nos remerciements sur les réseaux sociaux + album version numérique en avant-première + l’album CD & vinyle du nouvel album 12 titres FASTER LOUDER ! + affiche dédicacé ',294),(1487,'Contrepartie n°6',50,'\"Pack 35€\" + 1 T-shirt (taille et modèle au choix) + remerciements dans le livret de l\'album + stickers ',294),(1488,'Contrepartie n°7',70,'\"Pack 50€\" + 1 patch + badges + le « Wild’zine », fanzine collector d\'artwork et photos \"rares\" du groupe… pour public averti!... ',294),(1489,'Contrepartie n°8',100,'\"Pack 70€\" + accès en loge lors d’un concert pour boire un coup et faire plus ample connaissance + le logo WILD KARMA tatoué ou tu veux! ',294),(1490,'Contrepartie n°9',150,'\"Pack 100€\" + 1 journée de répétition/bœuf/apéro avec le groupe ',294),(1491,'Contrepartie n°10',200,'\"Pack 150€\" + un rôle dans le prochain vidéoclip du groupe (courant 2017) ',294),(1492,'Contrepartie n°11',500,'\"Pack 200€\" + un concert chez toi (hors frais de déplacements) ',294),(1493,'Contrepartie n°12',1000,'\"Pack 500€\" + ça te dirais de partir 2 ou 3 jours en tournée avec trois beaux males dans un camion jaune? ',294),(1494,'Contrepartie n°13',2500,'Sérieux ??!!! \"Pack 1000€\" + création d’une chanson qui porte ton nom, et basée sur ton histoire! ',294),(1495,'Contrepartie n°14',4000,'FELICITATIONS ! Tu es LE mécène officiel de l\'album! Tu as même ta photo et ton nom en gros au dos de l\'album et évidemment toutes les contreparties précédentes! ',294),(1496,'Contrepartie n°1',5,'Recevez un exemplaire du premier tome de \" Magdanaëlle James \" - \" Possession \" en format Ebook (ou PDF selon les préférences).  ',295),(1497,'Contrepartie n°2',15,'Recevez un exemplaire dédicacé du premier tome de \" Magdanaëlle James \" - \" Possession \" en version papier.  ',295),(1498,'Contrepartie n°3',25,'Recevez un exemplaire dédicacé du premier tome de \" Magdanaëlle James \" - \" Possession \" en version papier + un ou plusieurs goodies + Votre nom dans les remerciements .  ',295),(1499,'Contrepartie n°4',35,'Recevez un exemplaire dédicacé du premier tome de \" Magdanaëlle James \" - \" Possession \" en version papier + un exemplaire de \" A   ton coeur maudit \" en version Ebook (ou PDF) + Un ou plusieurs goodies + Votre nom dans les remerciements .  ',295),(1500,'Contrepartie n°5',75,'Recevez un exemplaire dédicacé du premier tome de \" Magdanaëlle James \" - \" Possession \" + exemplaire papier de \" A ton coeur maudit \" + Un ou plusieurs goodies + votre nom dans les remerciements + Les quatres premiers chapitres du second tome en ve...',295),(1501,'Contrepartie n°6',130,'Recevez un ou plusieurs exemplaires (jusqu\'à 5) du premier tome de \" Magdanaëlle James \" - \" Possession \" dédicacés + un exemplaire papier de \" A ton coeur maudit \" + Un ou plusieurs goodies + Mention spéciale dans les remerciements + Les cinq pre...',295),(1502,'Contrepartie n°1',8,'Coup de pouce mignon Merci beaucoup de contribuer à mon projet :)  ',296),(1503,'Contrepartie n°2',15,'Coup de pouce personnalisé Je vais t\'envoyer un mail personnalisé pour te remercier :) + contreparties précédentes ',296),(1504,'Contrepartie n°3',30,'Coup de pouce branché techno Je vais t\'envoyer une vidéo pendant mon stage au Rwanda :) + contreparties précédentes ',296),(1505,'Contrepartie n°4',50,'Coup de pouce romantique Je t\'enverrai une carte postale pendant mon stage au Rwanda :) + contreparties précédentes ',296),(1506,'Contrepartie n°5',80,'Coup de pouce pétillant Je te partagerai les photos prises pendant mon stage :) + contreparties précédentes ',296),(1507,'Contrepartie n°6',120,'Coup de pouce surprise Je te ramènerai un souvenir du Rwanda :) + contreparties précédentes ',296),(1508,'Contrepartie n°1',5,'Un remerciement sur le site ainsi que le groupe Facebook pour votre participation ',297),(1509,'Contrepartie n°2',15,'1 bouquet de 3 cake pops au choix (A récupérer à la boutique) ',297),(1510,'Contrepartie n°3',25,'1 boîte de 2 cupcakes au choix (A récupérer à la boutique) ',297),(1511,'Contrepartie n°4',35,'1 boîte de 4 cupcakes au choix (A récupérer à la boutique) ',297),(1512,'Contrepartie n°5',50,'Un moule silicone pour travailler la pâte à sucre ainsi qu\'un pain de 250grs de pâte à sucre ',297),(1513,'Contrepartie n°6',75,'Un cours cupcakes enfants (A effectuer en boutique, planning à établir à l\'ouverture) ',297),(1514,'Contrepartie n°7',100,'Un cours pâte à sucre adulte (A effectuer en boutique, planning à établir à l\'ouverture) ',297),(1515,'Contrepartie n°8',200,'1 Sweet table comprenant un gâteau 10 parts + 10 cupcakes + 10 cake pops (A récupérer à la boutique) ',297),(1516,'Contrepartie n°1',5,'Fond d’écran + Remerciements dans le livre ',298),(1517,'Contrepartie n°2',10,'Le livre en PDF + Fond d\'écran + Remerciements dans le livre ',298),(1518,'Contrepartie n°3',14,'L\'affiche format A3 300 g (frais de port compris) ',298),(1519,'Contrepartie n°4',20,'Le livre numéroté-signé (frais de port compris) + Fond d’écran + Remerciements dans le livre ',298),(1520,'Contrepartie n°5',30,'Livre numéroté-signé (frais de port compris) + L\'affiche format A3 300 g (frais de port compris)  + Fond d’écran + Remerciements dans le livre  ',298),(1521,'Contrepartie n°6',40,'Livre numéroté-signé (frais de port compris) + Une dédicace + Fond d’écran + Remerciements dans le livre   ',298),(1522,'Contrepartie n°7',50,'Livre numéroté-signé (frais de port compris) + Une dédicace  + L\'affiche  (frais de port compris)  + Fond d’écran + Remerciements dans le livre   ',298),(1523,'Contrepartie n°1',5,'- nom au générique en tant que ‘donateur/rice’ ',299),(1524,'Contrepartie n°2',20,'- nom au générique en tant que ‘donateur/rice’ - affiche du film - lien pour visionnage du film ',299),(1525,'Contrepartie n°3',50,'- nom au générique en tant que ‘donateur/rice’ - affiche du film - lien pour visionnage du film - DVD - rôle du figurant/e - t-shirt ',299),(1526,'Contrepartie n°4',100,'- nom au générique en tant que ‘donateur/rice’ - affiche du film - lien pour visionnage du film - DVD - rôle du figurant/e - t-shirt - apéro + projection a Lille courant mars (après montage!) ',299),(1527,'Contrepartie n°5',200,'- nom au générique en tant que ‘donateur/rice’ - affiche du film - lien pour visionnage du film - DVD - rôle du figurant/e - t-shirt - apéro + projection  a Lille courant mars (après montage!) - bande son ',299),(1528,'Contrepartie n°6',400,'- nom au générique en tant que ‘donateur/rice’ - affiche du film - lien pour visionnage du film - DVD - rôle du figurant/e - t-shirt - apéro + projection  a Lille courant mars (après montage!) - bande son - visite sur le tournage ',299),(1529,'Contrepartie n°1',5,'LUNA NOSTRA DECOUVERTE \nMes remerciements accompagnés d\'un fond d\'écran Luna Nostra ',300),(1530,'Contrepartie n°2',15,'LUNA NOSTRA : IMMERSION \nLe tome 2 + un fond d\'écran lunien. (frais d\'envoi pour la France compris) ',300),(1531,'Contrepartie n°3',25,'LUNA NOSTRA : UNIVERS \nLe tome 2 de Luna Nostra en version Deluxe + 1 tiré-à-part signé + 1 fond d’écran (frais d\'envoi pour la France compris) ',300),(1532,'Contrepartie n°4',35,'LUNA NOSTRA : FULL MOON \nLe tome 2 de Luna Nostra en édition classique + le tome 1 en édition classique  + un fond d\'écran (frais d\'envoi pour la France compris) ',300),(1533,'Contrepartie n°5',50,'LUNA NOSTRA : DEEP SPACE \nLe tome 2 de Luna Nostra en édition Deluxe + 1 tiré-à-part + le tome 1 en édition Deluxe + 1 second tiré-à-part + 1 paper toy + un marque page + un fond d\'écran (frais d\'envoi pour la France compris) ',300),(1534,'Contrepartie n°1',5,'Un grand merci ! Envoi par mail de nos plans et avancements ',301),(1535,'Contrepartie n°2',15,'Un grand merci ! Envoi par mail de nos plans et avancements Une photo de groupe dédicacée ',301),(1536,'Contrepartie n°3',30,'Un très grand merci ! Envoi par mail de nos plans et avancements Une photo de groupe dédicacée Des goodies aux couleurs de l\'ENSTA ParisTech ',301),(1537,'Contrepartie n°4',50,'Un très grand merci ! Envoi par mail de nos plans et avancements Une photo de groupe dédicacée Un porte-clefs avec notre maquette imprimé en 3D ',301),(1538,'Contrepartie n°5',75,'Un très grand merci ! Envoi par mail de nos plans et avancements Une photo de groupe dédicacée Un t-shirt aux couleurs de la Team ENSTA ',301),(1539,'Contrepartie n°6',100,'Un très très grand merci ! Envoi par mail de nos plans et avancements Une photo de groupe dédicacée Un cadeau au choix entre les goodies, le porte-clefs et le t-shirt Votre nom inscrit sur la voiture ',301),(1540,'Contrepartie n°7',150,'Un très très grand merci ! Envoi par mail de nos plans et avancements Une photo de groupe dédicacée Deux cadeaux au choix entre les goodies, le porte-clefs et le t-shirt Votre nom inscrit sur la voiture ',301),(1541,'Contrepartie n°8',200,'Un très très grand merci ! Envoi par mail de nos plans et avancements Une photo de groupe dédicacée Des goodies aux couleurs de l\'ENSTA ParisTech Un porte-clefs avec notre maquette imprimé en 3D Un t-shirt aux couleurs de la Team ENSTA Votre nom i...',301),(1542,'Contrepartie n°9',300,'Un immense merci ! Envoi par mail de nos plans et avancements Une photo de groupe dédicacée Des goodies aux couleurs de l\'ENSTA ParisTech Un porte-clefs avec notre maquette imprimé en 3D Un t-shirt aux couleurs de la Team ENSTA Votre nom inscrit sur...',301),(1543,'Contrepartie n°1',8,'UN GRAND MERCI! Petit à petit, l\'oiseau fait son nid... et petit don deviendra GRAND (potager ;) !  Recevez notre profonde gratitude, des photos de l\'avancement du projet, votre nom \"gravé\" sur notre page Facebook et notre site internet ET une invi...',302),(1544,'Contrepartie n°2',15,'UN GRAND MERCI... MUSICAL ! Contreparties précédentes + votre maraîcher musical vous offre une sélection de musiques du monde de son crû ! Ça va swinguer dans les chaumières !  Envoi via WeTransfer ou MyAirBridge.  ',302),(1545,'Contrepartie n°1',10,'Donateur apprenti pêcheur  Un immense merci de la troupe  + Un petit cadeau “ondin”  ',304),(1546,'Contrepartie n°2',30,'Donateur \"Pêcheur expert\" Un immense merci de la troupe ! + Un petit cadeau “ondin”! + Une affiche dédicacée par tous les comédiens ',304),(1547,'Contrepartie n°3',60,'Donateur \"Ondin des lacs\" - Les contreparties précédentes + une invitation pour une des deux représentations !!!!! ',304),(1548,'Contrepartie n°4',100,'Donateur \"Roi des Ondins\" Les contreparties précédentes + Une rencontre avec les comédiens à l’issue de la représentation + Une mention sur le programme de la représentation comme \"Grand donateur du Rhinocéros\"   ',304),(1549,'Contrepartie n°1',5,'Un Magnet In The Fridge (inédit) ',305),(1550,'Contrepartie n°2',10,'Une version de notre album en mp3 ',305),(1551,'Contrepartie n°3',20,'Notre Album CD ',305),(1552,'Contrepartie n°4',30,'Notre album dédicacé et un magnet ! ',305),(1553,'Contrepartie n°5',40,'Deux albums dédicacés et le magnet In The Fridge ',305),(1554,'Contrepartie n°6',50,'Deux albums dédicacés, le magnet et le tablier In The Fridge ',305),(1555,'Contrepartie n°7',70,'Deux albums dédicacés, le magnet, le tablier In The Fridge et 2 places pour un futur concert ',305),(1556,'Contrepartie n°8',100,'Deux albums dédicacés, deux magnets, le tablier In The Fridge ainsi que la possibilité de venir assister à deux, au « concert-enregistrement » du 26 février prochain ',305),(1557,'Contrepartie n°9',500,'Deux albums dédicacés, deux magnets, le tablier In The Fridge ainsi qu’ un concert privé d’une heure chez vous (en région parisienne) ',305),(1558,'Contrepartie n°10',1000,'Deux albums dédicacés et le tablier In The Fridge ainsi qu’un concert privé d’une heure chez vous et un repas pour 10 personnes (sans les boissons), préparé par nos soins (on aime bien faire à manger il faut le préciser). ',305),(1559,'Contrepartie n°1',10,'Un immense MERCI , bienvenue à bord :) ',306),(1560,'Contrepartie n°2',30,'Votre nom  sur le  bateau Votre nom  sur les vidéos Une jolie carte  de remerciements dédicacée ',306),(1561,'Contrepartie n°3',50,'Contreparties précédentes + Un porte clé personnalisé  ',306),(1562,'Contrepartie n°4',100,'Contreparties précédentes + Une visite personnalisée du bateau ',306),(1563,'Contrepartie n°5',250,'Votre nom  sur le  bateau Votre nom  sur les vidéos Une jolie carte  de remerciements dédicacée Un porte clé personnalisé  Une demi journée de navigation à bord du bateau ',306),(1564,'Contrepartie n°6',500,'Votre nom  sur le  bateau Votre nom  sur les vidéos Une jolie carte  de remerciements dédicacée Un porte clé personnalisé  Une journée de navigation sur nos côtes Bretonnes ',306),(1565,'Contrepartie n°7',2000,'Une nuit à bord du bateau le temps d\'un convoyage, en immersion totale ! Et bien évidemment votre nom sur le bateau et les vidéos, ainsi qu\'une carte postale dédicacée et un porte clé personnalisé. Attention, le mini 6,50 est dangereux pour la ...',306),(1566,'Contrepartie n°1',5,'Un morceau du \"Chant des écluses\" en MP3 haute qualité ',307),(1567,'Contrepartie n°2',15,'Toute la famille des MP3 (toujours en haute qualité bien sûr !) ',307),(1568,'Contrepartie n°3',20,'Le disque !!! ',307),(1569,'Contrepartie n°4',40,'Le disque  et deux places pour mon prochain concert le 24 février au Regard du Cygne (Paris) - ou pour le concert de sortie du disque en mai prochain. ',307),(1570,'Contrepartie n°5',60,'Le disque , deux places de concert ( 24 février ou mai), et les partitions de tous les thèmes du disque ! Idéal pour animée une veillée. ',307),(1571,'Contrepartie n°6',100,'Le disque , deux places de concert ( 24 février ou mai) ainsi que ma profonde gratitude exprimée noir sur blanc dans la pochette du \"Chant des écluses\". ',307),(1572,'Contrepartie n°7',120,'Le disque , deux places de concert ( 24 février ou mai), ma profonde gratitude exprimée noir sur blanc dans la pochette du \"Chant des écluses\", ainsi que l\'un de mes 3 précédents disques : Near a forest (Polish Jazz Quartet), Extension du domain...',307),(1573,'Contrepartie n°8',500,'Le disque , deux places de concert ( 24 février  ou mai), ma  profonde gratitude  exprimée noir sur blanc dans la pochette du \"Chant des écluses\", mes 3 précédents disques :  Near a forest  (Polish Jazz Quartet),  Extension du domaine du c...',307),(1574,'Contrepartie n°9',2400,'Pas de contrepartie, mais l\'assurance de mon infini respect. ',307),(1575,'Contrepartie n°1',10,'Tous nos remerciements ! ',308),(1576,'Contrepartie n°2',25,'Envois de photos et d\'un pot de 125g de notre (votre) miel ',308),(1577,'Contrepartie n°3',50,'Envois de photos et d\'un pot de 250g de notre (votre) miel ',308),(1578,'Contrepartie n°4',100,'Envois de photos et d\'un pot de 500g de notre (votre) miel + découverte de notre rucher en bourgogne ',308),(1579,'Contrepartie n°1',5,'En plus de notre gratitude éternelle ajoutée à la satisfaction personnelle d\'avoir accompli un geste humain fort nous vous proposons un stylo officiel aux couleurs du 4L Trophy ',309),(1580,'Contrepartie n°2',10,'2 stylos officiels ainsi qu\'un message de remerciement personnel sur notre page Facebook ',309),(1581,'Contrepartie n°3',15,'En plus des contreparties précédentes, nous inscrirons votre nom sur notre 4L qui partira avec nous au Maroc et vous pourrez ainsi vraiment vous vanter et dire : \" J\'y étais !\" ',309),(1582,'Contrepartie n°4',25,'En plus des contreparties précédentes, nous vous apporterons un échantillon du sable du désert marrocain !! ',309),(1583,'Contrepartie n°5',50,'En plus des contreparties précédentes, faites confiance à notre créativité pour vous trouver un remerciement à la hauteur de votre investissement dans notre projet ! ;) ',309),(1584,'Contrepartie n°1',10,'Rivière numérique Un merci du fond du coeur et plein de bisous adressés à ton nom sur la page Facebook Polar Kiss 5 titres de l\'EP \"For The Win\" en téléchargement 5 sonneries au format MP3 Kit fonds d\'écran \"For The Win\" exclusif PC et Smart...',310),(1585,'Contrepartie n°2',20,'Dédicace-moi le CD Contreparties \" Rivière numérique \" CD \"For The Win\" en boîtier digipack 3 volets incluant les paroles Mes remerciements personnalisés à ton nom à l\'intérieur de la jaquette Frais de port : Inclus (Monde)  ',310),(1586,'Contrepartie n°3',30,'N\'oublie pas les paroles Contreparties \" Dédicace-moi le CD \" Je t\'écris au stylo encre les paroles de ton titre préféré de l\'EP \"For The Win\" et les dédicace à ton nom Note :  Je suis gaucher et mon style d\'écriture n\'a pas changé depuis l\'...',310),(1587,'Contrepartie n°4',40,'Superstar du Karaoké Contreparties \" N\'oublie pas les paroles \" Bande instrumentale des 5 titres de l\'EP \"For The Win\" en téléchargement au format MP3 Frais de port : Inclus (Monde)  ',310),(1588,'Contrepartie n°5',50,'Plaisir d\'offrir Contreparties \" Superstar du karaoké \" 1 copie supplémentaire du CD \"For The Win\" en boîtier digipack dédicacé à la personne de ton choix Frais de port : Inclus (Monde)  ',310),(1589,'Contrepartie n°6',65,'On naît poète, on devient orateur Contreparties \" Plaisir d\'offrir \" Je lis le poème ou le texte de ton choix (à valider ensemble) et t\'envoie l\'enregistrement MP3 dédicacé à ton nom directement dans ta boîte mail Frais de port :  Inclus (Mond...',310),(1590,'Contrepartie n°7',65,'Dis-moi que je suis belle Contreparties \" N\'oublie pas les paroles \" Bracelet surmonté d\'un médaillon rond renfermant sous cabochon une illustration exclusive \"baiser polaire\" signée Nadège Quentin (voir photo dans la présentation du projet) Not...',310),(1591,'Contrepartie n°8',80,'More than words Contreparties \" On naît poète, on devient orateur \" Je t\'écris au stylo encre les paroles de tous les titres de l\'EP \"For The Win\" et les dédicace à ton nom Note :  Je suis gaucher et mon style d\'écriture n\'a pas changé depuis...',310),(1592,'Contrepartie n°9',100,'J\'connais la chanson Contreparties \" More than words \" Remerciements uniques et personnalisés sur la page Facebook Polar Kiss Je chante la chanson de ton choix (à définir ensemble) et t\'envoie l\'enregistrement MP3 dédicacé à ton nom directemen...',310),(1593,'Contrepartie n°10',100,'Mon péché mignon Contreparties \" More than words \" Remerciements uniques et personnalisés sur la page Facebook Polar Kiss Je te prépare 8 délicieux financiers selon ma recette perso (et secrète) cuits au four avec amour  Note :  Livraison en U...',310),(1594,'Contrepartie n°11',100,'J\'veux le bracelet Contreparties \" More than words \" Remerciements uniques et personnalisés sur la page Facebook Polar Kiss Bracelet surmonté d\'un médaillon rond renfermant sous cabochon une illustration exclusive \"baiser polaire\" signée Nadège ...',310),(1595,'Contrepartie n°12',300,'Source d\'inspiration Contreparties \" Brisons la glace \" J\'écris une chanson sur le thème de ton choix (à valider ensemble) dont je te dédicacerai les paroles sur le site Welovewords.com Frais de port : Offerts  ',310),(1596,'Contrepartie n°13',400,'Tope là Chef Contreparties \" Video killed the radio star \" (toutes options incluses) Je m\'invite chez toi pour le dîner : j\'amène le dessert, te cuisine un délicieux plat végétarien puis te chante tous les titres de l\'EP \"For The Win\" dans ton...',310),(1597,'Contrepartie n°14',600,'Pièce d\'art unique Contreparties \" Tope là Chef \" Dessin unique et original de l\'illustration \"baiser polaire\" signée Nadège Quentin dans un cadre blanc Note :  Frais de défraiement et/ou hébergement à prévoir en supplément pour un trajet en...',310);
/*!40000 ALTER TABLE `gift` ENABLE KEYS */;
UNLOCK TABLES;

--
-- Table structure for table `paymentmethod`
--

DROP TABLE IF EXISTS `paymentmethod`;
/*!40101 SET @saved_cs_client     = @@character_set_client */;
/*!40101 SET character_set_client = utf8 */;
CREATE TABLE `paymentmethod` (
  `id` int(11) NOT NULL AUTO_INCREMENT,
  `name` varchar(10) COLLATE utf8_esperanto_ci NOT NULL,
  PRIMARY KEY (`id`)
) ENGINE=InnoDB AUTO_INCREMENT=4 DEFAULT CHARSET=utf8 COLLATE=utf8_esperanto_ci;
/*!40101 SET character_set_client = @saved_cs_client */;

--
-- Dumping data for table `paymentmethod`
--

LOCK TABLES `paymentmethod` WRITE;
/*!40000 ALTER TABLE `paymentmethod` DISABLE KEYS */;
INSERT INTO `paymentmethod` VALUES (1,'CB'),(2,'Paypal'),(3,'Bitcoin');
/*!40000 ALTER TABLE `paymentmethod` ENABLE KEYS */;
UNLOCK TABLES;

--
-- Table structure for table `picture`
--

DROP TABLE IF EXISTS `picture`;
/*!40101 SET @saved_cs_client     = @@character_set_client */;
/*!40101 SET character_set_client = utf8 */;
CREATE TABLE `picture` (
  `id` int(11) NOT NULL AUTO_INCREMENT,
  `url` varchar(255) COLLATE utf8_esperanto_ci NOT NULL,
  `project_id` int(11) NOT NULL,
  PRIMARY KEY (`id`),
  KEY `picture_project_idx` (`project_id`),
  CONSTRAINT `picture_project` FOREIGN KEY (`project_id`) REFERENCES `project` (`id`) ON DELETE NO ACTION ON UPDATE NO ACTION
) ENGINE=InnoDB AUTO_INCREMENT=1907 DEFAULT CHARSET=utf8 COLLATE=utf8_esperanto_ci;
/*!40101 SET character_set_client = @saved_cs_client */;

--
-- Dumping data for table `picture`
--

LOCK TABLES `picture` WRITE;
/*!40000 ALTER TABLE `picture` DISABLE KEYS */;
INSERT INTO `picture` VALUES (1439,'https://drfhlmcehrc34.cloudfront.net/cache/1/e/92a4c8f59e310ee2867394888a135d.png',229),(1440,'https://drfhlmcehrc34.cloudfront.net/cache/b/e/effc58d9181879f3be15762b6d32a1.png',229),(1441,'https://drfhlmcehrc34.cloudfront.net/cache/8/2/3415c8e47b19eb7b256d00eb6c15d4.jpg',229),(1442,'https://drfhlmcehrc34.cloudfront.net/cache/d/5/837203026d02ae32f7c462445355e1.png',229),(1443,'https://drfhlmcehrc34.cloudfront.net/cache/7/0/3630d457771425a29aa46a869da351.jpg',229),(1444,'https://drfhlmcehrc34.cloudfront.net/cache/e/b/966c43a1bd60ec185ec8bd05b9adca.jpg',229),(1445,'https://drfhlmcehrc34.cloudfront.net/cache/e/8/26696c0fa23854b6a883e41a538882.jpg',229),(1446,'https://drfhlmcehrc34.cloudfront.net/cache/3/9/3dbd78100bc0e1caae93a31fa82089.png',229),(1447,'https://drfhlmcehrc34.cloudfront.net/cache/7/8/c5fe59d0bf14bff2e496dabfeb602e.png',229),(1448,'https://drfhlmcehrc34.cloudfront.net/cache/5/a/acc553ddd09f3b5faca4996afe070b.png',230),(1449,'https://drfhlmcehrc34.cloudfront.net/cache/e/2/425bc8a5a18b1c8c78deee103ccc66.png',230),(1450,'https://drfhlmcehrc34.cloudfront.net/cache/b/2/d78b6d93093e6c0ff486d7bf969d8a.png',230),(1451,'https://drfhlmcehrc34.cloudfront.net/cache/8/5/11da1193cc3e38ebd01724b9969e7d.jpg',230),(1452,'https://drfhlmcehrc34.cloudfront.net/cache/6/2/a0ac4e1c5d332df4f10f0cb4ef7d30.jpg',230),(1453,'https://drfhlmcehrc34.cloudfront.net/cache/5/e/3bc70bcd902cdce82c4d2b96dacfa8.jpg',232),(1454,'https://drfhlmcehrc34.cloudfront.net/cache/5/6/9ae448841f867388f85396dca2aafe.jpg',232),(1455,'https://drfhlmcehrc34.cloudfront.net/cache/a/6/6e71d8ecc55cbdd7485e949f4bc8af.png',232),(1456,'https://drfhlmcehrc34.cloudfront.net/cache/b/7/e89d4bc93cfb0d195aa354ad5d3e70.jpg',232),(1457,'https://drfhlmcehrc34.cloudfront.net/cache/7/0/9655ae024fd73c69aff49461aede08.jpg',232),(1458,'https://drfhlmcehrc34.cloudfront.net/cache/6/f/3b1edf104445dc6895ac163b296989.jpg',232),(1459,'https://drfhlmcehrc34.cloudfront.net/cache/4/2/774a050f3eb0c5fa8ed467c6728ec1.jpg',232),(1460,'https://drfhlmcehrc34.cloudfront.net/cache/3/4/eaa8db86466101fbe3eda2ed4eee8f.jpg',232),(1461,'https://drfhlmcehrc34.cloudfront.net/cache/e/2/9c6578ec002a9c3a1aeb33d9fc0f61.jpg',232),(1462,'https://drfhlmcehrc34.cloudfront.net/cache/c/d/ca73bff461683855951669be67efc7.jpg',233),(1463,'https://drfhlmcehrc34.cloudfront.net/cache/1/4/4f70fbbe1aee2f32c9dd6096ba7004.jpg',233),(1464,'https://drfhlmcehrc34.cloudfront.net/cache/3/9/4cd71972355bfd10aab7f94d8705fa.jpg',233),(1465,'https://drfhlmcehrc34.cloudfront.net/cache/b/8/1876b33bfff5c9b9ec6b1b3612509c.jpg',233),(1466,'https://drfhlmcehrc34.cloudfront.net/cache/2/7/0c6a3da205e98f45c334a9a60f4326.jpg',233),(1467,'https://drfhlmcehrc34.cloudfront.net/cache/a/3/2cf265e24c7bac936845cc807c623a.jpg',233),(1468,'https://drfhlmcehrc34.cloudfront.net/cache/8/e/f67f7480d3bb8b58ec1dd211275cbb.gif',233),(1469,'https://drfhlmcehrc34.cloudfront.net/cache/c/2/26cf12f9aa036d5f00bc86b0bca8db.gif',233),(1470,'https://drfhlmcehrc34.cloudfront.net/cache/1/f/d55726a2eca75623d065e24a29138d.gif',233),(1471,'https://drfhlmcehrc34.cloudfront.net/cache/5/d/172b8d2aa4402e0617aa3f5763adcf.jpg',234),(1472,'https://drfhlmcehrc34.cloudfront.net/cache/7/3/266707d67e700147181a4e6a09a3c8.jpg',234),(1473,'https://drfhlmcehrc34.cloudfront.net/cache/1/c/11a50b0d4a3762a4cc0a3d74945773.jpg',234),(1474,'https://drfhlmcehrc34.cloudfront.net/cache/f/5/e8fbdbae4ce0573cc3aecb0d2b15ce.jpg',234),(1475,'https://drfhlmcehrc34.cloudfront.net/cache/5/5/2290315e3e0f28781f3fa1589029a0.jpg',234),(1476,'https://drfhlmcehrc34.cloudfront.net/cache/b/6/b671896bf49a209b12cd01137b0a50.jpg',234),(1477,'https://drfhlmcehrc34.cloudfront.net/cache/d/e/c67924674ebb315b9c68a46c07a708.jpg',234),(1478,'https://drfhlmcehrc34.cloudfront.net/cache/4/5/82b437ca3a58f934cbd500bd30959e.jpg',234),(1479,'https://drfhlmcehrc34.cloudfront.net/cache/2/9/5eee352b41c5caecab6b3dc6ef2e68.jpg',234),(1480,'https://drfhlmcehrc34.cloudfront.net/cache/8/1/fb906a7fe9761d7fdf2899836f0277.png',235),(1481,'https://drfhlmcehrc34.cloudfront.net/cache/a/f/a535fe9cfd6e128fce080a6082f7d8.png',235),(1482,'https://drfhlmcehrc34.cloudfront.net/cache/c/b/2e332d1ba7d67b3366e854eb9aba17.png',235),(1483,'https://drfhlmcehrc34.cloudfront.net/cache/1/e/01a0dca21afd4276b9a0662be68ed8.gif',235),(1484,'https://drfhlmcehrc34.cloudfront.net/cache/c/0/a4e8f5b3c649c693a81852ef43adae.png',235),(1485,'https://drfhlmcehrc34.cloudfront.net/cache/f/a/e5c65afd5970f744aed1b326814e1a.png',235),(1486,'https://drfhlmcehrc34.cloudfront.net/cache/0/f/5740c4d263c8f1826958385ef6764e.png',235),(1487,'https://drfhlmcehrc34.cloudfront.net/cache/f/1/c820ff23fb30a9a8e308d701301de6.png',235),(1488,'https://drfhlmcehrc34.cloudfront.net/cache/6/d/4abd8de3abb993ce490e98c247df24.png',235),(1489,'https://drfhlmcehrc34.cloudfront.net/cache/7/3/046b1ddbbfe5cfa57e90a7f529d89f.png',236),(1490,'https://drfhlmcehrc34.cloudfront.net/cache/8/5/369335894569e40556f394b6ff459e.png',236),(1491,'https://drfhlmcehrc34.cloudfront.net/cache/2/3/dc27a8165321525e6d2118e9a6ddb8.png',236),(1492,'https://drfhlmcehrc34.cloudfront.net/cache/e/8/fb9702375538a5c3101fe3e77b05d0.png',236),(1493,'https://drfhlmcehrc34.cloudfront.net/cache/a/f/6b7a92a475983a12b302f35365a65f.png',236),(1494,'https://drfhlmcehrc34.cloudfront.net/cache/7/7/8e9e3e075b2566bb71788ff28302f0.png',236),(1495,'https://drfhlmcehrc34.cloudfront.net/cache/5/9/2a984b06a2f94c605afd709b559ff5.png',236),(1496,'https://drfhlmcehrc34.cloudfront.net/cache/7/9/9c3cccee5ac8da14f8339c1f70299b.jpg',236),(1497,'https://drfhlmcehrc34.cloudfront.net/cache/d/3/22cbb20579da1545d514843ab28c87.png',236),(1498,'https://drfhlmcehrc34.cloudfront.net/cache/0/d/726b7b123f646bdf10be028be2c57f.jpg',237),(1499,'https://drfhlmcehrc34.cloudfront.net/cache/f/d/8497d5661884ddf6391f0b60940b8d.png',237),(1500,'https://drfhlmcehrc34.cloudfront.net/cache/2/4/d5f1570a4f675ebaecf0fa278a159c.jpg',237),(1501,'https://drfhlmcehrc34.cloudfront.net/cache/9/a/b9992635beb6d50928accc14937cc2.png',237),(1502,'https://drfhlmcehrc34.cloudfront.net/cache/8/d/ddd31673455b96280eb007caf479d3.jpg',237),(1503,'https://drfhlmcehrc34.cloudfront.net/cache/6/8/89c2d01ee63676fe9490ccef224ba6.jpg',237),(1504,'https://drfhlmcehrc34.cloudfront.net/cache/5/5/0c68bd19bab8ed282361c212f3a77f.jpg',237),(1505,'https://drfhlmcehrc34.cloudfront.net/cache/6/e/5fdfa12cc98ad1fd3544a526d2967a.jpg',237),(1506,'https://drfhlmcehrc34.cloudfront.net/cache/c/7/f768efa0399df9ed997b48da882ad7.jpg',237),(1507,'https://drfhlmcehrc34.cloudfront.net/cache/1/8/2f7e2ed93008b9abf847b82f46e37d.png',238),(1508,'https://drfhlmcehrc34.cloudfront.net/cache/6/4/d5d3405c95efb61c19da0bc730a418.png',238),(1509,'https://drfhlmcehrc34.cloudfront.net/cache/1/8/2f7e2ed93008b9abf847b82f46e37d.png',238),(1510,'https://drfhlmcehrc34.cloudfront.net/cache/2/9/04410287046cde686585b8cc120ae3.png',239),(1511,'https://drfhlmcehrc34.cloudfront.net/cache/f/1/b9b7b82601ed3e5f9512eecb979587.png',239),(1512,'https://drfhlmcehrc34.cloudfront.net/cache/7/d/ad6302391f3b6a7c18c80c48e96118.jpg',239),(1513,'https://drfhlmcehrc34.cloudfront.net/cache/2/8/2e5b28353b0c590b13b1e4d8679f8f.png',239),(1514,'https://drfhlmcehrc34.cloudfront.net/cache/5/9/09ee16b560f5c6e16319970debf611.png',239),(1515,'https://drfhlmcehrc34.cloudfront.net/cache/4/9/80ef160d7698e0c0292b383004d940.jpg',239),(1516,'https://drfhlmcehrc34.cloudfront.net/cache/0/9/3c35214a950211c899a9818445aeb8.png',239),(1517,'https://drfhlmcehrc34.cloudfront.net/cache/c/8/ec94aeaf9cf4f0aad98d428665a948.png',239),(1518,'https://drfhlmcehrc34.cloudfront.net/cache/4/b/dff879bb0f2d9b72760e271bae9bf6.png',239),(1519,'https://drfhlmcehrc34.cloudfront.net/cache/2/7/6be248e9ec461e30df2b37690d2100.png',240),(1520,'https://drfhlmcehrc34.cloudfront.net/cache/b7/06/b706ffd05b842b71395067e150ac4371.png',240),(1521,'https://drfhlmcehrc34.cloudfront.net/cache/48/57/48571e120eb7c9c5af34f227db866d63.png',240),(1522,'https://drfhlmcehrc34.cloudfront.net/cache/61/4f/614f6a7725d2c80bf0fc66997c0974d5.png',240),(1523,'https://drfhlmcehrc34.cloudfront.net/cache/81/a0/81a0bf431d56a1626303af7d86e256c5.png',240),(1524,'https://drfhlmcehrc34.cloudfront.net/cache/79/4e/794e6bfe0f9c94aeb7f07321a1f05280.png',240),(1525,'https://drfhlmcehrc34.cloudfront.net/cache/2/9/451d8dc6207a2f5706e9b8f204a6ad.png',240),(1526,'https://drfhlmcehrc34.cloudfront.net/cache/0/8/9f77310bca51d9554a25d4dcbaf803.png',240),(1527,'https://drfhlmcehrc34.cloudfront.net/cache/a/6/9ab705c3c5bbdccfc79ba9a2662ab9.jpg',240),(1528,'https://drfhlmcehrc34.cloudfront.net/cache/2/2/8c6d7270cbf2a92f97b0deca1254d1.jpg',241),(1529,'https://drfhlmcehrc34.cloudfront.net/cache/1/9/4d4bc6d7c077dc7a2fe6c44248e546.jpg',241),(1530,'https://drfhlmcehrc34.cloudfront.net/cache/9/9/862d4a45312f78fbde5ee448c0691f.jpg',241),(1531,'https://drfhlmcehrc34.cloudfront.net/cache/9/4/143ff0154f3267943247799d56ae28.jpg',241),(1532,'https://drfhlmcehrc34.cloudfront.net/cache/1/0/cc6e0cb182be3722c5993855bf0769.jpg',241),(1533,'https://drfhlmcehrc34.cloudfront.net/cache/f/f/927a37cb08adc160df85874b335df5.png',242),(1534,'https://drfhlmcehrc34.cloudfront.net/cache/e/a/c03e8b44cd36a4442e416e83dc62ae.png',242),(1535,'https://drfhlmcehrc34.cloudfront.net/cache/d/9/0ef39b83f932faff11d33131ad62fe.png',242),(1536,'https://drfhlmcehrc34.cloudfront.net/cache/d/9/79becbf4ce22e0014201cb50bd0cac.png',242),(1537,'https://drfhlmcehrc34.cloudfront.net/cache/c/7/cf1b26f90d6e9eaa149c910b26e1db.png',242),(1538,'https://drfhlmcehrc34.cloudfront.net/cache/e/1/bc3866ee04a6543479c6417dc6f145.png',242),(1539,'https://drfhlmcehrc34.cloudfront.net/cache/f/e/eebda72e2ee842cb64dec4c88bb0e5.png',242),(1540,'https://drfhlmcehrc34.cloudfront.net/cache/c/e/01ff57a12652fb41243aac43ffae35.png',242),(1541,'https://drfhlmcehrc34.cloudfront.net/cache/5/8/f697ddc072e41af5b38c66e816f6a3.png',242),(1542,'https://drfhlmcehrc34.cloudfront.net/cache/e/1/c5e053b90b5580cc4f7a5cf518f472.jpg',243),(1543,'https://drfhlmcehrc34.cloudfront.net/cache/e/e/96b14ba789ba413438527de24f4460.jpg',243),(1544,'https://drfhlmcehrc34.cloudfront.net/cache/8/8/6357c1fb359e2926649b3a1754ac1b.jpg',243),(1545,'https://drfhlmcehrc34.cloudfront.net/cache/5/f/03c12e7b95d64147381956fad1ef73.jpg',243),(1546,'https://drfhlmcehrc34.cloudfront.net/cache/d/2/21eb56d0c750ee55e5c2ed23fc7c56.jpg',243),(1547,'https://drfhlmcehrc34.cloudfront.net/cache/d/a/91be0b3426668751f8c3c54d3dcd44.jpg',243),(1548,'https://drfhlmcehrc34.cloudfront.net/cache/8/6/143277e1ed76d2696142a16f20a544.jpg',243),(1549,'https://drfhlmcehrc34.cloudfront.net/cache/b/5/0d5939922de19cd0e194610cd7fb80.jpg',243),(1550,'https://drfhlmcehrc34.cloudfront.net/cache/d/1/798d1d4422b620d61123ff3b814885.jpg',243),(1551,'https://drfhlmcehrc34.cloudfront.net/cache/9/8/f15955c45b9f452a3d5d4d369b7f03.png',245),(1552,'https://drfhlmcehrc34.cloudfront.net/cache/7/f/bbee7685aadfbc0f31e5f67806dce4.jpg',245),(1553,'https://drfhlmcehrc34.cloudfront.net/cache/1/1/a70df72c6b2a9826b42a01cb183a42.jpg',246),(1554,'https://drfhlmcehrc34.cloudfront.net/cache/7/1/28b1fafb63b55cabf97bcc68203c82.jpg',246),(1555,'https://drfhlmcehrc34.cloudfront.net/cache/0/8/9a41e413fe3bc641998be18c63bf88.png',247),(1556,'https://drfhlmcehrc34.cloudfront.net/cache/a/e/5ad835bd1c0d9303f22be19cc5ca7b.png',247),(1557,'https://drfhlmcehrc34.cloudfront.net/cache/e/3/9fd198244850f97947132db6f8d12b.png',247),(1558,'https://drfhlmcehrc34.cloudfront.net/cache/e/d/8b8f5ad2c3c4e5683c091b4dea3666.png',247),(1559,'https://drfhlmcehrc34.cloudfront.net/cache/a/4/426ac56f8b858e59f3d02ab28f4967.png',247),(1560,'https://drfhlmcehrc34.cloudfront.net/cache/3/0/b6cf6d314b3737304552bdbdebf712.png',247),(1561,'https://drfhlmcehrc34.cloudfront.net/cache/0/1/58ef85f158a4067f5aaa2888e7d081.png',247),(1562,'https://drfhlmcehrc34.cloudfront.net/cache/6/0/31ec339c1d9b971a1a8c27d37767d1.png',247),(1563,'https://drfhlmcehrc34.cloudfront.net/cache/c/e/07064043742ae1dea44fbc85717b35.png',247),(1564,'https://drfhlmcehrc34.cloudfront.net/cache/5/8/d5735136a172e0456cf07d896ade97.jpg',248),(1565,'https://drfhlmcehrc34.cloudfront.net/cache/a/7/f69afbd498aec8085c2508d7a1b56e.jpg',248),(1566,'https://drfhlmcehrc34.cloudfront.net/cache/1/4/c71ccdbd22d48acde364288d1782cc.jpg',248),(1567,'https://drfhlmcehrc34.cloudfront.net/cache/4/1/2d85d932368cc9fc96251c44000419.jpg',248),(1568,'https://drfhlmcehrc34.cloudfront.net/cache/a/f/d1325b854023347e26e69866e63b05.jpg',248),(1569,'https://drfhlmcehrc34.cloudfront.net/cache/1/8/3041f1c92a84850e7a250fda448e8a.jpg',248),(1570,'https://drfhlmcehrc34.cloudfront.net/cache/7/1/49e59d4ccd6cd59075b8abb3261878.jpg',249),(1571,'https://drfhlmcehrc34.cloudfront.net/cache/c/f/f0f8e64d11064bee020255e5937068.jpg',249),(1572,'https://drfhlmcehrc34.cloudfront.net/cache/4/1/50d67b29ae8f890b777583b784e6b6.jpg',249),(1573,'https://drfhlmcehrc34.cloudfront.net/cache/7/b/a01fa0aafa4abe5ea5fe35a273540f.jpg',249),(1574,'https://drfhlmcehrc34.cloudfront.net/cache/9/6/e4a3df8b02b1456d9d9bc4946cf21d.jpg',249),(1575,'https://drfhlmcehrc34.cloudfront.net/cache/4/a/7ce58ccf57da9c0a56aee380becea4.png',250),(1576,'https://drfhlmcehrc34.cloudfront.net/cache/e/5/2cafb953896763b38de37e7b211a2c.jpg',250),(1577,'https://drfhlmcehrc34.cloudfront.net/cache/1/5/23ac38f83d486480eb284ec1e91098.jpg',250),(1578,'https://drfhlmcehrc34.cloudfront.net/cache/9/9/b6915ad6c9fa54a2edc797985c71c4.jpg',250),(1579,'https://drfhlmcehrc34.cloudfront.net/cache/f/b/22807b345c000cb19f53fcb3aae7f9.jpg',250),(1580,'https://drfhlmcehrc34.cloudfront.net/cache/8/a/58a52ab4c0c5547c00b4644c5b9f64.jpg',250),(1581,'https://drfhlmcehrc34.cloudfront.net/cache/9/9/baa3d94769602cbf57c64547b3294f.jpg',250),(1582,'https://drfhlmcehrc34.cloudfront.net/cache/3/0/e1d65e6139949890f92f3775ce4661.jpg',250),(1583,'https://drfhlmcehrc34.cloudfront.net/cache/9/3/6ea7c622eeb958df4f552fde0e0325.jpg',250),(1584,'https://drfhlmcehrc34.cloudfront.net/cache/f/0/413ffe51d6fc082d208c786b988226.',251),(1585,'https://drfhlmcehrc34.cloudfront.net/cache/9/a/9fdc19a580d51e38fe3355e2419089.',251),(1586,'https://drfhlmcehrc34.cloudfront.net/cache/6/4/d97ebc2f6baf52fd22a7fb94c30d4f.',251),(1587,'https://drfhlmcehrc34.cloudfront.net/cache/5/e/5fc10256ca93612e55f0e70673e708.jpg',251),(1588,'https://drfhlmcehrc34.cloudfront.net/cache/4/e/ba5aa0ab564d0eb9b61977c2e3a4aa.',251),(1589,'https://drfhlmcehrc34.cloudfront.net/cache/d/8/5fe2d8a4e6ee5047480a566f9e1d49.',251),(1590,'https://drfhlmcehrc34.cloudfront.net/cache/3/b/2439276149e9544a9a2e7c76b218c3.png',252),(1591,'https://drfhlmcehrc34.cloudfront.net/cache/3/9/09185feb6ab0757eeb61eec5034480.jpg',252),(1592,'https://drfhlmcehrc34.cloudfront.net/cache/0/1/b6a19c8c02ded1e7c4b9e102471b57.png',252),(1593,'https://drfhlmcehrc34.cloudfront.net/cache/b/7/a0144da92f1fd688f11dd6e4d1f389.png',252),(1594,'https://drfhlmcehrc34.cloudfront.net/cache/d/5/ca6832dceda5f6560e8c9ba7fd60fc.jpg',252),(1595,'https://drfhlmcehrc34.cloudfront.net/cache/f/7/2f84c87ef8100ca8cc0769d1bb4600.png',252),(1596,'https://drfhlmcehrc34.cloudfront.net/cache/3/5/7689b42b0214744a94b76097e9fb7a.jpg',252),(1597,'https://drfhlmcehrc34.cloudfront.net/cache/f/3/ca422b92dfec03d64d35a08a30a95a.jpg',252),(1598,'https://drfhlmcehrc34.cloudfront.net/cache/8/a/df426641e7cb05471cd30abfcc6ca8.png',252),(1599,'https://drfhlmcehrc34.cloudfront.net/cache/9/9/5c84a15931c9586a87deb3d338e9f4.jpg',253),(1600,'https://drfhlmcehrc34.cloudfront.net/cache/0/5/5adbff4f74a4b18f84d761b6154754.png',253),(1601,'https://drfhlmcehrc34.cloudfront.net/cache/9/3/14f8367b140352d0eb7f27ed30e931.png',253),(1602,'https://drfhlmcehrc34.cloudfront.net/cache/3/6/b79963310ef14d3b06b41e07d75eb8.jpg',254),(1603,'https://drfhlmcehrc34.cloudfront.net/cache/5/5/74bfacb846ac124e538b2a3587c68f.jpg',254),(1604,'https://drfhlmcehrc34.cloudfront.net/cache/b/4/3a4c6f83af6fbb151fa60e43adea8a.jpg',254),(1605,'https://drfhlmcehrc34.cloudfront.net/cache/e/c/4d398fd3da613f803d183dc408206c.jpg',254),(1606,'https://drfhlmcehrc34.cloudfront.net/cache/5/d/a696935fa13c7269710a56fa8d6a49.jpg',254),(1607,'https://drfhlmcehrc34.cloudfront.net/cache/d/9/65f4b7d34eb2644dfd6a6686fbb49a.jpg',255),(1608,'https://drfhlmcehrc34.cloudfront.net/cache/8/b/82d79e5c582b5a42d4cd8ea0b40533.jpg',256),(1609,'https://drfhlmcehrc34.cloudfront.net/cache/b/d/ee7590f9a7a4bf18dae972b263ef38.jpg',256),(1610,'https://drfhlmcehrc34.cloudfront.net/cache/d/8/897f5358dc05af518ea0b83931beb3.jpg',256),(1611,'https://drfhlmcehrc34.cloudfront.net/cache/0/f/5dfe73100ba28581e2d85ac72a97f2.jpg',256),(1612,'https://drfhlmcehrc34.cloudfront.net/cache/2/a/c1623e6a5645270e122ceba1aeb65d.gif',256),(1613,'https://drfhlmcehrc34.cloudfront.net/cache/f/7/6b09535f587a031aa6eb63383b040b.jpg',256),(1614,'https://drfhlmcehrc34.cloudfront.net/cache/a/0/91be4723ca67e0a453446f13d13b93.jpg',256),(1615,'https://drfhlmcehrc34.cloudfront.net/cache/7/a/e777f713bb3685b2c5fba22ad17f25.jpg',256),(1616,'https://drfhlmcehrc34.cloudfront.net/cache/3/e/669beaa3d3132945b33c09a7f2ead4.jpg',256),(1617,'https://drfhlmcehrc34.cloudfront.net/cache/c/a/62b07b6f5563fb5c44603ac908f9d9.gif',258),(1618,'https://drfhlmcehrc34.cloudfront.net/cache/2/2/41c3dbbf2434d96d2a8d2b6d38ad7d.png',258),(1619,'https://drfhlmcehrc34.cloudfront.net/cache/e/8/39a016b0dd5fed865ef0c7778532e2.png',258),(1620,'https://drfhlmcehrc34.cloudfront.net/cache/6/3/e16dcf1dce23e6550786cb8fadbd01.png',258),(1621,'https://drfhlmcehrc34.cloudfront.net/cache/1/1/f7369d4c299096f904421104397d9c.png',258),(1622,'https://drfhlmcehrc34.cloudfront.net/cache/a/b/55b0201da268dcfbfca3ad212a1c97.png',258),(1623,'https://drfhlmcehrc34.cloudfront.net/cache/2/f/10bea7eb3001ca63511a320cb0c673.png',258),(1624,'https://drfhlmcehrc34.cloudfront.net/cache/2/3/804b43b0162cc628fa433bd5a71724.png',258),(1625,'https://drfhlmcehrc34.cloudfront.net/cache/6/2/15c86f31fce0dc2b381a5603ffb60d.png',258),(1626,'https://drfhlmcehrc34.cloudfront.net/cache/a/3/50ffd2e2b36758861049fc4ff743a6.jpg',260),(1627,'https://drfhlmcehrc34.cloudfront.net/cache/d/e/7d6f54083133d5739aada87a1d6c86.jpg',261),(1628,'https://drfhlmcehrc34.cloudfront.net/cache/d/f/7636c45f1069bc9a7208f631768632.jpg',261),(1629,'https://drfhlmcehrc34.cloudfront.net/cache/9/9/8dd3eda3eb62adf4f7bb68cf8d025c.jpg',261),(1630,'https://drfhlmcehrc34.cloudfront.net/cache/8/b/afdc0308437911755fa2db622bb646.jpg',261),(1631,'https://drfhlmcehrc34.cloudfront.net/cache/8/2/b30779180fe8067b48643e6d061967.png',262),(1632,'https://drfhlmcehrc34.cloudfront.net/cache/2/0/b9547fd685d7c69a50e082879cd245.jpg',262),(1633,'https://drfhlmcehrc34.cloudfront.net/cache/d/a/df8c7e71f9cfd689f857ea0fc915be.jpg',263),(1634,'https://drfhlmcehrc34.cloudfront.net/cache/a/4/233efb4afc702d9ee57de187947166.jpg',263),(1635,'https://drfhlmcehrc34.cloudfront.net/cache/f/f/24c2c89afb8788ca961147e9f69226.jpg',264),(1636,'https://drfhlmcehrc34.cloudfront.net/cache/6/b/80ff35d293fe254e96ddf67ebcef54.jpg',264),(1637,'https://drfhlmcehrc34.cloudfront.net/cache/3/4/20e37be2967563b355bd12418a7a5a.jpg',264),(1638,'https://drfhlmcehrc34.cloudfront.net/cache/c/5/1e7e07ea15a5669bbdbb89a12e7cd1.jpg',264),(1639,'https://drfhlmcehrc34.cloudfront.net/cache/1/c/106b949fae4e7200ea4cd74b2739f4.jpg',264),(1640,'https://drfhlmcehrc34.cloudfront.net/cache/4/6/92332127d3c819705c607e5e1d5264.jpg',264),(1641,'https://drfhlmcehrc34.cloudfront.net/cache/6/6/a79eb03a8d35fd9cf7cc941f1edca5.jpg',264),(1642,'https://drfhlmcehrc34.cloudfront.net/cache/f/b/384b5fc25958c14b5ffc5a5af12dee.jpg',264),(1643,'https://drfhlmcehrc34.cloudfront.net/cache/9/7/24930342a04fad565e5801c9460f74.png',265),(1644,'https://drfhlmcehrc34.cloudfront.net/cache/b/0/943fcfe50dfeda67c89021a2fa9280.png',265),(1645,'https://drfhlmcehrc34.cloudfront.net/cache/9/7/1d7d76d04679d45b5b8735013f8b18.png',265),(1646,'https://drfhlmcehrc34.cloudfront.net/cache/d/b/111110aa7cc7f7363c17f99a36be6f.png',265),(1647,'https://drfhlmcehrc34.cloudfront.net/cache/d/a/f06414e76facadae6c3605f75339c4.png',265),(1648,'https://drfhlmcehrc34.cloudfront.net/cache/a/b/650f8a36d16f8a275157579d314ecf.jpg',266),(1649,'https://drfhlmcehrc34.cloudfront.net/cache/9/f/7e125c117fb4948c5673d1ac178296.jpg',266),(1650,'https://drfhlmcehrc34.cloudfront.net/cache/d/b/c7fc3c5679eb0f4ba64aa72ad137e9.jpg',266),(1651,'https://drfhlmcehrc34.cloudfront.net/cache/9/c/68e9fc89a46993eca74ef03743d350.jpg',266),(1652,'https://drfhlmcehrc34.cloudfront.net/cache/3/a/a335ddae2ded06430fae89ab5713b3.jpg',266),(1653,'https://drfhlmcehrc34.cloudfront.net/cache/d/e/c12802f24be87949a6d6dd925daa03.png',267),(1654,'https://drfhlmcehrc34.cloudfront.net/cache/1/4/fa695bb74fe8f3850e134b5835e128.png',267),(1655,'https://drfhlmcehrc34.cloudfront.net/cache/6/8/4c94636d4494e0cb0ed5b7b36b7b06.png',268),(1656,'https://drfhlmcehrc34.cloudfront.net/cache/1/1/0ee673f452839efeb4d3d6dc863687.png',268),(1657,'https://drfhlmcehrc34.cloudfront.net/cache/d/5/9ff04245fe8cf9828dbf4f237e8738.png',268),(1658,'https://drfhlmcehrc34.cloudfront.net/cache/6/9/2b2d30e017ac22fb9b9a913d256869.png',268),(1659,'https://drfhlmcehrc34.cloudfront.net/cache/2/0/bd3a1686d585c49e45c3cfd24b3303.png',268),(1660,'https://drfhlmcehrc34.cloudfront.net/cache/c/a/6af351f34efa208b39c97244ab1022.png',268),(1661,'https://drfhlmcehrc34.cloudfront.net/cache/4/8/d73ece0405a97955ddd9fea4e8cf58.jpg',269),(1662,'https://drfhlmcehrc34.cloudfront.net/cache/8/4/ffca6aee27a3c48144720f4501780b.jpg',269),(1663,'https://drfhlmcehrc34.cloudfront.net/cache/2/6/ae36fb0e0088a8c2cc31194f6a5455.jpg',269),(1664,'https://drfhlmcehrc34.cloudfront.net/cache/6/3/4ee9b18e530fbb6b3a1d003d182dd0.jpg',269),(1665,'https://drfhlmcehrc34.cloudfront.net/cache/3/e/e309866ad499a3d830a3f426423bdb.jpg',269),(1666,'https://drfhlmcehrc34.cloudfront.net/cache/8/4/af0f10fcd89eccea2d246d33020c01.jpg',269),(1667,'https://drfhlmcehrc34.cloudfront.net/cache/4/f/99dda6d22e67b39c60e6f845bf1619.jpg',269),(1668,'https://drfhlmcehrc34.cloudfront.net/cache/4/2/57971712f93f7318e9b7693b13f022.png',269),(1669,'https://drfhlmcehrc34.cloudfront.net/cache/5/3/aff466f3dcbce5c274fa09531e418c.jpg',270),(1670,'https://drfhlmcehrc34.cloudfront.net/cache/9/c/ecc8e3e5b0ed3260947c859f235704.jpg',271),(1671,'https://drfhlmcehrc34.cloudfront.net/cache/7/2/f6d49b1eb662513707922431d2f1d7.jpg',271),(1672,'https://drfhlmcehrc34.cloudfront.net/cache/1/c/288b8259158463de111851ac9813ae.jpg',271),(1673,'https://drfhlmcehrc34.cloudfront.net/cache/3/a/9097b848fdbcb5358b3c04d80d780c.jpg',271),(1674,'https://drfhlmcehrc34.cloudfront.net/cache/c/b/b6979b23884a4a8ef1a84d7c18def0.jpg',271),(1675,'https://drfhlmcehrc34.cloudfront.net/cache/0/4/00c44bb0bb897c2d31c01a59e64b2d.png',271),(1676,'https://drfhlmcehrc34.cloudfront.net/cache/2/5/cab53750ed1088623f616b37365906.jpg',271),(1677,'https://drfhlmcehrc34.cloudfront.net/cache/e/7/3d6a669a71754ac31c59fa271a6a02.gif',271),(1678,'https://drfhlmcehrc34.cloudfront.net/cache/4/2/feef6a96623c61f59051e7230d665e.jpg',272),(1679,'https://drfhlmcehrc34.cloudfront.net/cache/e/0/ce5dcd232c37b23193b1484ae2918f.png',272),(1680,'https://drfhlmcehrc34.cloudfront.net/cache/5/6/7aeb3f22f396b4e0f0a976083329f5.jpg',273),(1681,'https://drfhlmcehrc34.cloudfront.net/cache/9/7/ed5c29ba5bb438a76b1eb1046a0c83.jpg',273),(1682,'https://drfhlmcehrc34.cloudfront.net/cache/0/2/a1938f8689722cae3e33a1895d9e9b.jpg',273),(1683,'https://drfhlmcehrc34.cloudfront.net/cache/0/d/6faaff0ba6ecc2601e8bf881a3b560.jpg',273),(1684,'https://drfhlmcehrc34.cloudfront.net/cache/2/8/d2073197f305cf636144f7501e5ca9.jpg',273),(1685,'https://drfhlmcehrc34.cloudfront.net/cache/5/4/a8bb4fe2542e27b00a24b83b6a447b.jpg',273),(1686,'https://drfhlmcehrc34.cloudfront.net/cache/7/a/2d145d6039bac3f95de4b9947d0316.jpg',274),(1687,'https://drfhlmcehrc34.cloudfront.net/cache/d/6/37aceb9ce295088fb083f42844c0be.jpg',274),(1688,'https://drfhlmcehrc34.cloudfront.net/cache/b/5/5f64f7570a12041aee597b03e79856.jpg',274),(1689,'https://drfhlmcehrc34.cloudfront.net/cache/7/a/857d67547650f2acce93f98265e725.jpg',274),(1690,'https://drfhlmcehrc34.cloudfront.net/cache/f/a/9625b6cf2d88bc93eb47c6d94b8659.jpg',274),(1691,'https://drfhlmcehrc34.cloudfront.net/cache/f/9/b30957952839e3d9c41d35cc688fa3.jpg',275),(1692,'https://drfhlmcehrc34.cloudfront.net/cache/8/9/1c29388a41b4233fb6c88d8c488bb5.jpg',275),(1693,'https://drfhlmcehrc34.cloudfront.net/cache/6/8/00ca07dbd1a929c3d92eae58230bc9.jpg',275),(1694,'https://drfhlmcehrc34.cloudfront.net/cache/d/2/5d530a80d951572024db9c9ac81814.jpg',275),(1695,'https://drfhlmcehrc34.cloudfront.net/cache/c/0/2701a2d091a90185b89a6df71b94d2.jpg',275),(1696,'https://drfhlmcehrc34.cloudfront.net/cache/d/1/d2e2f72f313d5f0bd48f8dde68354b.jpg',275),(1697,'https://drfhlmcehrc34.cloudfront.net/cache/8/7/df5ec5dd2d4f8b2a2a831e213a6c23.jpg',275),(1698,'https://drfhlmcehrc34.cloudfront.net/cache/0/5/e2fc652f7b7bc08347026cac81db89.jpg',275),(1699,'https://drfhlmcehrc34.cloudfront.net/cache/2/6/f0ccb2a899bf760c3059bbe21dfe62.jpg',275),(1700,'https://drfhlmcehrc34.cloudfront.net/cache/6/a/126a930b5064c3fd8b47073ad611ba.png',276),(1701,'https://drfhlmcehrc34.cloudfront.net/cache/a/f/4d8dc07c58fc83daa481bd816a5297.png',276),(1702,'https://drfhlmcehrc34.cloudfront.net/cache/9/2/179427b950eeea289b0a09910ed9e2.png',276),(1703,'https://drfhlmcehrc34.cloudfront.net/cache/7/5/eb6939fffb517235ce833dba6394af.png',276),(1704,'https://drfhlmcehrc34.cloudfront.net/cache/f/1/ae2b2d36fafb7278e0a458871132a5.jpg',276),(1705,'https://drfhlmcehrc34.cloudfront.net/cache/e/c/f7c6f8af8978e16f5a864907e9c4c5.png',276),(1706,'https://drfhlmcehrc34.cloudfront.net/cache/a/1/9669620b852d0eeac13a3dacbec9a8.jpg',276),(1707,'https://drfhlmcehrc34.cloudfront.net/cache/6/1/6f4421bb912b21d618a013306f9558.jpg',276),(1708,'https://drfhlmcehrc34.cloudfront.net/cache/e/5/13a41907d8639caad9aaf7242edb21.png',276),(1709,'https://drfhlmcehrc34.cloudfront.net/cache/0/e/e038fd10b4fbc69a1e4c0b4b28d547.jpg',277),(1710,'https://drfhlmcehrc34.cloudfront.net/cache/1/d/52da257a6d2b2a69788e3df5f10ede.png',277),(1711,'https://drfhlmcehrc34.cloudfront.net/cache/a/2/1553bad93411b82e0c5f209ba4d3dc.jpg',277),(1712,'https://drfhlmcehrc34.cloudfront.net/cache/e/f/5414e76bc54effb068fd59cfa21a61.gif',277),(1713,'https://drfhlmcehrc34.cloudfront.net/cache/3/d/b443b6d3ec6baeaf2b9c3e6b1f0dc6.jpg',277),(1714,'https://drfhlmcehrc34.cloudfront.net/cache/9/7/b6f4b396cf3e3c6b2743149320d03b.gif',277),(1715,'https://drfhlmcehrc34.cloudfront.net/cache/0/7/0f3e0406df1ab6c4c3c69e98d10160.jpg',277),(1716,'https://drfhlmcehrc34.cloudfront.net/cache/e/8/275eb9af29ed3420b0442f80d93ba8.jpg',277),(1717,'https://drfhlmcehrc34.cloudfront.net/cache/2/9/168d6115a655560df1fe0fcd8873ea.jpg',277),(1718,'https://drfhlmcehrc34.cloudfront.net/cache/3/3/0d93cbc5c19f7e9da6d7ecd383b0e6.jpg',279),(1719,'https://drfhlmcehrc34.cloudfront.net/cache/9/7/3237339204db709b59301c74dfe4ed.jpg',279),(1720,'https://drfhlmcehrc34.cloudfront.net/cache/5/0/442dea98fab5fe9daaa9d357418b59.jpg',279),(1721,'https://drfhlmcehrc34.cloudfront.net/cache/e/8/4f66c241faddd4f4f73776a58f7070.jpg',279),(1722,'https://drfhlmcehrc34.cloudfront.net/cache/e/a/49b8645c13a3aa0371fa9fd90e462b.jpg',279),(1723,'https://drfhlmcehrc34.cloudfront.net/cache/b/1/6653acb12660425272aba7d22c4be3.png',279),(1724,'https://drfhlmcehrc34.cloudfront.net/cache/f/e/2b0365236ff7a725e78d2608601f77.jpg',279),(1725,'https://drfhlmcehrc34.cloudfront.net/cache/f/3/bfb7a801e5e823f92fc324e8d24e4a.jpg',280),(1726,'https://drfhlmcehrc34.cloudfront.net/cache/0/6/d26271662a2bd68b9f4dc883123f3b.jpg',280),(1727,'https://drfhlmcehrc34.cloudfront.net/cache/a/d/2fd1d765009ef047ef88244fe3309b.jpg',280),(1728,'https://drfhlmcehrc34.cloudfront.net/cache/6/7/9ca24a065d32ea8b4f0bb60782e108.jpg',280),(1729,'https://drfhlmcehrc34.cloudfront.net/cache/a/5/2fae080c41df4234fc82cd22aa03a0.jpg',280),(1730,'https://drfhlmcehrc34.cloudfront.net/cache/c/3/79917cd4d96f2de52f2f252f8d3649.jpg',280),(1731,'https://drfhlmcehrc34.cloudfront.net/cache/2/3/46869a697fa5a342e5589d887a9f05.jpg',280),(1732,'https://drfhlmcehrc34.cloudfront.net/cache/b/6/67b56c0b5e136d2c47ddc39e1a1a16.jpg',280),(1733,'https://drfhlmcehrc34.cloudfront.net/cache/c/e/927a43788764d909b9beda1bac680a.jpg',280),(1734,'https://drfhlmcehrc34.cloudfront.net/cache/1/5/a2581b5dd654abad9f0e1349e0af08.jpg',281),(1735,'https://drfhlmcehrc34.cloudfront.net/cache/a/6/83de33eacce98033125edfe7d760c9.jpg',281),(1736,'https://drfhlmcehrc34.cloudfront.net/cache/8/d/65d9348035430dcd5d2e4593779a9a.jpg',281),(1737,'https://drfhlmcehrc34.cloudfront.net/cache/4/7/9841302eb63c02e9210e316d02cb2d.jpg',281),(1738,'https://drfhlmcehrc34.cloudfront.net/cache/7/9/ca833e7a4b45bef3f52f8fa9fa6940.jpg',281),(1739,'https://drfhlmcehrc34.cloudfront.net/cache/e/6/bd65661c17519926323ea895ac4fb7.jpg',281),(1740,'https://drfhlmcehrc34.cloudfront.net/cache/e/0/1f327427a777638c5af47a636fb188.jpg',281),(1741,'https://drfhlmcehrc34.cloudfront.net/cache/6/2/eb8a28e506fecd220338ea2534449d.jpg',281),(1742,'https://drfhlmcehrc34.cloudfront.net/cache/9/7/e540739dc91ec67421f676dfc7ceb0.jpg',281),(1743,'https://drfhlmcehrc34.cloudfront.net/cache/4/c/58a12c6840ebf53f2af822cdfab5a2.jpg',282),(1744,'https://drfhlmcehrc34.cloudfront.net/cache/c/2/0c355b407ab2e2d02e393f3378e1aa.jpg',282),(1745,'https://drfhlmcehrc34.cloudfront.net/cache/c/c/bc98ea44bcb8360d5122fb968cba6c.jpg',282),(1746,'https://drfhlmcehrc34.cloudfront.net/cache/1/3/0cd2c74b2e0a70eacbc4d6ca80a7d4.jpg',282),(1747,'https://drfhlmcehrc34.cloudfront.net/cache/d/e/dee4d87ff022775ceabfaf4934ed7b.jpg',282),(1748,'https://drfhlmcehrc34.cloudfront.net/cache/f/d/8e882c3f2860bdfbdffdd68db22a5e.jpg',283),(1749,'https://drfhlmcehrc34.cloudfront.net/cache/0/2/eccaf72757977b98e057212409f196.jpg',283),(1750,'https://drfhlmcehrc34.cloudfront.net/cache/2/f/8c12470ab0fb8e00d62e0f0b5ac959.jpg',283),(1751,'https://drfhlmcehrc34.cloudfront.net/cache/d/d/063961dd997caaacb0eb2781d7e09a.png',283),(1752,'https://drfhlmcehrc34.cloudfront.net/cache/5/4/140bd490ad0cf553dfe32b534d0bea.jpg',283),(1753,'https://drfhlmcehrc34.cloudfront.net/cache/a/5/c41b61568943ad48560c165cba7fa9.jpg',283),(1754,'https://drfhlmcehrc34.cloudfront.net/cache/d/9/69fdc165f106ea6534d6b6824b23c5.jpg',283),(1755,'https://drfhlmcehrc34.cloudfront.net/cache/d/d/4c7ce36a2ee9fd4cd1c39aa23941be.jpg',283),(1756,'https://drfhlmcehrc34.cloudfront.net/cache/1/7/a9f795099f1782c7ffbeddbaaa2d2c.jpg',284),(1757,'https://drfhlmcehrc34.cloudfront.net/cache/d/5/a94a90934d12b7a22363012e7fb5ed.jpg',284),(1758,'https://drfhlmcehrc34.cloudfront.net/cache/f/2/801b767d296a4b24db46d53d08294b.jpg',284),(1759,'https://drfhlmcehrc34.cloudfront.net/cache/9/1/b2689455752b483924440620b2f400.jpg',284),(1760,'https://drfhlmcehrc34.cloudfront.net/cache/2/5/d3f3e34e252f231d2ddf36be22a722.jpg',284),(1761,'https://drfhlmcehrc34.cloudfront.net/cache/9/b/2122a16bc9e4d25a5827ee11fdadba.jpg',284),(1762,'https://drfhlmcehrc34.cloudfront.net/cache/7/d/46fdaac752fff9dbd3ee72396d3aed.jpg',284),(1763,'https://drfhlmcehrc34.cloudfront.net/cache/6/8/8a97fd07db7c55dd63ec54bd63f9b4.jpg',284),(1764,'https://drfhlmcehrc34.cloudfront.net/cache/f/0/ba6a117375cd740fb40ee0d125d999.jpg',284),(1765,'https://drfhlmcehrc34.cloudfront.net/cache/2/7/d900b05d96cae392917247db37885e.jpg',285),(1766,'https://drfhlmcehrc34.cloudfront.net/cache/e/0/f55d0a62ddd728cc1a72ba7f4752ba.png',285),(1767,'https://drfhlmcehrc34.cloudfront.net/cache/0/2/3ad0f12c63d416528431ec4e82a0e9.png',285),(1768,'https://drfhlmcehrc34.cloudfront.net/cache/1/e/a0031d04d17c00acad68d41fcda5bb.jpg',285),(1769,'https://drfhlmcehrc34.cloudfront.net/cache/0/a/9973dca6cac068dedb5f1c85bd14a8.jpg',285),(1770,'https://drfhlmcehrc34.cloudfront.net/cache/d/6/170274e321ed3406492c3d0f9bd960.jpg',285),(1771,'https://drfhlmcehrc34.cloudfront.net/cache/1/d/9bc30a097d48d4a3bd9034296078d3.png',285),(1772,'https://drfhlmcehrc34.cloudfront.net/cache/d/6/2f47609719dadf23c2e813051f4dd6.png',285),(1773,'https://drfhlmcehrc34.cloudfront.net/cache/c/7/b0b05b5ede9e78018306003f2582c2.png',285),(1774,'https://drfhlmcehrc34.cloudfront.net/cache/d/d/f3a44fc96032860c927ccae1b216e3.jpg',286),(1775,'https://drfhlmcehrc34.cloudfront.net/cache/3/c/b4d1d079403e6fd5c6506e9f135bad.jpg',286),(1776,'https://drfhlmcehrc34.cloudfront.net/cache/b/2/f475d682d58398a454d7a50640d3e0.png',287),(1777,'https://drfhlmcehrc34.cloudfront.net/cache/8/9/d205dc15a6f8f3673c91818b335076.jpg',287),(1778,'https://drfhlmcehrc34.cloudfront.net/cache/6/5/ccbf6067d0f9666a1af7a73dc52f19.jpg',287),(1779,'https://drfhlmcehrc34.cloudfront.net/cache/8/9/939c289d9c2f50915d34d300e07bbe.jpg',287),(1780,'https://drfhlmcehrc34.cloudfront.net/cache/9/4/412312bdd49d5b25594369a82bd91a.jpg',287),(1781,'https://drfhlmcehrc34.cloudfront.net/cache/b/e/9449c068077352ac12f3f61d84b6e1.jpg',287),(1782,'https://drfhlmcehrc34.cloudfront.net/cache/5/a/d580f5341cc2ebd3be6f81dd4c3e73.jpg',288),(1783,'https://drfhlmcehrc34.cloudfront.net/cache/5/f/1b5e89f574806bd1ffc0dcbb18767a.jpg',288),(1784,'https://drfhlmcehrc34.cloudfront.net/cache/d/0/4f59abf29da84552cb4a0cd3aea310.png',288),(1785,'https://drfhlmcehrc34.cloudfront.net/cache/b/6/89e8152b8abd839745ce4c9c30a8ab.jpg',288),(1786,'https://drfhlmcehrc34.cloudfront.net/cache/8/4/2eea6c5a19953377c55e9c07c723af.jpg',288),(1787,'https://drfhlmcehrc34.cloudfront.net/cache/5/b/b611e6806dd9d36cc90d3ab43a02bf.jpg',288),(1788,'https://drfhlmcehrc34.cloudfront.net/cache/8/6/372a74b8674c3aaa5b7dc46e0ee734.jpg',288),(1789,'https://drfhlmcehrc34.cloudfront.net/cache/5/3/8ab0067570eca2548778ab67bd025e.jpg',288),(1790,'https://drfhlmcehrc34.cloudfront.net/cache/9/7/1fe63728ac90f17546f3e900bd209b.png',288),(1791,'https://drfhlmcehrc34.cloudfront.net/cache/2/5/02ba273af18a98f838c8f774e5fcdb.png',289),(1792,'https://drfhlmcehrc34.cloudfront.net/cache/0/4/bab784c82ec4202abce72b13f15fea.jpg',289),(1793,'https://drfhlmcehrc34.cloudfront.net/cache/d/7/346fa8875680498ff04bc75c952a98.jpg',289),(1794,'https://drfhlmcehrc34.cloudfront.net/cache/b/f/2743d2bb3f72c5da00335848555663.png',289),(1795,'https://drfhlmcehrc34.cloudfront.net/cache/0/9/2121adb0ff7afa7b502b5a9968154a.jpg',290),(1796,'https://drfhlmcehrc34.cloudfront.net/cache/3/a/4d2fdbc2882ed46f6aa481b51b7822.jpg',290),(1797,'https://drfhlmcehrc34.cloudfront.net/cache/2/9/b70756d0e43d47608ed84c06aad88a.jpg',290),(1798,'https://drfhlmcehrc34.cloudfront.net/cache/9/6/cc957029e9541b7d19af1bccb05507.jpg',290),(1799,'https://drfhlmcehrc34.cloudfront.net/cache/e/e/7e9a2add331bae906fb50ffc2e3c9d.jpg',292),(1800,'https://drfhlmcehrc34.cloudfront.net/cache/a/1/acfc2a2926e696af5c50fb926580e3.jpg',292),(1801,'https://drfhlmcehrc34.cloudfront.net/cache/f/b/0d05a50b336d8351c538aa94d0f51f.jpg',292),(1802,'https://drfhlmcehrc34.cloudfront.net/cache/d/b/b9042d79274134a4dcd33c04487585.jpg',293),(1803,'https://drfhlmcehrc34.cloudfront.net/cache/d/0/636a33670b6fc7478e88df26e8c20c.png',293),(1804,'https://drfhlmcehrc34.cloudfront.net/cache/e/5/52209b6d242ed2e8fa42fb4720d8a3.jpg',293),(1805,'https://drfhlmcehrc34.cloudfront.net/cache/0/5/cb4c8a37499911ae05b6cd569e78f3.jpg',294),(1806,'https://drfhlmcehrc34.cloudfront.net/cache/d/e/3c407fe190ed105e69071563fc3b45.jpg',294),(1807,'https://drfhlmcehrc34.cloudfront.net/cache/d/d/bf7a72a3adac1a5c6db5734e4971a7.jpg',294),(1808,'https://drfhlmcehrc34.cloudfront.net/cache/f/2/ae0cdc9661dad7f28ed0955d41123b.jpg',294),(1809,'https://drfhlmcehrc34.cloudfront.net/cache/5/8/bd24ff2a7096eb2487f9df50ef2644.jpg',294),(1810,'https://drfhlmcehrc34.cloudfront.net/cache/9/c/89d132c668e735008c1d7f167f5900.png',295),(1811,'https://drfhlmcehrc34.cloudfront.net/cache/a/1/7238864953f1d3ae6ebe22e8dfc82c.jpg',295),(1812,'https://drfhlmcehrc34.cloudfront.net/cache/2/5/57a30313813cb0da4c3299c21f9ccd.png',296),(1813,'https://drfhlmcehrc34.cloudfront.net/cache/b/4/c43282ee3d12f22de5f1908350756d.png',296),(1814,'https://drfhlmcehrc34.cloudfront.net/cache/e/7/86a39f827cb6e9a859fca6e3d7cc14.png',296),(1815,'https://drfhlmcehrc34.cloudfront.net/cache/d/8/d78e20059dc4fdea54094dc5cb03a3.png',296),(1816,'https://drfhlmcehrc34.cloudfront.net/cache/5/6/9377d39d231aa690d9cc66ab1ebfb7.jpg',296),(1817,'https://drfhlmcehrc34.cloudfront.net/cache/8/1/3c0b40f5c6e4b9f38aad77b9315e61.png',296),(1818,'https://drfhlmcehrc34.cloudfront.net/cache/2/8/2ca9f790f0004e5e91e54b252c2055.jpg',296),(1819,'https://drfhlmcehrc34.cloudfront.net/cache/4/d/54bbe802e47715b038fe8ab7951757.png',296),(1820,'https://drfhlmcehrc34.cloudfront.net/cache/8/e/6e79faec85dee837eaa7b11ac01660.png',296),(1821,'https://drfhlmcehrc34.cloudfront.net/cache/4/d/c08ec50282425fec54232cf909501c.jpg',297),(1822,'https://drfhlmcehrc34.cloudfront.net/cache/d/b/a77f3d322e0915cff3a049b4d5dfd4.jpg',297),(1823,'https://drfhlmcehrc34.cloudfront.net/cache/9/8/d734be60993bae8b6141860b35fd30.jpg',297),(1824,'https://drfhlmcehrc34.cloudfront.net/cache/f/0/2e66e21dfc34a17c8bf06ec2e04083.jpg',297),(1825,'https://drfhlmcehrc34.cloudfront.net/cache/b/6/3fdc01356b9cd40189b9cd1cc071c9.jpg',297),(1826,'https://drfhlmcehrc34.cloudfront.net/cache/2/8/60bda344d72c5f061c912320efc72e.jpg',297),(1827,'https://drfhlmcehrc34.cloudfront.net/cache/e/5/a4c7dff17b7a1b1c748f1f7578f758.jpg',297),(1828,'https://drfhlmcehrc34.cloudfront.net/cache/e/6/36808d22221dfad16e85aef401a0cb.jpg',297),(1829,'https://drfhlmcehrc34.cloudfront.net/cache/2/6/5947f7cb030bbb5a3d2e252cf126c5.jpg',297),(1830,'https://drfhlmcehrc34.cloudfront.net/cache/e/4/7e87cecef5898b955c0abbef774c07.jpg',298),(1831,'https://drfhlmcehrc34.cloudfront.net/cache/0/5/d539825b0b73e57800eafaa50ae00d.jpg',298),(1832,'https://drfhlmcehrc34.cloudfront.net/cache/6/e/db29376d13c6d10fb5fec214950bda.jpg',298),(1833,'https://drfhlmcehrc34.cloudfront.net/cache/0/7/4690ca47058e4e0a97ef87355e198c.jpg',298),(1834,'https://drfhlmcehrc34.cloudfront.net/cache/c/d/92f619416e181da283731e3ca7212e.jpg',298),(1835,'https://drfhlmcehrc34.cloudfront.net/cache/2/d/d2332f600038d06aeb82870864ec2e.jpg',298),(1836,'https://drfhlmcehrc34.cloudfront.net/cache/2/3/f09c67bb83e6eff5901bbd121f4582.jpg',298),(1837,'https://drfhlmcehrc34.cloudfront.net/cache/c/1/e8ebb6cc127aec2d6adce17be27971.jpg',298),(1838,'https://drfhlmcehrc34.cloudfront.net/cache/b/e/c31fb289f9365d95a4fd92f3d77ca0.jpg',299),(1839,'https://drfhlmcehrc34.cloudfront.net/cache/8/5/4e5b8d7ff61340ce8c3adcee8f72c6.jpg',299),(1840,'https://drfhlmcehrc34.cloudfront.net/cache/8/3/23dead9312cb38c0288067f4e50a00.jpg',299),(1841,'https://drfhlmcehrc34.cloudfront.net/cache/f/8/4b18f71e88cd4be23d6bc250bce6b6.jpg',299),(1842,'https://drfhlmcehrc34.cloudfront.net/cache/5/6/7cb2ed978b3b733500fb6351e85f63.jpg',299),(1843,'https://drfhlmcehrc34.cloudfront.net/cache/4/3/09ea6b110ca5fcdf81f6e0dfe16214.jpg',299),(1844,'https://drfhlmcehrc34.cloudfront.net/cache/7/9/bcc2bb923099ac148d2a58bd171632.jpg',299),(1845,'https://drfhlmcehrc34.cloudfront.net/cache/2/e/b77db64d92c93b8fb95e8607fb4c71.jpg',299),(1846,'https://drfhlmcehrc34.cloudfront.net/cache/c/6/86653c04aea3414f93777ca07e2a3e.jpg',299),(1847,'https://drfhlmcehrc34.cloudfront.net/cache/4/4/6e8902a08363917e2811cf335c2472.jpg',300),(1848,'https://drfhlmcehrc34.cloudfront.net/cache/3/8/0f7bc400be1ea3f70cded2ea9bf663.jpg',300),(1849,'https://drfhlmcehrc34.cloudfront.net/cache/f/e/5531c468ef8bebabf311c65debb6bc.jpg',300),(1850,'https://drfhlmcehrc34.cloudfront.net/cache/1/9/d1ba1a3a1406eb179594e783bac7a8.jpg',300),(1851,'https://drfhlmcehrc34.cloudfront.net/cache/c/8/b354ce42de4bcef861291bc9be89da.jpg',300),(1852,'https://drfhlmcehrc34.cloudfront.net/cache/c/8/1123b72b72dd8f89516f44d875852a.jpg',301),(1853,'https://drfhlmcehrc34.cloudfront.net/cache/b/b/053734256b942fb9527c25981cc73c.png',301),(1854,'https://drfhlmcehrc34.cloudfront.net/cache/d/a/7b23ad5e8a552d3d4f9e648e3d30b8.jpg',301),(1855,'https://drfhlmcehrc34.cloudfront.net/cache/c/e/ec17e70221769cc342c2acd84a10d6.jpg',301),(1856,'https://drfhlmcehrc34.cloudfront.net/cache/c/9/d88d41f303abcc5e6f5d2ac55c4921.png',301),(1857,'https://drfhlmcehrc34.cloudfront.net/cache/1/2/a07e66812f018dfe61fd387bc31c24.jpg',301),(1858,'https://drfhlmcehrc34.cloudfront.net/cache/b/b/3f5802b7b265e8041c2b4a31946211.png',301),(1859,'https://drfhlmcehrc34.cloudfront.net/cache/8/c/1fb690be4c35c9bf693237c2789f11.png',301),(1860,'https://drfhlmcehrc34.cloudfront.net/cache/f/e/01be29eef869600cb803c47988f593.jpg',301),(1861,'https://drfhlmcehrc34.cloudfront.net/cache/8/3/fa264e2011d81f95e5e2794a456d29.png',302),(1862,'https://drfhlmcehrc34.cloudfront.net/cache/c/0/8d0279e588b1a538011a00b074f2ed.jpg',302),(1863,'https://drfhlmcehrc34.cloudfront.net/cache/f/8/d1d89c3be27822e632311e78ba2545.jpg',302),(1864,'https://drfhlmcehrc34.cloudfront.net/cache/8/2/d48a14b7610c0c447df402aaf55fe5.jpg',302),(1865,'https://drfhlmcehrc34.cloudfront.net/cache/3/f/1bfc0d0e88dffbe835fbf54d3551e6.jpg',302),(1866,'https://drfhlmcehrc34.cloudfront.net/cache/6/d/9ec56f4ffeda7db0ed04ab7f4a45d5.jpg',302),(1867,'https://drfhlmcehrc34.cloudfront.net/cache/1/f/e1a13e74e0635388dc4b3c8f2d6779.jpg',302),(1868,'https://drfhlmcehrc34.cloudfront.net/cache/b/b/02eb7bd5f4496e2ac00755d1891278.png',302),(1869,'https://drfhlmcehrc34.cloudfront.net/cache/f/7/47a919b3fcbd11fe5bc3f83966dad0.jpg',302),(1870,'https://drfhlmcehrc34.cloudfront.net/cache/0/0/e881f46f807d4eae31e37fef771ddc.jpg',303),(1871,'https://drfhlmcehrc34.cloudfront.net/cache/f/f/3a0563fe6ff27c8f202b637b4af8ca.png',303),(1872,'https://drfhlmcehrc34.cloudfront.net/cache/a/4/23a551cb13bad8a0225a10606e71c1.png',303),(1873,'https://drfhlmcehrc34.cloudfront.net/cache/0/1/345c322a4293e8f3138abfaac6c05f.gif',303),(1874,'https://drfhlmcehrc34.cloudfront.net/cache/a/d/0231ea3ca9cbd2f1dbd897d2d17fa7.png',303),(1875,'https://drfhlmcehrc34.cloudfront.net/cache/3/0/1c12c8767dab9e74284e890a6d5030.png',303),(1876,'https://drfhlmcehrc34.cloudfront.net/cache/e/0/93f9bdd3e6e48f9ccfa192ef30715b.png',303),(1877,'https://drfhlmcehrc34.cloudfront.net/cache/8/e/6c2a0f9c042291f8463b9e273a86d4.png',303),(1878,'https://drfhlmcehrc34.cloudfront.net/cache/6/8/e01227b1baa4fd0a16bf2a22f9abdc.png',303),(1879,'https://drfhlmcehrc34.cloudfront.net/cache/2/4/812405a9562b5da199a38565a9d95a.jpg',304),(1880,'https://drfhlmcehrc34.cloudfront.net/cache/8/9/7888cdd3d51b4d6e7bb6cd6d1b5e19.jpg',304),(1881,'https://drfhlmcehrc34.cloudfront.net/cache/1/c/e6d36b61fb197689a12bdf504b68f1.png',304),(1882,'https://drfhlmcehrc34.cloudfront.net/cache/1/3/da2f7d5bbbc0c729fa753d1dc6bc9c.png',304),(1883,'https://drfhlmcehrc34.cloudfront.net/cache/3/6/ea2075d5e52aad4c70dc6a277b8287.png',304),(1884,'https://drfhlmcehrc34.cloudfront.net/cache/7/d/ecee9110b100dfdbbc17497f7c90c1.png',304),(1885,'https://drfhlmcehrc34.cloudfront.net/cache/9/3/eb0b8dd6b5c4766b664e25ad2ade3d.jpg',304),(1886,'https://drfhlmcehrc34.cloudfront.net/cache/8/0/a459c215e7486bd31acb9685362dcc.jpg',305),(1887,'https://drfhlmcehrc34.cloudfront.net/cache/e/7/baede6159f1161ff6ec208f3536c73.jpg',305),(1888,'https://drfhlmcehrc34.cloudfront.net/cache/2/9/889ba8f09ddfe0d351a17966fe4bd7.jpg',305),(1889,'https://drfhlmcehrc34.cloudfront.net/cache/e/5/b27e1e247398ffef17062c54c2f0c6.jpg',305),(1890,'https://drfhlmcehrc34.cloudfront.net/cache/f/0/5ebcab39d381c3adf7da6f3ddcbd25.png',306),(1891,'https://drfhlmcehrc34.cloudfront.net/cache/b/7/90adfbeea5105f1f4e708da66920ac.jpg',306),(1892,'https://drfhlmcehrc34.cloudfront.net/cache/e/1/6542ab0d58a6647f02887c8656126f.jpg',308),(1893,'https://drfhlmcehrc34.cloudfront.net/cache/8/a/b14baca1dcf8c90fe29e40cd892a95.jpg',308),(1894,'https://drfhlmcehrc34.cloudfront.net/cache/d/5/be1192f07b9eebfb2facbf400d9361.png',308),(1895,'https://drfhlmcehrc34.cloudfront.net/cache/9/9/478cd8de7f157636f2091004548e52.png',309),(1896,'https://drfhlmcehrc34.cloudfront.net/cache/9/5/b219a7a065b82bd97feb9a19248336.png',309),(1897,'https://drfhlmcehrc34.cloudfront.net/cache/6/d/03add4262bbcbeaaae34e0d4095f89.png',309),(1898,'https://drfhlmcehrc34.cloudfront.net/cache/6/e/cd7e8289941a4129164e5699247b41.png',309),(1899,'https://drfhlmcehrc34.cloudfront.net/cache/8/1/3a0d78284b356eeb82a688de21f6f0.png',309),(1900,'https://drfhlmcehrc34.cloudfront.net/cache/0/8/c19dcfe29cd84d043b6493ea711808.png',309),(1901,'https://drfhlmcehrc34.cloudfront.net/cache/a/3/64aa9bf380fb693e3584afd6ffc0f3.jpg',310),(1902,'https://drfhlmcehrc34.cloudfront.net/cache/9/0/72405eaef3b00dbe5d0567be64b616.png',310),(1903,'https://drfhlmcehrc34.cloudfront.net/cache/a/2/8aa8a5fea402f43e728e40a588b90e.jpg',310),(1904,'https://drfhlmcehrc34.cloudfront.net/cache/5/5/611c80f953a45533b561d222c92d64.jpg',310),(1905,'https://drfhlmcehrc34.cloudfront.net/cache/8/4/229d50d8ae5bf1087353c5e5f1a253.jpg',310),(1906,'https://drfhlmcehrc34.cloudfront.net/cache/0/2/4aaf0d522e2c2b42b4b902f46f5d8a.jpg',310);
/*!40000 ALTER TABLE `picture` ENABLE KEYS */;
UNLOCK TABLES;

--
-- Table structure for table `project`
--

DROP TABLE IF EXISTS `project`;
/*!40101 SET @saved_cs_client     = @@character_set_client */;
/*!40101 SET character_set_client = utf8 */;
CREATE TABLE `project` (
  `id` int(11) NOT NULL AUTO_INCREMENT,
  `user_id` int(11) NOT NULL,
  `title` varchar(80) COLLATE utf8_esperanto_ci NOT NULL,
  `subtitle` varchar(90) COLLATE utf8_esperanto_ci NOT NULL,
  `description` varchar(10000) COLLATE utf8_esperanto_ci NOT NULL,
  `mainpicture` varchar(255) COLLATE utf8_esperanto_ci NOT NULL,
  `creationdate` date NOT NULL,
  `deadline` date NOT NULL,
  `goal` int(11) NOT NULL,
  `promotionend` date DEFAULT NULL,
  `transactionsum` int(11) DEFAULT '0',
  PRIMARY KEY (`id`),
  UNIQUE KEY `title_UNIQUE` (`title`),
  KEY `project_user_idx` (`user_id`),
  CONSTRAINT `project_user` FOREIGN KEY (`user_id`) REFERENCES `user` (`id`) ON DELETE NO ACTION ON UPDATE NO ACTION
) ENGINE=InnoDB AUTO_INCREMENT=311 DEFAULT CHARSET=utf8 COLLATE=utf8_esperanto_ci;
/*!40101 SET character_set_client = @saved_cs_client */;

--
-- Dumping data for table `project`
--

LOCK TABLES `project` WRITE;
/*!40000 ALTER TABLE `project` DISABLE KEYS */;
INSERT INTO `project` VALUES (229,248,'Les enfants de la nuit - 1 : Le tueur centenaire','Le retour de Jack l\'Éventreur dans une intrigue mêlant fantastique et policier.','<p>Participez dès à présent à la concrétisation du premier volume de la série \'Les enfants de la nuit\' ; une savoureuse fusion des genres fantastique et policier.</p><p>Londres, 1991, un évènement sans précédent secoue la capitale : « Jack l’Éventreur », le meurtrier en série ayant sévi il y a un siècle, est de retour ! Ses méthodes sont presque identiques. La seule différence : il égorge à présent ses victimes.\nLawrence Folcard ainsi que son partenaire Edward Mackaren – tous deux inspecteurs de police à Scotland Yard – sont chargés de cette enquête délicate, alors qu’un imitateur leur complique encore plus la tâche.\nNicholas Willys, égyptologue, étudie le journal intime de Getseth, un scribe de l\'Ancienne Égypte travaillant pour le pharaon Khéops. Le jeune homme ignore combien cet ouvrage est précieux pour le tueur centenaire et son traqueur. La réception d’un objet envoyé par son meilleur ami Kent Abbey – un trésor en rapport avec le journal de Getseth – va bouleverser sa vie.\nJoshua est un chanteur à la voix hypnotisante. Il est la vedette numéro 1 du club « Blue Moon ». Cependant, cette vie cache une profonde blessure en lien avec « Jack », qui le force à revivre son passé et à toujours reproduire le même schéma. Mais quel lien les unit ?\nTrois vies…\nTrois chemins…\nTous liés...</p><p>Les enfants de la nuit - 1 : Le tueur centenaireGenre : Fantastique | Horreur | PolicierPour Public AvertiAttention : Relations M/M (entre hommes) + Scènes de meurtresFormat : Papier et Ebook.Nombre de pages : 469 avant correction.\n1 prologue + 21 chapitres + 1 interlude + 1 épilogueNombre de mots : 127 306 avant correction.\nComposition des bonus à la fin du livre :\n- Un “Lexique égyptien”\n- Un “Dictionnaire hiéroglyphes”\n- Un “À propos de « Jack l’Éventreur »”\n- Les quatres chansons de Joshua : Souvenirs, Mélodie du passé, Rêve sucré et Amour disparu.Le livre contiendra une illustration en tons de gris par chapitre.</p><p>Le livre contiendra une illustration en tons de gris par chapitre.</p><p>Prix public provisoire : 18,00€.\nImpression via createspace pour une sortie Amazon en broché et KindleDate de sortie prévue : Février 2017 au plus tard.</p><p>Date de sortie prévue : Février 2017 au plus tard.</p><p>Je vous propose de lire plusieurs extraits disponibles sur mon site (il s\'agit des versions non-corrigées) :</p><p>Écriture : Fait.Correction technique : chapitre 8 fait.Révision stylistique : chapitre 8 fait.Relecture : sera réalisée à la toute fin.Illustrations : 20 sur un total estimé à 24 à faire.</p><p>Le staff derrière l’écran :\nDans ce projet, je ne suis pas seule. J’ai la chance d’avoir toute une équipe qui m’aide dans l’ombre.\nIl y a déjà mon illustratrice, Céline P., qui travaille d’arrache pied pour vous fournir toutes les illustrations qui accompagneront chaque fin de chapitre du roman et qui seront utilisées pour la plupart dans des produits dérivés autour de la série.\nEnsuite, il y a mes deux correctrices, Orithye et Lessa, qui vont finir chauves en travaillant comme des folles sur les corrections du livre.\nPour finir, il y a ma designeur (qui réalise la mise en forme du livre papier et numérique) et publicitaire, Delphine, qui me guide et me corrige quand je me disperse dans tous les sens, entre autres choses. Elle est également la personne de l’ombre qui connaît le système d’Ulule et qui m’accompagne tout le long de la campagne.</p><p>Je tiens à dire que « Les enfants de la nuit - 1 : Le tueur centenaire » est un projet personnel. Je me suis lancé dans l’aventure Ulule sous le conseil de mes partenaires de l’ombre et des personnes qui ont été séduites par le livre.</p><p>Ce qui m’amène à la raison de la création de ce projet.\nS’il a pour but de récolter des fonds afin de me constituer un stock de livres destinés aux conventions et aux salons, je ne le fais pas que pour cela. Je le fais aussi pour me faire connaître du public, être en contact avec lui, guider mes lecteurs et partager mon univers.</p><p>Il me faudrait réunir la somme de 1000€ pour financer un stock d’exemplaires et les fonds nécessaires pour l’impression des cartes postales dont la répartition budgétaire est la suivante :</p><p>Je vous propose dans CERTAINS packs un des livres précédents que j\'ai écrit : \'Derrière le voile\'.</p><p>Les comptines… Tout le monde en a chanté un jour. Il s’agissait d’un jeu comme un autre. Mais imaginez que les mots de votre comptine préférée soient pris au pied de la lettre. Que vos enfants jouent avec. Vous entrez alors dans l’univers de Derrière le voile. Syrill, journaliste, mène l’enquête qui le conduit toujours plus loin dans un monde oublié de tous, caché derrière un voile sombre.</p><p>Découvrez plus d\'informations sur \'Derrière le Voile\' sur mon site.</p><p>Les noms des contributeurs apparaîtront dans une page spéciale de remerciements à la fin des \'Enfants de la nuit\' volume 1, et chaque livre sera dédicacé.</p><p>Les frais de port sont inclus pour la France Métropolitaine.</p><p>Il est prévu d’ajouter un palier bonus dans le cas où la collecte arriverait à 1200€ - une carte postale et un marque page seront rajoutés pour chaque contribution.\nRéunir une somme plus importante me permettra de donner une petite rémunération sous forme de livres aux personnes qui m\'aident.</p>','https://img.ulule.com/display/2b99a0de92e6395dea1978b1d0ae8e0323f9de8d/thumbnail/640x360/presales/1/0/0/44001/image-principale_j2.okcoqdU5hhx7.jpg?upscale=1','2016-12-13','2017-02-24',1000,NULL,1041),(230,249,'10 DAYS / 10 SONGS','[concept album + série documentaire] par PV Nova','<p>En 2017, ma chaîne YouTube fête ses 10 ans. À ma grande fierté elle est depuis sa création la chaîne de vulgarisation musicale française la plus suivie, avec plus de 40 millions de vues. Vous connaissez peut-être déjà mes Expériences Musicales, l’Odyssée du Son ou Evolution of Get Lucky.</p><p>À cette occasion, j\'ai décidé de me lancer le défi le plus fou de ma carrière : écrire, composer, enregistrer et mixer un album de 10 titres en 10 jours. </p><p> écrire, composer, enregistrer et mixer un album de 10 titres en 10 jours. </p><p>Un titre par jour, à partir du 16 janvier 2017.</p><p>Un titre par jour, à partir du 16 janvier 2017</p><p>Une expérience partagée en live sur mes réseaux sociaux (Facebook, Twitter & Instagram) et via une série documentaire de 10 épisodes sur YouTube, en immersion dans le défi artistique.</p><p>Le projet musical est en-soi un immense défi ; le faire seul est parfaitement irresponsable. Je le sais mieux que quiconque, car j\'ai déjà sorti un album solo en 2011, déclarant par la suite “c’était complètement fou, je ne le referai jamais”. Une preuve s’il en fallait que je suis un gros mytho.</p><p>“c’était complètement fou, je ne le referai jamais”</p><p>Cette fois-ci c’est un peu différent : l’album “10 DAYS / 10 SONGS” sera un album créé à l’aide de contraintes. Pour chaque morceau, 10 contraintes tirées au sort parmi dix catégories vont guider la création musicale (voir ci-dessous).</p><p>L’album sert de support à la réalisation d’une série de vidéos en 10 épisodes sur le processus de création et l’aventure dans son ensemble. Un voyage en immersion au coeur de la création, l\'occasion de partager les trucs et astuces que j\'ai accumulé en 27 ans de pratique musicale et 10 ans de home-studio.</p><p>une série de vidéos en 10 épisodes </p><p>partager les trucs et astuces que j\'ai accumulé en 27 ans de pratique musicale et 10 ans de home-studio.</p><p>Une équipe, constituée des meilleurs a été formée pour assurer le tournage et le montage des vidéos, la gestion des réseaux sociaux et la création des visuels de l’album (assurée par l’artiste JUV).</p><p>Benjamin s\'occupera de la régie et des réseaux sociaux pendant l\'aventure. Ce sera le couteau Suisse de l\'équipe.</p><p>Jules sera en charge de capter de belles images tout au long de la journée. C\'est lui qui a réalisé la plupart des vidéos du Comité des Reprises</p><p>Florent aura la lourde tâche de monter les vidéos making-of, une par jour. Nous avons déjà collaboré ensemble sur ma chaîne.</p><p>Juv a pour mission de réaliser un visuel original par jour pour accompagne chaque titre. J\'ai découvert son travail via sa collaboration avec Tété, il a l\'habitude de travailler avec des musiciens.</p><p>Chaque matin je tire au sort une contrainte dans chacune des 10 catégories ; ces contraintes guideront la création musicale. Voici la liste des catégories :</p><p>*pour participer à cette contrainte il faut faire partie des 10 premiers à parrainer un titre.</p><p>Les sommes récoltées serviront notamment à rémunérer l\'équipe qui travaillera à plein temps sur ce projet 10 jours (hors préparation). Ils ont tous accepté des honoraires bien plus bas qu\'en temps normal. Un joli geste de leur part, mais en rajoutant les charges sociales et patronales ça fait quand même un joli petit montant.</p><p>Moi ne me prends aucun salaire, pour ne pas alourdir le budget et parce que je m\'y retrouverai plus tard sur les ventes d\'album et les vues des vidéos.</p><p>Ajoutez à cela les repas et le mastering de l\'album, et nous arrivont à 58% du budget.</p><p>Le reste du budget sera utilisé pour la fabrication des CD, des vyniles, des impressions. Ajoutez à celà la commission de 8% retenue par Ulule et le compte est bon.</p><p>QUE SE PASSE-T-IL SI L\'OBJECTIF EST DÉPASSÉ ?</p><p>Si jamais la folie s\'empare de vous et que nous atteignons 15000€ collectés, alors 100 contributeurs (tous montants confondus) seront tirés au sort pour recevoir une contrepartie surprise. Le genre de contrepartie qui nécessite un lecteur DVD...\nEt si l\'on allait au-delà, j\'ai commencé à réfléchir à quelques idées folles. Mais pour le moment ça va rester une vraie surprise.</p><p>nous atteignons 15000€ collectés</p><p>1989 : Premiers pas de musicien à 4 ans. Piano, puis batterie, puis guitare, basse et chant.</p><p>2007 : Premières vidéos publiées sur internet (Dailymotion et YouTube).</p><p>2008 : Début des Expériences Musicales, 25 épisodes en 8 ans.</p><p>2011 : Start Again, premier album solo, téléchargé 250 000 fois.</p><p>2013 : Evolution of Get Lucky, reprise chronologique de Daft Punk.</p><p>2013 : Lauréat du Prix SACD / YouTube pour l’Expérience n°14 - La Soupe dou Brasil</p><p>2014 : Création du Comité des Reprises avec Waxx (production Canal+).</p><p>2015 : Molière du Meilleur Spectacle Musical avec Les Franglaises.</p><p>2015 : Internet de l’Époque, avec Norman.</p><p>2016 : 1er artiste français consacré par un reportage “Artist Journey” mandaté par YouTube.</p><p>1er album (téléchargement libre) : http://www.pvnova.com/album.phphttp://www.youtube.com/pvnovahttp://www.facebook.com/pvnovahttp://www.twitter.com/pvnovahttp://www.instagram.com/pvnovamusic</p><p>http://www.pvnova.com/album.php</p><p>http://www.instagram.com/pvnovamusic</p>','https://img.ulule.com/display/b97d40c17da6de252c5a8d69058286ebdcad9fc8/thumbnail/640x360/presales/8/9/4/45498/t4-low.zuqkaxHsQ31k.png?upscale=1','2016-12-15','2017-02-25',11600,NULL,16297),(231,250,'Police de caractères Cursive Dumont maternelle','Police d\'écriture pour les enseignants','<p>Une police d\'écriture qui répond à votre attente</p><p>Vous enseignez en école maternelle ou en école élémentaire ? Vous déplorez de ne pas trouver de police de caractères qui vous donne vraiment satisfaction ? Elles ont des cassures sur les e, parfois des traits devant les lettres rondes, leurs formes sont figées et ne rendent compte qu\'approximativement de l\'écriture manuscrite...</p><p>Vous vous sentez condamné-e à écrire à la main toutes vos préparations personnelles.</p><p>Mais peut-être êtes-vous seulement parent et avez-vous envie d\'écrire au clavier d\'une belle cursive ?</p><p>Nous avons créé pour vous une police de caractères adaptée : la police Cursive Dumont maternelle. Cette nouvelle police satisfait à tous les critères d\'une écriture cursive manuscrite de qualité : des e tracés d\'un seul geste, des lettres rondes attaquées directement, un tracé fluide qui intègre chaque lettre dans son environnement.</p><p>C\'est que, au lieu des formes figées des écritures typographiques habituelles, elle adapte la forme de chaque lettre à celle qui précède et à celle qui suit, tout comme le fait l\'écriture manuscrite.</p><p>Ce principe du recodage qui y est mis en application est l\'un des enseignements de ma thèse de doctorat, tout comme le processus de création des formes et le processus de formation des lettres dont il découle.</p><p>le processus de création des formes et le processus de formation des lettres</p><p>S\'agissant d\'une écriture pour l\'école maternelle, les capitales y tiennent lieu de majuscules. Les majuscules cursives viendront dans une seconde mouture : la police Cursive Dumont élémentaire que nous espérons avoir le plaisir de vous présenter ultérieurement.</p><p>La Cursive Dumont maternelle a les proportions des réglures seyes. Sa présentation dans ces réglures sera une variante ultérieure si vous le décidez en nous accordant votre confiance.</p><p>Les signes mathématiques multiplié, divisé, moins et les barres de fraction s\'y différencient de l\'écriture des lettres et des autres signes.</p><p>Une notice d\'utilisation sera fournie avec le téléchargement.</p><p>Le fonctionnement de la police est lié à celui des variantes contextuelles de la technologie Open Type.</p><p>La version de Libre Office qui fera fonctionner correctement la police est en cours de finalisation. Elle devrait être disponible très rapidement (Version 5.3). Pour information, voici le lien de téléchargement de Libre Office version 5.3.0 beta 2.</p><p>voici le lien de téléchargement de Libre Office version 5.3.0 beta 2.</p><p>Si vous êtes sous Word, il vous faut posséder Microsoft Word 2010 ou une version ultérieure. Si vous êtes enseignant et que vous souhaitez acquérir Microsoft Word 2016, sachez qu\'un partenariat signé entre Microsoft et l\'Éducation nationale vous permet d\'acquérir l\'ensemble de la suite Microsoft Office Pro + pour 11,10 euros selon les informations données dans le lien ci-dessous.</p><p>Votre contribution et la finalisation de l\'opération</p><p>Vous avez besoin de cette police. Ce projet a besoin de votre soutien. Pour que cette police puisse être rendue accessible à un large public nous avons choisi de limiter le montant de la contribution minimum à 5 euros, c\'est à dire au plancher de contribution fixé par Ulule (sachant que rien ne vous interdit de donner plus). Afin de ne pas augmenter cette contribution minimum, nous ne proposons pas d\'autre contrepartie que le téléchargement à terme de la police Cursive Dumont maternelle et de ses variantes selon le nombre de souscriptions atteint.  </p><p>Une fois la campagne terminée avec succès, un lien de téléchargement sera adressé à chaque souscripteur.</p><p>Autres paliers de souscription :</p><p>Si la souscription atteint 800 commandes (soit 200 commandes au-delà de l\'objectif initial), 2 polices complémentaires ayant des niveaux de gras différents seront ajoutées à la police de base*.</p><p>Si elle atteint 1000 commandes (soit 400 commandes au-delà de l\'objectif initial) s\'y ajouteront les polices avec lignage*.</p><p>Enfin à 1200 commandes (soit 600 commandes au-delà de l\'objectif initial), la police Cursive Dumont élémentaire viendra compléter l\'ensemble en remplaçant dans chaque formule les capitales par les majuscules cursives*.</p><p>*Toutes ces variantes seront disponibles à la rentrée de septembre 2017.</p><p>Après la campagne de financement sur Ulule, la police et ses variantes seront disponibles au prix de 8 euros sur le site http://legestedecriture.fr  et / ou tout autre site qui sera mentionné dans la licence d\'utilisation.</p><p>Cette police, variantes comprises, est destinée à l\'utilisation personnelle des souscripteurs ou acquéreurs ultérieurs. Elle ne peut être hébergée pour téléchargement ni sur leur site, blog ou forum, ni sur aucun site, blog ou forum auquel ils auraient accès. Toute utilisation commerciale doit faire l\'objet d\'une demande préalable auprès des auteurs pour négociation. Une licence d\'utilisation accompagnera le téléchargement.</p><p>Vincent Moustey est professeur des écoles. Il exerce en maternelle depuis plus de 20 ans. Il est passionné d\'informatique et il en fait profiter abondamment le fonctionnement de sa classe et de son école.</p><p>Danièle Dumont est docteur en sciences du langage. Elle étudie l\'écriture cursive manuscrite depuis le début des années 80 et a découvert le concept de geste d\'écriture. Elle est expert en écriture* et enseignante en pédagogie et en rééducation de l\'écriture. Elle fait chaque année de nombreuses animations et conférences pédagogiques. (*L\'expertise en écriture est la comparaison d\'écrits en vue de déterminer s\'ils émanent de la même personne)</p><p>*L\'expertise en écriture est la comparaison d\'écrits en vue de déterminer s\'ils émanent de la même personne</p>','https://img.ulule.com/display/a2f52605dafd837d2946044489e59cbb4b6470c2/thumbnail/640x360/presales/2/7/0/45072/image-principale.dXP7Z4SVQwVV.jpg?upscale=1','2016-12-09','2017-02-22',600,NULL,626),(232,251,'Binge Audio','Le réseau de podcasts nouvelle génération','<p>Binge Audio est un réseau de podcasts français qui produit, édite et diffuse</p><p> français qui produit, édite et diffuse</p><p> en ligne des programmes originaux pour commenter, raconter et vivre l\'époque d\'aujourd\'hui avec érudition et passion. Culture, société, histoires de vies et d\'ailleurs.</p><p>(Enregistrement du podcast NoCiné, juin 2015 à Paris / Photo : Joël Ronez - Binge Audio)</p><p>Binge Audio, ce sont des programmes audio de nouvelle génération, ancrés dans la culture d\'aujourd\'hui et les grands faits de société. Un nouveau média qui dynamise les formats et les points de vue, renouvelle les sujets et les écritures. </p><p> programmes audio de nouvelle génération</p><p>Binge Audio joue avec toutes les opportunités du numérique. Ses programmes sont distribués sur toutes les plateformes (iTunes, SoundCloud, Stitcher, Overcast, PocketCasts...), pour que vous puissiez les écouter où et quand vous voulez.</p><p>distribués sur toutes les plateformes (iTunes, SoundCloud, Stitcher, Overcast, PocketCasts...)</p><p>Après une saison 1 prometteuse, Binge Audio a besoin de vous, maintenant, pour prendre son envol : développer ses programmes, créer de nouveaux podcasts, élargir son public.</p><p> maintenant, pour prendre son envol</p><p>(Enregistrement public du podcast NoFun, novembre 2016 à Paris / Photo : compte Twitter @MehdiMouse)</p><p>(Les podcasts de Binge Audio sont présents sur iTunes et toutes les plateformes / Capture écran 28 novembre 2016)</p><p>Binge Audio propose des histoires, des compréhensions du monde, des émotions et des choix culturels et artistiques. C\'est un média engagé qui revendique ses prises de position :  </p><p>sur la diversité des territoires culturels et des points de vue, adaptés à un public jeune adulte et connecté (pop culture, société numérique...)</p><p>sur le renouvellement des formes (documentaires, fictions, reportages) et des générations (nouveaux talents) </p><p>sur le renouveau du débat politique, économique ou social</p><p>Pendant la saison 1 de préfiguration, 200 épisodes ont été produits, totalisant plus d\'un million d\'écoutes. </p><p>Binge Audio produit en ce moment :</p><p>NoCiné, le podcast de la pop culture ciné et séries, animé par Thomas Rozec, avec Rafik Djoumi (BiTS/Arte), Alexandre Hervaud (Libération), Arnaud Bordas (Le Figaro), Stéphane Moïssakis (Capture Mag, Rockyrama), Julien Dupuy, Charline Roux (Radio Nova), David Honnorat (Vodkaster), Yannick Dahan (Opération Frisson), Daniel Andreyev (After Hate, Slate, Le Monde). Un podcast de 25 mn toutes les semaines pour donner un point de vue précis et engagé sur les long métrages et séries à l\'affiche ou les films cultes. </p><p>(NoCiné, présenté par Thomas Rozec - écoutez et abonnez-vous sur iTunes ou SoundCloud)</p><p>NoFun, le podcast de la culture hip hop, animé par Mehdi Maïzi,(L\'abcdr du son, OKLM Radio) avec Nicolas Pellion, Aurélien Chapuis AKA Lecaptainnemo, Raphaël Da Cruz et des invités. Toutes les semaines, en 25 mn, une critique aiguë ou dithyrambique sur un artiste ou un album, pour voir autrement la musique d\'aujourd\'hui, sortir des sentiers battus et renouveler son stock d\'idées à écouter. </p><p>(NoFun, présenté par Mehdi Maïzi - écoutez et abonnez-vous sur iTunes ou SoundCloud)</p><p>Les émissions sont enregistrées en public au théâtre de L\'antenne Paris (Paris 11e), tous les 15 jours. Vous étiez plus de 80 lors de notre première session du 24 novembre 2016.</p><p>(Théâtre de L\'antenne Paris, novembre 2016 / Photo : Joël Ronez - Binge Audio)</p><p>Quels sont nos projets de podcasts ?</p><p>Binge Audio a plein d\'idées ! Talks, documentaires, reportages et fictions...</p><p>Superhéros, une série documentaire de Julien Cernobori. Le récit des vies extraordinaires d\'hommes et de femmes, en collection de 112 épisodes. Première collection : Hélène raconte les aléas et surprises de sa vie, les moments clés où le chemin tout tracé bascule et manque mille fois de s\'arrêter. Entre filiation perturbée et séjours hospitaliers, elle rebondit toujours. Dans les collections suivantes, on suivra les pas d\'un reporter de guerre et d\'un gardien d\'immeuble ayant traversé mers et continents. Ces vies sont les leurs, les nôtres.</p><p>EnJustice, une série documentaire sur une idée originale de Brigitte Vital-Durand. Des histoires de justices, de justiciables et de procès reconstitués à partir des pièces de procédures. </p><p>(EnJustice, des histoires judiciaires racontées\nà partir des pièces et des audiences / Illustration : Seb Brothier - Upian / Binge Audio)</p><p>Et plein d\'autres formats en projet : rendez-vous réguliers sur le sport, la bande dessinée, le monde numérique, l\'amour...   </p><p>Des collaborations avec d\'autres éditeurs </p><p>L\'activité de Binge Audio repose aussi sur :</p><p>La co-production de contenus pour des tiers. Nous travaillons en ce moment à la conception de pilotes avec des médias français ou francophones.</p><p>Le partenariat sur la distribution de podcasts pour le compte d\'éditeurs ou producteurs tiers. Nous distribuons par exemple déjà Un épisode et j\'arrête, le nouveau podcast de l\'association française des critiques de séries (ACS), présenté par Pierre Langlais.</p><p>Le partenariat sur la distribution de podcasts</p><p>(Un épisode & j\'arrête, le podcast de l\'ACS, produit en partenariat et distribué par Binge Audio / Capture écran 28 novembre 2016 - écoutez et abonnez-vous sur iTunes ou SoundCloud)</p><p>Un épisode & j\'arrête, le podcast de l\'ACS, produit en partenariat et distribué par Binge Audio / Capture écran 28 novembre 2016 - écoutez et abonnez-vous sur iTunes ou SoundCloud)</p><p>Dans cette phase déterminante, nous avons besoin de financer :</p>','https://img.ulule.com/display/70de939d0a2cc704414ba8e8ec6a90b46712657f/thumbnail/640x360/presales/8/9/9/41998/binge_videoposter.q3LzjKNOtCnQ.jpg?upscale=1','2016-12-10','2017-02-12',20000,NULL,17085),(233,252,'Le M3 Journal (Méthode3)','#résolutions2017 #bonheur #productivité #projets #objectifs #organisation #motivatio...','<p>Cette année encore vous êtes plein de bonnes résolutions, mais…</p><p>Vous avez le sentiment d’être débordé et de manquer de temps pour les mettre en place ?</p><p>Vous avez tendance à trouver des excuses pour tout remettre au lendemain ?  </p><p>Et si, 2017, était l’année de la reprise en main ?   </p><p>Eloignez-vous des écrans et des distractions pour vous concentrez sur l\'écriture et sur ce qui vous rend vraiment heureux ! Faites l\'essai : 3 mois pour devenir organiser et atteindre votre premier objectif !</p><p>ARRÊTER DE TOUT REMETTRE AU LENDEMAIN</p><p>DÈS AUJOURD\'HUI : INVESTISSEZ SUR... VOUS !</p><p>Le M3 Journal est un outil ludique conçu pour :</p><p>organiser votre vie professionnelle et personnelle</p><p>développer de nouvelles habitudes de vies durables</p><p>mener à bien les projets qui vous tiennent à cœur</p><p>Flexible, il s\'adapte à tout type de projets: créer votre entreprise, augmenter vos ventes, reprendre le sport, organiser un voyage à l\'autre bout du monde, créer un blog pour partager votre passion, etc.\nPar ailleurs, il est accompagné d\'un crayon à papier et du livre Méthode 3 ! Ce livre concis vous permettra de profiter au mieux de toutes les possibilités qu’offre le M3 Journal.</p><p>Avec le M3 Journal vous allez reprendre le contrôle du temps ! Il a été pensé comme un jeu ludique qui va vous permettre d\'atteindre votre premier objectif en 3 mois. Il se divise en deux phases importantes. Ci-dessous la présentation rapide de ces deux phases et ce qu\'elles vont vous apporter :</p><p>atteindre votre premier objectif en 3 mois</p><p>Trouver votre objectif et bien le définir\n	Avoir un objectif est utile uniquement si il est correctement définit. Le M3 Journal vous aidera à définir un objectif pertinent et en cohérence avec votre projet ! Envie d\'un avant goût ? Lisez cet article : Cessez d’avancer vers l’inconnu, fixez vous des objectifs pour 2017 !\n	 </p><p>Trouver votre objectif et bien le définir</p><p>Cessez d’avancer vers l’inconnu, fixez vous des objectifs pour 2017 !</p><p>Etablir votre plan d\'action\n	Que devez-vous changer dans votre vie actuelle pour vous donner toutes les chances d\'atteindre votre objectif ? Quelles actions pertinentes devez-vous mettre en place pour voir votre projet se concrétiser ?  \n	 </p><p>Constituer votre équipe (facultatif mais conseillé)  \n	Aller à la salle de sport c\'est toujours plus motivant lorsqu\'on est plusieurs ! Atteindre ses objectifs c\'est pareil ! Entourez-vous de votre conjoint, d\'un membre de votre famille, d\'un ami ou encore d\'un collègue, chacun son M3 Journal, avec des objectifs similaires ou différents !</p><p>Constituer votre équipe (facultatif mais conseillé)  </p><p>Preparation Hebdomadaire\n	Quelles sont les fiertés et les leçons que vous retenez de la semaine précédente ? Quelles sont les tâches les plus \"rentables\" à réaliser cette semaine ? Celle qui vous rapprochent le plus de votre objectif final mais sont consommatrices d\'un minimum d\'energie !\n	 </p><p>Ecriture Quotidienne\n	Ce travail quotidien ne vous demandera pas plus de cinq minutes mais grâce à lui vous débuterez votre journée en sachant ce que vous avez à faire ! Et cela vous rendra infiniment plus productif ! \n	 </p><p>Bilan Hebdomadaire\n	Chaque semaine vous faites un bilan pour suivre votre évolution et améliorer votre éfficacité de semaine en semaine. C\'est aussi le moment de rencontrer votre équipe pour passer un moment convivial et faire le point sur l\'avancé des objectifs de vos coéquipiers !</p><p>Vous trouverez ci-dessous quelques une des pages du M3 Journal ainsi que leurs fonctionnalités. </p><p>Planning Mensuel : rétro-planning sur les étapes nécessaire à la réalisation de votre objectif.</p><p>Taches Hebdomadaire : synthèse des actions que vous devez réaliser chaque semaine.</p><p>Choix Des Habitudes : définissez les habitudes que vous voulez ancrer dans votre quotidien.</p><p>Planning Des Habitudes : objectifs des habitudes que vous souhaitez suivre ou développer.\n	 </p><p>Focalisation : chaque semaine rappel de votre objectif global et mensuel.</p><p>Suivi Visuel : frise chronologique pour suivre votre avancement en un coup d\'oeil. </p><p>Objectif Hebdomadaire : objectif principal de votre semaine lié à l\'objectif global.</p><p>Priorisez Efficacement : écrivez et délimitez dans le temps les actions prioritaires.</p><p>Leçons & Succès : corrigez vos faiblesses et exploitez vos forces.</p><p>Récompense : système de gratification afin de conserver votre motivation débordante.\n	 </p><p>Organisez Vos Tâches : focalisez vous sur l’important avant l’urgent.</p><p>Plan d\'Action Hebdomadaire : préparez votre semaine sur une page unique.</p><p>Priorisez Efficacement : listez et cochez vos tâches quotidiennes prioritaires.</p><p>Contrôlez Le Temps: quantifiez le temps nécessaire pour achever vos objectifs quotidiens.</p><p>Agenda Non Daté : un espace est dédié pour compléter la date.</p><p>Emploi Du Temps Détaillé : de 5h à 21h et divisé par tranche de 30 minutes. \n	 </p><p>Introspection : réflexion hebdomadaire pour prendre conscience de vos forces et vos faibles.</p><p>Suivi Habitude Intuitif : suivez simplement vos habitudes quotidiennes et hebdomadaires.</p><p>Validation : interrogation pour déterminer si votre objectif hebdomadaire est atteint.</p><p>Objectifs Collectifs : vue globale sur les objectifs des membres de votre équipe.</p><p>Score De Productivité : cette note transforme l’atteinte de vos objectifs en un jeu ludique.</p><p>Points Équipe : note globale pour suivre la progression de l’équipe semaine après semaine.</p><p>10 CARACTERISTIQUES QUI RENDENT LE M3 JOURNAL UNIQUE</p>','https://img.ulule.com/display/a28cf8006722bbedad820833b83fad666d4df761/thumbnail/640x360/presales/9/6/8/43869/dsc03363-640x360-3.ET6n6VSM48BH.jpg?upscale=1','2016-12-15','2017-02-12',4000,NULL,10307),(234,253,'Ronron Association','Soutenez le Ronron Café (Bar à Chats de Reims) en finançant la Ronron Association','<p>Le Ronron Café est un bar à chats, c’est-à-dire un salon de thé dans lequel des chats se promènent librement et où les clients viennent profiter d’un moment de détente pour se ressourcer auprès de ces félins en dégustant une boisson chaude. Vous pouvez suivre le Ronron Café et l\'avancement des travaux : ronroncafe.fr.</p><p>Notre établissement ouvrira prochainement ses portes et se situera au 137 rue de Vesle à Reims.</p><p>Vous pouvez nous aider à concrétiser ce projet en participant à notre financement participatif au profit de notre association partenaire la Ronron Association. Vous pouvez suivre les activités de l\'association sur facebook : ronron-asso.fr</p><p>Nous souhaitons récolter de l\'argent pour les chats au profit de l\'association plutôt que pour notre futur salon de thé car nous trouvons cela plus juste et plus utile. En effet, l\'association est complètement liée au projet que nous voulons responsable et éthique. Nous avons vraiment besoin de fonds pour l\'association afin d\'avoir la liberté de mettre en œuvre localement des actions ciblées pour les chats.</p><p>Les chats présents au bar à chats seront tous des chats en attente d\'adoption et seront choisis pour être heureux au Ronron Café en attendant d\'être adoptés. Leur passage au bar à chats représentera pour eux un tremplin vers l\'adoption. En effet peu de gens choisissent d\'adopter des chats adultes et nous espérons pouvoir démontrer en vous les faisant côtoyer qu\'ils n\'ont rien à envier aux chatons pourtant si prisés.</p><p>La Ronron Association est une association de protection animale pour les chats.</p><p>association de protection animale</p><p>Aujourd\'hui son activité principale est de prendre en charge des chats livrés à eux-mêmes au sein de ses familles d\'accueil bénévoles afin de les faire adopter.</p><p>L\'association va s\'occuper des chats présents au Ronron Café et se charger de contrôler et de gérer les adoptions qui pourront y avoir lieu.</p><p>La Ronron Association souhaite aussi pouvoir aider, le plus souvent possible et suivant ses moyens, d\'autres associations de protection animale sur des projets ciblés pour les chats.</p><p>Pour que l’association soit viable à long terme et puisse mener à bien toutes ces actions, la Ronron Association compte sur des dons réguliers grâce à notre visibilité en ligne et au Ronron Café, sur des ventes au profit de l\'association et sur l’aide du Ronron Café.</p><p>Nous estimons nos besoins à 5 000 € afin de renforcer la stabilité de notre association et de pouvoir faire les investissements nécessaires à son bon fonctionnement.</p><p>En effet nous investissons déjà beaucoup pour créer le Ronron Café et il nous a semblé plus juste de récolter de l’argent pour l’association à des fins non-lucratives.</p><p>Nous prévoyons sur cette somme :</p><p>environ 2 000 € pour du matériel afin de créer une vraie infirmerie et une véritable structure de quarantaine (cages, caisses, gamelles, griffoirs, arbres à chats, etc.) ainsi que du plus petit matériel utile au quotidien (caisses de transport, matériel pour nos familles d\'accueil, cages trappes, cages de transition, etc.) et des croquettes de bonne qualité,</p><p>environ 1 500 € afin de financer les contreparties,</p><p>environ 1 000 € afin de bénéficier d\'une trésorerie pour régler nos factures vétérinaire rapidement et également acheter des produits déparasitaires,</p><p>environ 500 € de frais pour la plateforme ulule.</p><p>Les fonds supplémentaires de la Ronron Association quant à eux serviront à agir localement pour améliorer la situation des chats. Nous souhaitons agir en bonne intelligence et main dans la main avec les autres associations locales afin de les soutenir sur le terrain, de financer des causes précises si possible et également de réaliser nos propres sauvetages indépendamment. Notre but est le même que les autres porteurs de protection animale : travailler à limiter la misère animale et en particulier celle des chats et des chats errants livrés à eux-mêmes.</p><p>Les contreparties du Ronron Café nous sont généreusement offertes par notre partenaire.</p><p>Nous proposons la boisson et le goûter en avant-première lors de la pré-ouverture du Ronron Café : les contributeurs de ces paliers (et supérieurs) seront contactés en priorité afin d\'être dans les premiers à venir découvrir l\'établissement.</p><p>Le sur-plus des contreparties de la Ronron Association pourra être vendu au profit de l\'association après la campagne ulule.</p><p>Toutes les offres du Ronron Café sont cumulables et/ou partageables, en effet si vous avez plusieurs consommations offertes vous pouvez les utiliser en une ou plusieurs fois ou encore choisir d\'inviter un ami.</p><p>Si nous dépassons les 100%, nous souhaiterions pouvoir proposer des cartes postales et/ou des tote bags ou encore d\'autres produits, nous déciderons ensemble afin que cela plaise au plus grand nombre de donateurs :)</p><p>Merci à vous de nous soutenir. Voici une photo du premier chat de la rue dont j\'ai eu l\'honneur de m\'occuper et qui est resté la mascotte de l\'association.</p><p>En effet notre logo, gracieusement créé par notre ami graphiste Pierre Fernand, en est librement inspiré. Merci également au travail bénévole de Lauriane Miara, la graphiste qui a réalisé les illustrations de cette page, et de Joffrey Lacour qui a créé le logo du Ronron Café.</p><p>Nous remercions aussi tous les bénévoles sans qui rien ne serait possible, ainsi que toutes les personnes qui nous soutiennent.</p><p>Pour ceux et celles qui ne me connaissent pas, je suis Roxane et j\'ai 27 ans.</p>','https://img.ulule.com/display/b1a1043f4fb593558e3086a5c7e7db1c28c433ce/thumbnail/640x360/presales/9/0/9/33909/ulule.IT49IYXKwhJ6.png?upscale=1','2016-12-12','2017-02-17',5000,NULL,1370),(235,254,'Miroir de Muses - Découvrez la lingerie autrement','Une styliste prépare une sélection personnalisée selon vos envies - essayez chez vo...','<p>\nDécouvrez en toute intimité de nouvelles marques et de nouvelles formes. Une styliste prépare une sélection selon vos envies et votre morpholgie - essayez chez vous avant d’acheter ! Sans abonnement, sans pression.</p><p>Profitez vite de remises en pré-vente !</p><p>\nLe concept Miroir de Muses est né en 2014 avec notre eshop consacré à une sélection pointue de lingerie de grandes marques et créateurs. Nous avons séduit nos premières adeptes, et surtout nous avons compris ce dont vous aviez besoin : plus de conseils, plus de personnalisation, plus d\'écoute.</p><p>plus de conseils, plus de personnalisation, plus d\'écoute.</p><p>\nL’expérience en boutique est souvent inconfortable, alors que c’est un moment intime et même émotionnel. Acheter de la belle lingerie, c\'est s\'autoriser à être belle et désirable. C’est un moment où il faut prendre soin de vous !</p><p>Et si la meilleure façon de découvrir la lingerie, n’était pas de l’essayer bien au chaud chez soi, à son rythme, tout en bénéficiant de recommandations ultra-personnalisées ?</p><p>\nL’idée a fait son chemin. Nous avons créé les premières box sur-mesure pour nos clientes les plus fidèles, puis nous avons échangé avec elles pour améliorer le service. Aujourd’hui, nous sommes prêtes à lancer ce nouveau concept, mais pour cela, nous avons besoin de votre soutien. </p><p>Pré-commandez les premières box expédiée en Mars pour faire vivre le projet !\n </p><p>Pré-commandez les premières box expédiée en Mars pour faire vivre le projet !</p><p>Jusqu’à présent, ce qui a toujours fait vendre la lingerie, c’est l’idée d’un corps parfait et absolument irréel. Nous souhaitons dépasser ces diktats, et nous concentrer sur :</p><p>- Le produit  – en vous dénichant les plus belles pièces mode parmi les marques et créateurs de lingerie du monde entier.</p><p>- Le fitting – en vous apprenant à mettre en valeur votre silhouette, et trouver les modèles dans lesquels vous vous sentez le mieux.</p><p>- L\'état d\'esprit – en rassemblant une communauté de femmes inspirantes qui nous ouvrent à des nouvelles façons de vivre notre féminité.</p><p>Tour à tour classique, romantique, sensuelle, nous sommes convaincues que la féminité est multiple.</p><p>Comme vous, nous avons envie de changer de style au gré des envies, sans jamais être cataloguées !</p><p>                                  </p><p>Chaque box est unique et personnalisée, en fonction de votre morphologie, de votre budget et des envies que vous aurez exprimées. </p><p>Nous dénichons des pièces coup de coeurs en France comme à l’étranger, avec des exclusivités et des pièces en séries limitées. Nous privilégions la qualité des matières, avec plusieurs gammes de prix, à partir de 80€ l\'ensemble.</p><p>Voici nos premières marques partenaires :</p><p>Nous nous attachons à valoriser les jeunes créateurs pour l\'image de la femme continue à évoluer avec le temps et ...</p><p>Pour découvrir notre univers, rendez-vous sur notre Pinterest </p><p>Q : Que se passe-t-il si je ne trouve pas mon bonheur dans votre sélection ?</p><p>Vous n’avez aucune obligation d’achat et nous pouvons vous envoyer gratuitement une nouvelle sélection. Si vous préférez en rester là, retournez-nous gratuitement votre sélection.</p><p>Q : Comment faites-vous pour conseiller la lingerie ?</p><p>Notre volonté : Obtenir un fitting parfait, incontournable quand on sait que 80% des femmes achètent la mauvaise taille de soutien-gorge ! </p><p>Nous avons eu l’idée de combiner les conseils humains avec un algorithme de recommandation basé sur les données de mensurations et morphologies de nombreuses femmes, ainsi que sur l’analyse des patrons de dizaines de marques. Notre système traite vos réponses (entièrement confidentielles) et établit des recommandations qui sont ensuite passées en revue individuellement et validées par Geneviève, votre styliste. Vous pourrez également échanger avec elle par téléphone si vous le souhaitez. </p><p>Ce mélange unique de technologie et d\'humain, c’est notre petit secret qui nous permet d’établir LA sélection qui vous fera craquer ;)</p><p>Q : Quelles sont les tailles que vous avez en catalogue ?</p><p>Actuellement, notre service convient mieux aux femmes de tailles de bonnets A à E.</p><p>Pour vous offrir un choix satisfaisant sur les autres tailles, nous voulons encore agrandir le nombre de marques partenaires. Et si nous dépassons nos objectifs sur cette campagne de pré-commandes, nous pourrons ajouter de nouvelles marques aux coupes mode sur les grands bonnets.</p><p>Nous ferons tout pour rendre accessible notre service à toutes les femmes !</p><p>En pré-commandant votre Box (pour vous ou pour offrir), vous serez parmi les premiers à bénéficier de ce service exclusif, avec des remises et des cadeaux. Seuls nos contributeurs pourront recevoir leur Box sur les prochains mois !</p><p>\nC\'est aussi un moyen de nous soutenir et de participer à cette grande aventure entrepreneuriale. C\'est ensemble que nous pourrons construire l\'expérience d\'achat lingerie qui valorise les femmes. En contribuant, vous ferez partie de notre LOVE TEAM : soyez nos invités privilégiés à nos événements et ventes privées, et participez même selon votre envie à l\'élaboration de nos plans de collections !</p><p>grande aventure entrepreneuriale</p>','https://img.ulule.com/display/9c5a14b2ba5b7a8c7eadc9695fe5b73f537a62b8/thumbnail/640x360/presales/0/0/3/45300/photo-titre.vouXvmWRcXQh.jpg?upscale=1','2016-12-05','2017-03-03',10000,NULL,1305),(236,255,'Escapade Carbet - Nouvelle édition !','Guide des vacances en hamac','<p>Le guide de l\'hébergement en hamac et du tourisme durable en Guyane est de retour dans une NOUVELLE VERSION : 80 pages supplémentaires, 90 adresses dont une vingtaine de nouveaux carbets et plein de conseils, astuces et bons plans !</p><p>Depuis 2010, Escapade Carbet référence les adresses les plus insolites pour accrocher votre hamac en Guyane. Perchée à 15 mètres du sol, sur un bateau, en pleine forêt primaire, dans un ranch ou au bord d’une rivière, notre équipe parcourt cette terre amazonienne à la recherche des meilleurs carbets pour éditer un nouveau guide touristique insolite autour de ce moyen de couchage traditionnel, simple, confortable et écolo.</p><p>couchage traditionnel, simple, confortable et écolo</p><p>Nous avons compilé dans cette nouvelle version plus de 90 adresses, avec des indications complètes : comment y aller, les services disponibles sur place, les informations de contact, les tarifs et moyens de paiement, les places disponibles en hamac et en lit, un descriptif complet du carbet avec des photos qui vous donneront envie de partir en weekend... Vous y trouverez également d’autres informations sur l’écotourisme en Guyane, les techniques d’accroche du hamac, des adresses d’activités originales et d’autres infos inédites que nous vous laisserons découvrir par vous-mêmes…</p><p>Mo ka swété zot roun bon voyag !</p><p>Mo ka swété zot roun bon voyag </p><p>Laissons la parole au dictionnaire Larousse : « Carbet (nom masculin) : Aux Antilles et en Guyane, hutte sans murs servant d’abri ». En pratique, il s’agit d’une construction légère en bois, ouverte sur plusieurs côtés. Il existe des carbets-hamacs, des carbets-cuisine, des carbets-feu, des carbets-palabre. Le plus souvent, tous ces espaces sont regroupés sous un même toit. Ce type d’habitat est d’origine amérindienne et a récemment évolué vers un usage touristique et de loisir. </p><p>Laissons la parole au dictionnaire Larousse :</p><p>La première édition 2014/2015 a bien été éditée mais 3 ans se sont écoulés depuis et les informations évoluent. Nous avons mis à jour dans ce nouveau guide toutes les caractéristiques sur les carbets et actualisé les coordonées de réservation. Et puis surtout, nous avons entre temps découvert de nouvelles adresses que nous voulons vous faire partager. Nous avons également décidé de fournir plus d\'indications sur les activités touristiques et les sites incontournables à proximité des carbets pour que vous profitiez au maximum de vos vacances. Cette réédition contient donc plus de contenus : en tout ce sont 80 pages supplémentaires avec davantage de conseils pour vos escapades, que vous soyez en Guyane ou simplement de passage !</p><p>Davantage de pages ! Le guide compte 312 au total, avec 80 pages supplémentaires et plus de 20 nouveaux carbets. Le tout s\'articule en 3 parties :</p><p>312 au total, avec 80 pages supplémentaires et plus de 20 nouveaux carbets. </p><p>•        Des infos pratiques et culturelles sur la Guyane : en plus des informations classiques sur le département, vous trouverez dans ce nouveau guide des idées thématiques de parcours, des suggestions d’itinéraires originaux, des astuces pour accrocher son hamac en forêt et partir à l’aventure en « carbet-bâche », des infos sur la culture carbet, les choses à ne pas louper en Guyane et celles à éviter…   </p><p> Des infos pratiques et culturelles sur la Guyane </p><p>•       Des fiches actualisées pour 90 carbets, le tout organisé en 4 zones géographiques : autour de Cayenne, Kourou et le pays des Savanes, le Maroni et le Grand Ouest, l’Est et le Centre. Plus de vingt nouvelles adresses dont plusieurs au Brésil :D ! Nous avons aussi ajouté plusieurs pages qui listent les incontournables touristiques pour chaque secteur : des bons plans, des lieux authentiques pour se restaurer, des activités traditionnelles, des sorties natures, des évènements sportifs …</p><p> Des fiches actualisées pour 90 carbets</p><p>vingt nouvelles adresses dont plusieurs au Brésil</p><p>•        De nouveaux articles sur le tourisme durable et sur la protection de l\'environnement : une charte éthique du voyageur et les gestes de l\'écotouriste, une liste des acteurs éco-engagés de Guyane, des idées de recette adaptées à la cuisine en site isolé…</p><p>De nouveaux articles sur le tourisme durable et sur la protection de l\'environnement </p><p>Pour ceux qui n\'ont pas encore feuilleté l\'ancien guide, en voici un rapide aperçu. </p><p>Promouvoir un mode d’hébergement respectueux de l’environnement dans une des plus grandes zones de biodiversité au monde ne pourrait se faire sans aller jusqu’au bout du concept. Chez Escapade Carbet on aime aussi beaucoup les arbres et on a privilégié la démarche environnementale aux coûts d’impression.</p><p>démarche environnementale aux coûts d’impression</p><p>C’est pour ça que ce guide est imprimé en France sur du papier certifié 100% PEFC dans une imprimerie labellisée Imprim’Vert. Ces labels garantissent une impression respectueuse de l\'environnement, réalisée avec des encres végétales sur du papier provenant de forêts gérées durablement.</p><p>L’actualisation des informations est encore en cours mais la rédaction des nouveaux contenus est bien avancée. Le financement servira en priorité à couvrir une partie des frais d\'impression, de mise en page et bien sûr à gérer les contreparties Ulule. Si le projet est un succès, on pourra améliorer le guide avant sa sortie en achetant des photographies et illustrations auprès de professionels, en augmentant le nombre d\'exemplaires imprimés, …</p><p>Les recettes de la vente en librairie serviront à pérenniser les activités de l\'association qui, jusque-ici, sont assurées principalement de manière bénévole.</p>','https://img.ulule.com/display/69e9067750dce0ea16d37bbbb1322b6d659b81e8/thumbnail/640x360/presales/4/5/6/45654/ulule-image-principale.LrCsxwRDyKO4.jpg?upscale=1','2016-12-07','2017-02-25',4000,NULL,935),(237,256,'AnimaLost','La première application mobile qui connecte ceux qui ont perdu leur animal et ceux qu...','<p>Lorsque l’on perd son animal de compagnie, en plus d’être inquiet, on se retrouve vite devant un véritable parcours du combattant : on pose des petites annonces chez les commerçants, les vétérinaires, la SPA, la gendarmerie ; on consulte le voisinage, on déclare sa perte sur les multiples sites ou pages de réseaux sociaux et enfin on attend sans vraiment savoir si nos démarches vont aboutir à une issue heureuse, dramatique, ou à rien du tout ! Mieux vaut croire à son capital \"chance\"...</p><p>Nous avons souhaité créer l’application AnimaLost, simple et intuitive, pour permettre en quelques clics, aux propriétaires d’animaux égarés ou à ceux qui croisent leur chemin d\'émettre un \"signalement\" avec photo ou description, instantanéité, géo localisation et envois de notifications aux utilisateurs des alentours.</p><p>Bref, l\'idée est d\'avoir tous les outils déclaratifs dispos 24h/24, en UN : le Smartphone.</p><p>AnimaLost est la solution révolutionnaire qui met l\'innovation au service des animaux et de la sécurité routière.</p><p>Téléchargez l\'application sur Apple store, c\'est ici : https://itunes.apple.com/us/app/id1127188420</p><p>https://itunes.apple.com/us/app/id1127188420</p><p>Téléchargez l\'application sur Google Play, c\'est ici : https://play.google.com/store/apps/details?id=com.animalost.mobile&hl=fr</p><p>https://play.google.com/store/apps/details?id=com.animalost.mobile&hl=fr</p><p>Vous avez téléchargé sur votre Smartphone (iOS ou Android) l’application AnimaLost gratuite. Vous l’ouvrez et vous êtes automatiquement géolocalisés,  donc l\'application connaît votre emplacement géographique.</p><p>Selon ce que vous voulez déclarer, vous choisissez « je le cherche »  ou « je l’ai vu »; plusieurs choix permettent de décrire l’animal et de joindre une photo. Vous indiquez votre adresse mail ou numéro de téléphone (facultatif) pour être contactés. Si vous cherchez un animal, vous précisez le nombre de kilomètres sur lesquels votre recherche s’étend ; une notification sera envoyée sur votre smartphone dès qu’un animal sera trouvé dans ce périmètre. Si vous signaler un animal \"en goguette\", sa photo (ou description) sera diffusée sur les comptes des utilisateurs qui sont en recherche.</p><p>AnimaLost est un outil connecté, accessible à tout moment qui alerte en temps réel.</p><p>Nous voulons qu’AnimaLost devienne LA nouvelle solution « mobile » pour ceux qui ont perdu leur animal de compagnie et ceux qui ont croisé son chemin.</p><p>LA nouvelle solution « mobile »</p><p>Notre objectif : créer une communauté solidaire et responsable</p><p>En France, près de 14 millions de foyers possèdent un animal de compagnie, soit en 2014, 20 millions de chiens et chats (enquête Facco/TNS Sofrès : http://www.facco.fr/-Population-animale-</p><p>http://www.facco.fr/-Population-animale-</p><p>58 000 animaux ont été perdus, 15 543 trouvés et 3 437 entrés en fourrière en France en 2015 (source ICAD).</p><p>Même si on ne possède pas un animal de compagnie, on sait qu’un animal errant peut provoquer un accident de la route et qu’un maître inquiet de la disparition de son animal va engager une série de démarches tous azimuts, un parcours  consommateur de temps et d’énergie.</p><p>Or, si son animal est inscrit sur AnimaLost, tout comme il est vacciné et identifié, il gagne un temps considérable. On sait également que le nombre d’abandons augmente chaque année.</p><p>Alors, pourquoi ne pas créer une veille solidaire destinée aux animaux domestiques ?  Pour que l’appli soit pleinement efficace, il faut qu’elle s’appuie sur un grand nombre de téléchargements et un réseau d\'utilisateurs connectés très dense.  C’est le challenge lancé par AnimaLost.</p><p>une veille solidaire destinée aux animaux domestiques</p><p>Quels sont les montants que nous souhaiterions obtenir pour développer le projet ?</p><p>Grâce à un premier apport en Love Money (fincanemenrt d\'un proche qui croit en nous et au projet), nous avons déjà pu rendre disponible au téléchargement la première version d’AnimaLost sur les stores Apple et Android depuis le 1er juillet 2016.</p><p>Nous travaillons activement pour trouver de nouvelles idées de services dédié aux maîtres et à leurs animaux, et ainsi rendre viable notre toute jeune société.</p><p>Nous souhaiterions d’abord atteindre la somme de 8 000 €</p><p>Cette somme participera à l\'évolution de notre site internet dont l\'objectif est de :</p><p>- Améliorer le referencement naturel et élargir la communauté des utilisateurs de l\'application </p><p>- Proposer des informations supplémentaires, et de nouveaux services</p><p>Soyons optimistes ! Et si on dépassait l’objectif ?</p><p>Nous souhaiterions également rapidement pouvoir vous proposer de nouveaux services accessibles depuis l’application mobile.</p><p>Votre investissement permettra le developpement d\'un mode destiné aux associations, fourrières, refuges, SPA, municipalités, qui leur permettra de répertorier les animaux trouvés et de donner la possibilité aux propriétaires d’animaux dans la détresse de consulter à tout moment leurs annonces depuis l’application mobile.</p><p>un mode destiné aux associations</p><p>22 % pour la communication de la nouvelle application</p><p>Et si nous allions encore plus loin, et pouvions vous proposer, à vous, utilisateurs de l’application, d’avoir accès, via la géo localisation et directement sur votre smartphone, à un annuaire des professionnels proches de chez vous : les cabinets de vétérinaires, les éleveurs, les centres d’agility, les magasins d’alimentation, d’accessoires, les centres de gardiennage etc…  </p><p>12 % pour la communication de la nouvelle application</p>','https://img.ulule.com/display/410115e72ffe0bcd2517be9cc159339b2ccd7bba/thumbnail/640x360/presales/0/7/5/42570/animalost_mpa2.XhE4IxfmHhGC.jpg?upscale=1','2016-12-05','2017-02-16',8000,NULL,1368),(238,257,'Le Moloco','Un logiciel open-source pour les monnaies locales','<p>Plus de 40 en France, plus de 13 000 dans le monde : les monnaies locales complémentaires sont en plein boom. De plus en plus de citoyens, désireux d\'agir en faveur de leur économie locale et d\'inventer de nouveaux outils d\'échange à l\'épreuve des crises, sont tentés par l\'aventure.</p><p>Au fait, une monnaie locale complémentaire, c\'est quoi ?</p><p>Aux nouveaux défis, de nouveaux outils !</p><p>Mais il y a un obstacle de taille : il n\'existe aucun outil informatique parfaitement adapté pour gérer une monnaie locale. En effet, même si les monnaies locales impactent de nombreux citoyens, elles sont encore aujourd\'hui considérées comme un marché de niche qui n\'intéresse pas les entreprises. De ce fait, pour chaque nouvelle monnaie, tout est à réinventer.</p><p>Heureusement, nous avons une solution à apporter : le Moloco (pour MOnnaies LOcales COmplémentaires), un logiciel en open source, simple d\'utilisation, que vous pourrez télécharger gratuitement et même modifier si vous en avez les compétences. Il s\'articulera en deux parties : la gestion des adhérents et la gestion des flux de monnaie. Il sera conçu pour s\'adapter à toutes les modalités d\'une monnaie locale papier : groupes locaux, comptoirs, cartes GPS des prestataires... Il sera modulable en fonction des besoins de chaque monnaie et, pour nos amis qui portent des projets de monnaie locale à l\'étranger, il sera multilingue !</p><p>Le MoLoCo sera développé sous licence GNU/GPL. L\'objectif de la licence GNU/GPL, selon ses créateurs, est de garantir à l\'utilisateur les droits suivants (appelés libertés) sur un programme informatique :</p><p>La liberté d\'exécuter le logiciel, pour n\'importe quel usage ;</p><p>La liberté d\'étudier le fonctionnement d\'un programme et de l\'adapter à ses besoins, ce qui passe par l\'accès aux codes sources ;</p><p>La liberté de redistribuer des copies ;</p><p>L\'obligation de faire bénéficier à la communauté des versions modifiées.</p><p>Pour plus d\'informations techniques sur le Moloco, nous vous invitons à consulter ce document.</p><p>Il s\'agit d\'un gros chantier, qui nécessite trois mois de travail pour deux informaticiens. Bien que nous, les monnaies locales, croyions profondément au bénévolat et n\'existerions pas sans l\'engagement bénévole, nous avons choisi pour ce projet précis de recourir au salariat. C\'est pour nous une garantie nécessaire de l\'aboutissement rapide et du professionalisme du logiciel.</p><p>Nous cherchons donc à lever 20 000 € pour leur rémunération et les charges, auxquels il faut ajouter 1 774 € de frais de gestion d\'Ulule et 400 € pour la fabrication et l\'envoi du recueil de textes.</p><p>Si nous dépassons la somme requise, nous l\'investirons immédiatement dans le développement de l\'application pour smartphone.</p><p>Un beau logiciel gratuit pour votre monnaie citoyenne, et un coup de main si vous avez un petit souci à l\'installation !</p><p>Et en plus, quelques menus goodies :</p><p>Des couvertures facebook avec des visuels de notre cru, sur le thème des alternatives monétaires</p><p>Un recueil de textes de différents auteurs sur la monnaie et le numérique, que vous recevrez soit au format numérique, soit en édition cartonnée unique par une maison d\'édition Cartonera</p><p>Des contreparties honorifiques :</p><p>Votre nom en dur dans la licence du Moloco, pour tout donateur</p><p>Votre nom et/ou votre marque dans le tutoriel vidéo du Moloco, au générique ou à voix haute</p><p>Votre nom et/ou votre logo sur moloco.org, la page de téléchargement du Moloco, ainsi que sur cette page.</p><p>Et enfin, l\'adhésion à la monnaie locale de par chez vous (parmi celles qui participent au projet), pour un an, pour deux ans, pour trois ans ou pour la vie !</p><p>Les monnaies locales complémentaires :</p><p>C\'est la Doume, la monnaie du Puy-de-Dôme, qui assure le portage, mais toutes les monnaies de France et du monde qui souhaitent s\'associer au projet sont les bienvenues ! Pour l\'heure nous sommes 26 monnaies locales :</p><p>La Gabare - La Pêche - La Brimbelle - Le Cairn - Le Méreau - La Roue - Le Grain - Le Marcassol - La Graine - La Muse - La Lignières - La Pive - MLCC Allier - MLCC des Hautes-Alpes - Le Lien - MLCC du Pilat - Le Retz\'L - Lou Pelou - La MIEL - La Beunèze - La Doume - L\'Abeille - Le BléNoir - Le Galais - La Pyrène - Le Rozo</p><p>Stephan Gelberger : Développeur senior, c\'est lui qui a construit le logiciel qu\'utilise fièrement la Doume et que le monde entier lui envie. Vous pouvez voir l\'interface publique de ce logiciel sur doume.org.Odilon Hugonnot : Informaticien développeur d\'application web, il est aussi ingénieur environnemental spécialisé dans le développement durable et l\'écoconception.</p><p>Un grand merci à toutes et à tous pour votre participation à ce projet !</p>','https://img.ulule.com/display/0caff1ba404b2782c82cd9455d121c712c3f0bbd/thumbnail/640x360/presales/1/3/9/43931/visuel-ulule-mlc-libre.0WUR821mNr8g.jpg?upscale=1','2016-12-17','2017-02-24',22174,NULL,6671),(239,258,'Le Bar commun','Partager un lieu. Agir ensemble - Paris 18e','<p>Le “Bar commun” : un bar associatif pour  retrouver  le goût d’agir et de penser ensemble.</p><p>Parce que les temps sont durs et le fond de l’air froid, parce que nous ne nous satisfaisons pas, ou plus, ou pas seulement, des formes actuelles d\'organisation de la vie de la cité (partis, syndicats…), parce que nos vies ont besoin de sens, et de terrains sur lesquels les expériences, les volontés, les initiatives puissent s’échanger et s’enrichir mutuellement, nous avons conçu le Bar commun.</p><p>Le  “Bar commun”, c’est un espace de convivialité, un espace d’engagement, et un espace d’échange et de débat. C’est un bar… commun.</p><p>Commun, parce que nous le construisons et le ferons vivre ensemble. Commun parce qu’il sera intégré dans la vie d’un quartier (Amiraux-Simplon-Poissonniers dans le 18e), et qu’il sera utile à ses habitants. Commun parce que nous y partagerons nos idées, nos espoirs, nos envies.</p><p>nous le construisons et le ferons vivre ensemble</p><p>intégré dans la vie d’un quartier </p><p>Accoudés au comptoir ou attablés, devant un thé équitable, un bon verre de vin ou une bière de brasseur local, nous pourrons passer du temps ensemble, créer des liens nouveaux et durables. On pourra moduler l\'espace pour y trouver tout à la fois de la culture (expos, concerts), de la détente (jeux…), du farniente...</p><p>Ce sera  un lieu investi dans des actions de proximité, concrètes, utiles, parce que “vivre ensemble” ne se décrète pas, mais vient de l’habitude de “faire ensemble”.  Au Bar commun se retrouveront habitants, bénévoles, habitants-bénévoles, pour échanger savoirs et savoir-faire, coups de main et coups de pouce, amitié et solidarité. On y trouvera des écrivains publics, de l’accompagnement scolaire, des cours de français langue étrangère (FLE), de l’initiation au numérique, de l’échange/partage de livres, d’outils, de vêtements, de jeux… et toutes les activités sociales, environnementales, éducatives, artistiques et citoyennes que les bénévoles et les associations du quartier viendront ajouter à mesure du développement du Bar.</p><p>actions de proximité, concrètes, utiles</p><p>Un espace d’échange, de débat, de formation.</p><p>Parfois - souvent - on tamisera la lumière et on éteindra la musique, on se mettra en cercle, en U, en atelier, autour d’un invité, d\'un collectif, d’un artiste, d’un écran ou simplement entre nous, et on échangera sur les enjeux politiques, sociaux, économiques et environnementaux de notre temps.</p><p>on échangera sur les enjeux politiques, sociaux, économiques et environnementaux de notre temps</p><p>En ne limitant pas la citoyenneté au vote et la politique aux partis, nous voulons fabriquer de l’intelligence collective et apporter de nouvelles réponses. Le Bar commun sera un lieu pluriel, où se retrouveront des gens d’horizons divers, citoyens, militants, vétérans ou nouveaux venus de l’engagement, où l\'on respecte les différences et les histoires de chacun. Un lieu où l\'on parle avec des personnes qu\'on n\'aurait jamais rencontrées autrement ; un lieu où pourront alors s’élaborer des projets innovants, cohérents, rassembleurs, porteurs d’un changement d’approche globale des rapports sociaux et en même temps appuyés sur des pratiques concrètes et quotidiennes.</p><p>fabriquer de l’intelligence collective et apporter de nouvelles réponses</p><p>Un lieu où l\'on parle avec des personnes qu\'on n\'aurait jamais rencontrées autrement </p><p> des projets innovants, cohérents, rassembleurs</p><p>appuyés sur des pratiques concrètes et quotidiennes</p><p>Plusieurs media se sont intéressés à notre projet et on voulu le faire partager à leur public. Decouvrez ce qu\'ils en ont pensé en cliquant sur les logos !</p><p>Le Bar Commun, ça marche comment  ?  </p><p>Le lieu : un local, un quartier  </p><p>Après plusieurs mois de recherches, de rencontres et de visites, nous avons trouvé la perle rare : un pied d’immeuble, beau, clair (entièrement vitré), grand (98 m2) - suffisamment pour y imaginer plein d’espaces et d’activités - et plus encore, idéalement situé dans un quartier du 18e arrondissement en pleine mutation : Amiraux-Simplon-Poissonniers-Marcadet.  </p><p>nous avons trouvé la perle rare </p><p>plein d’espaces et d’activités </p><p>On le sait parce que, pour certains d’entre nous, on y habite, et parce que nous avons tissé des liens avec les autres habitants du quartier en leur présentant le projet et en leur proposant de nous rejoindre, lors des \"Comptoirs de rue\" que nous tenons tous les week­ends.</p><p>pour certains d’entre nous, on y habite</p><p>[Nous serons d\'ailleurs présents pour un \"Comptoir de rue\" exceptionnel, dimanche 11 décembre, aux côtés des autres associations d\'Amiraux-Simplon sur notre marché de Noël]</p><p>La commission d\'attribution des pieds  d\'immeubles du 18e arrondissement de Paris nous l’a annoncé le 14 novembre dernier : le local situé au croisement de la rue Championnet et de la rue des Poissonniers est pour le Bar commun si - il y a évidemment un si - nous sommes capables d’en financer l’ouverture (on vous explique cela en détail plus bas).</p><p>est pour le Bar commun si - il y a évidemment un si - nous sommes capables d’en financer l’ouverture</p><p>...C’est pour cela - vous l’aurez compris - qu’on a besoin de vous !</p><p>L\'équipe : des bénévoles engagés</p><p>Le Bar commun est une association sans but lucratif. Du service au comptoir à la gestion (achats, comptabilité, etc.), de la programmation à l’animation des activités et des débats, ce sont des bénévoles, qui s’engagent à y consacrer quelques heures par mois, qui le feront fonctionner au quotidien. Dès que les recettes nous le permettront, un salarié viendra épauler les membres de l’association.</p>','https://img.ulule.com/display/b3fcc4d51fd9acb69af7d8b0d855df37728986a5/thumbnail/640x360/presales/5/6/4/43465/ouvronsleensemble.aahd5cnnCOPx.png?upscale=1','2016-12-07','2017-02-21',25000,NULL,19681),(240,259,'Application Thegoodc0rners','Partout où il y a des Français expatriés.','<p>Thegoodc0rners sera une application gratuite et participative, qui te permettra de proposer et/ou rechercher un emploi et un logement ainsi que permettre à l\'utilisateur d\'être en contact avec un professionnel français de sa ville grâce à l\'annuaire.</p><p>√ La clé d\'un site populaire c\'est le travail.\nThegoodc0rners est le premier site internet créé pour vous offrir un service gratuit à Londres. Nous travaillons chaque jour pour vous permettre de faciliter votre recherche.  \n☞ Rechercher et/ou proposer une offre d\'emploi.\n☞ Rechercher et/ou proposer une offre de logement.\n☞ Rechercher un professionnel indépendant français.\n </p><p>​ Parce que l\'application n\'existe pas encore !</p><p>Parce que l\'application n\'existe pas encore !</p><p>L\'application web sera disponible fin Mars/début Avril.</p><p>En participant au financement de Thegoodc0rners APP, tu nous aides à accélérer le développement de l\'application.</p><p>Certaines tâches doivent être externalisées, de plus, nous devons utiliser plusieurs outils numériques ayant un coût important pour développer notre application web et débuter la conception de l\'application mobile.</p><p>Pour mener à bien ce projet, nos besoins en financement s\'élèvent à £25 000. </p><p>Particuliers comme professionnels français pourront venir mettre une annonce en ligne ( Emploi & Logement ) afin que les Français s\'entraident dans une grande ville étrangère de la France. Un annuaire de professionnels rassemblera les entrepreneurs français sous deux catégories (Santé & Services). </p><p>Ce sera une application gratuite et les utilisateurs pourront postuler à une offre d\'emploi ou de logement directement depuis l\'annonce. </p><p>Son objectif est de répondre et de satisfaire au mieux les utilisateurs grâce à des annonces précises. \nAinsi, Thegoodc0rners.com tente de faciliter et d’optimiser le mieux possible la navigation des internautes dans leurs recherches.</p><p>Plus concrétement, voici comment tu pourras utiliser notre application :</p><p>Après avoir téléchargé l\'application, tu pourras rechercher un emploi par exemple. Cet emploi te sera proposé par un autre français qui travaille dans un pub à Londres et souhaite agrandir son équipe.</p><p>Exemple en 5 étapes : Tu as un CV pré-enregistré.</p><p>Tu cliques sur l\'offre d\'emploi qui te correspond.</p><p>L\'annonce est en français ce qui facilite ta compréhension des tâches à accomplir.</p><p>L\'offre te plaît, tu cliques sur \"Postuler\" sans créer de compte, tu donnes une description, joint ton Cv.</p><p>L\'annonceur reçoit un e-mail et consulte ton profil grâce au CV</p><p>Celui-ci te recontacte directement pour te proposer une interview.</p><p>Tu nous diras : « Et si, je recherche une chambre » </p><p>L\'application est faite pour les personnes qui sont motivées. Tu pourras rechercher une offre de logement de la même façon qu\'une offre d\'emploi. Un annuaire te sera proposée par ville avec les professionnels français qui y sont.</p><p>Tu es actuellement sur Ulule, une plateforme de crowdfunding, c\'est-à-dire de financement participatif. Notre application fonctionne sur un principe similaire : celui du crowdsourcing, c\'est-à-dire de l\'information participative. Ce sont les utilisateurs qui renseignent les offres et bons plans qu\'ils ont pu apercevoir dans la ville, mais pas seulement !</p><p>Notre business model privilégie avant tout les professionnels indépendants et de proximité, qui n\'ont pas forcément la visibilité souhaitée, car bien souvent excentrés et éloignés des grands axes. Nous irons donc à leur rencontre afin de les aider à augmenter leur visibilité.</p><p>Qu\'est-ce-que le crowdsourcing ?</p><p>Depuis sa création en Mars 2016, Thegoodc0rners.com, jeune entreprise dynamique, propose un large choix de services afin de venir en aide aux Français notamment à travers son site en ligne. Cette start-up en plein développement permet aux personnes souhaitant s’installer à Londres de pouvoir trouver un logement, un emploi, un professionnel français, des adresses utiles ainsi que des conseils pratiques gratuitement.</p><p>Le financement va permettre de développer une application mobile qui pourra être utilisée dans toutes les grandes villes où la population française est importante. Cette application sera gratuite et proposera des petites annonces emploi et logement. Un annuaire de professionnels français y sera répertorié.</p><p>Lorsque vous apporter une contribution financière, Thegoodc0rners et son fondateur Mickael Caine qui travaille en parallèle au lycée français à Londres s\'engage à verser 10% de la somme obtenue pour financer le coût que supporte une famille démunie pour payer la cantine d\'un élève de l\'établissement et cela pour autant d\'élèves que le financement le permettra. </p><p>Après deux ans de vie à Londres, je me suis rendu compte qu\'il y avait une demande permanente de renseignements lorsque l\'on débarque dans un nouveau pays. La maîtrise d\'une langue dans une nouvelle aventure à l\'étranger n\'est pas acquise pour tout le monde. C\'est un besoin de confiance que j\'ai pu ressentir à travers les témoignages. </p><p>Aujourd\'hui le site permet à ses utilisateurs de Trouver un emploi, un logement, des renseignements gratuitement afin que cela facilite leur installation. </p><p>En savoir plus sur moi et le projet:</p><p>Le projet te plaît, et tu veux parler de toi ? N\'hésite pas !\nÉcrivez-moi à thegoodcorners@gmail.com juste pour me faire un « coucou » ou\npour avoir plus d\'infos :)</p>','https://img.ulule.com/display/22aaaaa95de5e25fde075e10c8518b233b01fc81/thumbnail/640x360/presales/7/1/3/44317/thegoodc0rners-app-ulule.KVcfAEiCRHVb.jpg?upscale=1','2016-12-16','2017-02-07',25000,NULL,4611),(241,260,'QOSQO VIBES !','Une salle de spectacle sans son ni lumière serait comme notre bibliothèque sans livre !','<p>Depuis le mois de Juillet 2016, nous sommes volontaires à Cusco (Pérou) dans le programme bibliothèque/ludothèque de l’association Qosqo Maki. Dans le cadre de ce dernier, nous réalisons toutes les semaines et depuis le début,  des activités cirque et théâtre afin de développer l’expression sous toutes ses formes chez les enfants et les jeunes. Pour se faire, nous disposons d’une salle avec une petite scène malheureusement dépourvue de son, de lumières et de rideaux de scène. Les ateliers portant leurs fruits, nous souhaiterions donc aujourd´hui pallier à ce manque en investissant dans ce matériel afin de développer aussi les aspects techniques inhérents à la scène. De plus, comme nous restons jusqu’à Juillet 2018, nous pourrons aisément ouvrir de nouveaux projets sur le quartier en proposant des rendez-vous culturels réguliers tel que des spectacles de cirque, théâtre, concerts, café philo…</p><p>De manière éducative et en parallèle avec d’autres projets déjà mis en place, nous avons imaginé une première phase d’utilisation en quatre étapes s´étendant de Décembre 2016 a Avril 2017 :</p><p>PREMIERE ETAPE : L’ESPACE SCENIQUE\n(Décembre)</p><p>Nous  sommes actuellement en train de confectionner les rideaux et de peindre la “boite noire” de l’espace scénique avec les jeunes.</p><p>DEUXIEME ETAPE : SON ET LUMIERE\n(Du 13 au 17 Février)</p><p>Après réception du matériel, nous ferons un atelier d’une semaine avec les jeunes pour réaliser l’installation lumière et son puis entamerons l’apprentissage de son fonctionnement. A partir de cette étape, nous pourrons envisager des ateliers hebdomadaires afin d’approfondir durablement les connaissances acquises.</p><p>TROISIEME ETAPE : CIRQUE ET THEATRE\n(Du 20 au 24 Février et du 27 Février au 03 Mars)</p><p>Dans la continuité de nos ateliers cirque et théâtre hebdomadaires, une troupe de cirque canadienne interviendra sur deux semaines pour proposer cinq jours d’initiation cirque puis cinq jours d’initiation théâtre. Nous intégrerons naturellement les acquis de la semaine SON ET LUMIERE sur les créations des jeunes.</p><p>QUATRIEME ETAPE : INAUGURATION DE LA SALLE MULTICULTURELLE\n(03 et 04 Mars)</p><p>Vendredi : Spectacles cirque et théâtre des jeunes décrits en troisième étape, mis en lumière et sonorisés par eux-mêmes.\nSamedi : Spectacle de la compagnie canadienne suivi d’un concert d’un groupe de musique cusquénien toujours éclairés et sonorisés par les jeunes.</p><p>Afin d’en savoir plus sur le développement du projet, l’association Qosqo Maki, sa pédagogie, la notre, les difficultés que nous pouvons rencontrer par rapport à la situation des différents publics avec lesquels nous travaillons, nous vous invitons à prendre le temps de lire la FAQ de ce projet (en bas de page).</p><p>-725,00€ sur le budget global de 3225,33€ seront assurés par une subvention extérieure et le reste par votre générosité.\n-L\'argent récolté le sera sur notre compte personnel et sera reversé directement à l\'association afin qu\'elle finalise les achats à destination de ce projet. Le matériel sera donc à leur nom et donc leur propriété.\n-Dans le cas ou nous dépasserions les 100% de dons à atteindre, nous utiliserons ce qu\'il y a en plus pour acheter du matériel de cirque (massues, balles de jonglerie, bollas, rolla-bolla, boule d\'équilibre, tapis...) toujours à destination de l\'association Qosqo Maki.</p><p>Saltimbanque au vrai sens du terme, puisque musicien (Grabben Orchestra), circassien (La compagnie Sans Nom), animateur/éducateur et régisseur de spectacle (Hot Club de Lyon) depuis 14 ans. Cette nouvelle expérience, dans un autre pays que celui qui m’a vu naître, est pour moi l’opportunité de confronter durablement mes acquis sur le terrain tout en oubliant tous mes repères culturels. Animé depuis moult par cette idée que le temps fait bien les choses et que l’éducation y contribue, je souhaiterais, après deux années enrichissantes au Pérou, reprendre des études pour ouvrir une structure d’accueil en milieu rural. « Quand je serais grand ! »</p><p>Baignée depuis mon enfance dans l’animation, j’ai obtenu une licence d’arts du spectacle au Mexique, et ai été directement contaminée par l’air « caliente » et latino de ce pays. Aussitôt rentrée en France, l’envie de repartir sur les terres d’Amérique du sud me prend : pourquoi ne pas l’associer à mon expérience d’animatrice/éducatrice auprès de jeunes de tous âges ? Et me voilà catapultée responsable du programme « biblioteca-ludoteca » de l’association Qosqo Maki ! </p><p>Pour en savoir plus sur l\'association : </p>','https://img.ulule.com/display/e76a824d1a93e7c6ee4bfbbd87281f2d116c528c/thumbnail/640x360/presales/8/9/9/44998/img_0890-comprimer.In4PTy3unKCi.jpg?upscale=1','2016-12-12','2017-02-17',2500,NULL,1570),(242,261,'Voz Orgánica - l\'exploration bio\'urbaine !','10 mois en Amérique Latine pour inspirer la ville de demain: productive, verte et vivante','<p>Vivre en ville, c\'est unique, n\'importe quel citadin le sait. Les restos, les bars et les spectacles en tous genres (et pas toujours les meilleurs !), l\'excitation des nouvelles rencontres, le foisonnement d\'entreprises à succès… L\'infini des possibles.</p><p>En ville, on oublie qu\'avoir des jardins pour se balader ou se recueillir, des arbres pour se protéger du soleil et de la pluie, des forêts pour échapper au chaos urbain, c\'est vivre dans son élément.  On se contente des heures perdues dans les transports, de la malbouffe à prix de luxe, et du ciel gris de pollution. On étouffe lentement et tacitement.</p><p>étouffe lentement et tacitement</p><p>Pourtant, une autre voie est possible.</p><p>Imaginez une ville où les pelouses dégarnies sont remplacées par des plantations de légumes, où les restos cuisinent des pommes de terre récoltées dans leur propre jardin, où les écoliers jouent à planter des tomates dans la cour de récré avec autant de ferveur que leurs billes, parce que c\'est LEUR plante la meilleure. Imaginez une ville où l\'on peut s\'alimenter, se rencontrer, se retrouver, se ressourcer, s\'éduquer, se soigner, travailler en bas de chez soi. Imaginez une ville humaine et vivante. Imaginez une ville organique.</p><p>pommes de terre récoltées dans leur propre jardin</p><p>Imaginez une ville où l\'on peut s\'alimenter, se rencontrer, se retrouver, se ressourcer, s\'éduquer, se soigner, travailler en bas de chez soi. </p><p>Nous partons en mission pour apprendre comment : en Amérique Latine, premier réservoir de biodiversité au monde et pionnière de l\'agriculture urbaine !</p><p> Amérique Latine, premier réservoir de biodiversité au monde et pionnière de l\'agriculture urbaine !</p><p>Une immersion au cœur de communautés qui se distinguent par leur manière d’être et de faire, en harmonie avec la nature.</p><p>Comment aller vers une ville organique : productive, verte et vivante ?</p><p> une ville organique : productive, verte et vivante ?</p><p>Explorer les contextes et les pratiques (#immersion), partager nos découvertes et nos rencontres (#inspiration), et structurer nos observations (#action)</p><p>Rosario, la ville des parcs-jardins</p><p>Début des années 2000 : le pays est en faillite, la pauvreté dépasse les 50%, le chômage approche les 25%. La municipalité lance un programme d\'agriculture urbaine, faisant de Rosario l\'une des rares villes au monde à intégrer la question alimentaire dans sa stratégie de développement territorial.</p><p>L\'Équateur, le pays des communes</p><p>En 1937, l\'Etat reconnaît l\'existence des communautés indigènes et paysannes avec la \"Ley de las comunas\". En 2008, la constitution nationale reconnaît leur forme ancestrale d\'organisation territoriale, la commune (propriété collective des terres). C\'est une situation unique en Amérique.</p><p>La Havane, épicentre de l’agroécologie urbaine</p><p>Après la chute de l\'Union Soviétique, Cuba est en crise profonde : c’est la période spéciale en temps de paix annoncée par Fidel Castro.Les Cubains se mettent massivement au maraîchage et obtiennent des rendements remarquables, sans pétrole, sans engrais et sans pesticides.</p><p>période spéciale en temps de paix</p><p>Une démarche de volontariat (soin de la terre, communication, participation aux projets en cours…) au sein des communautés rencontrées : jardins partagés et agriculture urbaine, cultures ancestrales, agroforesterie...</p><p>Evaluation : retours d’expérience de nos communautés hôtes</p><p>Des contenus quotidiens publiés sur notre site et nos réseaux sociaux pendant le voyage, et 1 reportage en slow-info par étape (article de fond, chroniques photos et vidéos, témoignages et portraits)</p><p>Evaluation : rayonnement de nos contenus (audience sur le site et nos réseaux sociaux)</p><p>Une restitution personnalisée de nos observations à destination des acteurs de la ville organique : collectivités, associations, architectes/paysagistes/urbanistes, écoles, restaurants, magasins, promoteurs immobiliers, acteurs innovants...</p><p>Evaluation : nombre et type (taille, secteur) d’acteurs partenaires, thèmes et formats personnalisés</p><p>Le volontariat au coeur des communautés hôtes nous permettra de minimiser considérablement les depenses sur un certain nombre de postes. Nos billets aller-retour, l\'ensemble des coûts relatif au logement et à la nourriture ainsi que vos contreparties et la commission de nos amis d\'Ulule seront couverts par nos fonds propres (soit 5 000 €, près de la moitié des coûts totaux). </p><p>Avec 7 000 €, vous nous permettez de boucler notre budget et de :</p><p>nous déplacer sur place (nous privilégions le bus autant que possible, moyen de transport immersif et bon marché par excellence)</p><p>produire des contenus top niveau (matériel audiovisuel)</p><p>communiquer (coûts du site Internet, dépenses de télécommunications durant le voyage) </p><p>et enfin nous protéger des éventuels imprévus (assurances, matériel de santé, vaccins)</p><p>Nous sommes une association d’intérêt général créée en 2016. Notre objectif est de devenir le porte-voix de la ville organique : productive, verte et vivante. Nous souhaitons agir à la fois comme caisse de résonance (valorisation des initiatives pionnières de la ville organique) et mobilisateur (événements à destination des citoyens mais aussi des entreprises, collectivités...).\n </p><p>En 3 hashtags : #editorial #contenus #société</p><p>Parcours académique : Bachelor/BA European Business Administration @ University of Portsmouth; Master 2/MSc International Events Management @ EM Normandie</p><p>Parcours pro : chargée des contenus @ Havas Events</p><p>Inspirations : des étés à grimper aux arbres, une maman super cuisinière, la Normandie, mais aussi Pierre Rabhi ! </p>','https://img.ulule.com/display/49eb9a38efb49e4c4ff80e31a3526d6426737f90/thumbnail/640x360/presales/1/2/4/44421/entetevdef.Ld6fAujFOLWv.png?upscale=1','2016-12-19','2017-02-12',7000,NULL,875),(243,262,'La Tête dans les Nuages','Suis ton Coeur que ton Visage Brille durant le reste de ta Vie !','<p>Au delà du coût, beaucoup n\'osent pas. Une appréhension, une crainte, la peur, les préjugés liés à ce sport... Les raisons sont multiples. Je pars tourner un documentaire en trois langues entre la France, l\'Argentine (Buenos Aires), les États-unis (Seattle et New York) et d\'autres pays.</p><p>\"Ce Ulule est une nvitation à participer à la réalisation d’un documentaire sur le parachutisme.</p><p>Ce Ulule est une nvitation à participer à la réalisation d’un documentaire sur le parachutisme.</p><p>Vous vous êtes toujours demander ce que c’était de sauter en parachute, cette sensation de chute libre juste avant de planer. Est-ce que c’est dangereux ? Y-a-t-il beaucoup d’accident ? Est-ce réservé à l’armée française ? Aux militaires en général…</p><p>J\'avais aussi toutes ces questions en tête, des envies d’évasion, de plein air. Je suis du genre à me balader sur Internet et me nourrir d’images de parachutisme, les sauts les plus hauts du monde, la VR, les exploits face aux GoPro, les sauts d’hélicoptère, soit dit en passant, c’est vrai que c’est plus fun que l’avion. Bref c’est surtout une envie folle de sauter seul qui m\'obsédait, le tandem ce n’est pas pour moi.</p><p>Je ne vous parle pas de sauter sans parachute, des balades touristiques à Dubaï ou encore du film Baby Sitting 2 mais bel et bien de se jeter la tête dans le vide et tout oublier.</p><p>Si vous êtes du genr eà soutenir un gars un peu fou mais qui veut partager sa passion avec vous, moi qui ai débuté le saut en parachute à Arcachon sur un coup de tête, donnez moi de la force. Les dons les plus minimes feront avancer ce projet et le partage aussi. N\'hésitez pas à en parler à un maximum de monde autour de vous svp.\"</p><p>Si vous êtes du genr eà soutenir un gars un peu fou mais qui veut partager sa passion avec vous, moi qui ai débuté le saut en parachute à Arcachon sur un coup de tête, donnez moi de la force. Les dons les plus minimes feront avancer ce projet et le partage aussi. N\'hésitez pas à en parler à un maximum de monde autour de vous svp</p><p>Depuis que je me suis mis au parachutisme, ma vie, mon état d’esprit, tout a changé en moi. Le pire dans tout ça, c’est que même mes proches me le disent, \"Nanfray*, t’as l’air plus épanoui qu’avant\".</p><p>Cette phrase a raisonnée un jour et c’est à ce moment que j’ai pris la décision de partager ma passion mais surtout de vous entraîner avec moi.</p><p>*Nanfray : Mon prénom, il vient de Guinée Conakry. C\'est un porte bonheur qui signifie \"Homme Libre\"</p><p>Ne vous arrêtez pas sur le prix, sincèrement. Comparé à la dose de bien être que la chute libre vous procure, vous vous rendrez compte qu’un saut en parachute ce n’est pas cher. Ce n’est pas pour rien que Groupon est les autres sites cartonnent sur ce genre de prestations et offrent des coffrets \"saut en parachute\" à tour de bras.</p><p>Vous n’êtes pas forcé, comme le fou que je suis, de commencer par passer votre PAC et obtenir votre brevet A. Commencer par un tandem est aussi une belle approche. vous prendrez autant de G et pour certains plus de plaisir.</p><p>Vous vous demandez à quel âge vous pouvez sauter en parachute, ce documentaire y répond. Vous voulez vous faire un avis \"objectif\", ce documentaire vous aidera. Apprendre à sauter en parachute n’est pas si compliqué, encore une fois, vous le verrez dans ce documentaire.</p><p>Comment ça se passe de sauter en parachute ? Quel est le tarif ? Puis-je sauter d’un hélicoptère dès le début ? Est-ce une bonne idée d’offrir un saut en parachute ou un bon cadeau à quelqu’un qui ne s’y attend pas ? Je vous l’expliquerai aussi.</p><p>Sortez-vous de la tête les sauts à Dubaï, je vous montrerez que nous avons un magnifique pays avec des région à rendre jaloux le monde entier. Que ce soit en Aquitaine avec Bordeaux, Arcachon, La Teste… ou encore dans le Nord, la région PACA, en Normandie, en île de France, Lyon, Paris, Grenoble, l’Alsace… Bref, vous m’avez compris.</p><p>Le tournage débute le 8 février à Buenos Aires, période pendant laquelle je serai immergé au sein d\'une Drop Zone argentine. En compagnie de membres de la fédération argentine de parachutisme, j\'aurai la chance d\'interviewer des champions de plusieurs disciplines aussi bien hommes que femmes. Par la suite, je rejoindrai les Etats-Unis, où je rencontrerai des pratiquants sur des Drop Zones mais aussi des gérant de \"Skydive Indoor\". Le gros du reportage sera fait à mon retour en France, à partir du 15 mars, en compagnie de champions du monde et autres personnalités du parachutisme.</p><p>fédération argentine de parachutisme</p><p>Le rendu final devrait durer entre 30 et 50 minutes. Je suis encore en attente de validation de diffusion mais une projection en cinéma est prévue à Bordeaux et Paris, reste juste à trouver une date de programmation.</p><p>Je me donne comme mission à travers ce documentaire, de rassurer les gens à ce sujet.</p><p>J\'ai reçu beaucoup de soutiens de la part de mes proches mais aussi d\'inconnus. Un mouvement à même été créé, le \"Look Up Challenge\". Vous aussi partagez une photo de vous regardant vers le ciel avec les hashtags #lookupchallenge et #latetedanslesnuages suivis du lien bit.ly/para_me</p><p>A très vite, la tête dans les nuages</p><p>Pour être transparent, les frais relatifs à ce voyage sont mes fonds propres. L\'argent récolté me permettra en majeure partie d\'acquérir le matériel qui me manque afin de réaliser le documentaire que j\'ai en tête et que je souhaite offrir à un large public.</p><p>Voici en majeure partie, ce dans quoi j\'ai déjà investi pour réaliser ce documentaire :</p><p>- Image : Sony A7s2 - 4000€ / Canon EF 85mm - 2000€ / Zeiss 55mm - 1000€ / DJI Osmo+ Pack Sport - 1000€ / DJI Phantom 4 - 1800€ / Atomos Ninja Flame - 1600€</p>','https://img.ulule.com/display/82619b18306e42bfdf516836ddfc51682f2c69b4/thumbnail/640x360/presales/7/0/6/45607/parachute-1416417.AVGKpHxPr5oF.jpg?upscale=1','2016-12-14','2017-02-18',2500,NULL,1739),(245,264,'CHARLEEN • 1er EP','Participez au financement du 1er EP de Charleen','<p>Je suis une jeune auteure, compositrice et interprète lyonnaise.</p><p>Devenir musicienne n\'était pas un rêve d\'enfant. C\'est tardivement, et de manière tout à fait autodidacte, que je me suis mise à la guitare, à l\'âge de 17 ans. Timide, peu sûre de moi ni de ma voix, un certain temps s\'est écoulé entre le moment où les premières notes qui résonnaient au bout de mes doigts ne finissent par trouver un écho auprès de mes cordes vocales. </p><p>Le moment était venu de mettre en musique les pages noircies des trop nombreux cahiers étalés sur mon bureau. Mon projet musical démarrait.</p><p>Quittant la Savoie où j\'ai grandi pour étudier à Lyon, j\'ai découvert l\'excitation à l\'idée de mon premier concert, mêlée à la peur de décevoir. En 2011, mes premiers pas sur scène m\'ont permis de franchir une nouvelle étape, moins d\'un an après avoir commencé à explorer les frettes d\'un manche de guitare.</p><p>En 2012, j\'ai intégré le NinkaTour, une mini-tournée acoustique organisée dans les différentes enseignes du Ninkasi à Lyon. Le principe : 4 artistes, une dizaine de concerts & un appel aux votes sur Internet.\nGrâce à la mobilisation d\'un public de plus en plus nombreux à me soutenir, j\'ai remporté ce concours me permettant ainsi  de monter sur la scène du Ninkasi Kafé devant près de 200 personnes ; l\'occasion pour moi de terminer cette aventure Ninkasi sur une belle note.</p><p>• Une collaboration avec Indochine •</p><p>Certains d\'entre vous ont déjà pu m\'entendre sur le dernier album d\'Indochine : Black City Parade, où ma voix a eu la chance d\'exister sur quelques chansons. J\'ai également pu apparaître sur les écrans lors de la tournée.</p><p>C\'est un projet beaucoup plus personnel que je défends : depuis le départ, j\'écrivais mes textes en anglais car je me sentais plus proche de mes influences britanniques. Pourtant, depuis 2016, je me suis laissée convaincre d\'abandonner la facilité de l\'anglais pour rejoindre la complexité du français. De nouvelles chansons ont vu le jour, s\'accordant à des sujets plus intimes. Aujourd\'hui, je constate que mon projet a assez muri, et qu\'il est désormais temps d\'enregistrer 4 titres afin de les partager en-dehors des cafés-concerts où ils résonnent actuellement.</p><p>Je souhaite que cet EP vous accompagne dans un petit moment de votre vie, de la même façon qu\'il m\'accompagne au quotidien.</p><p>Ce projet de financement participatif concerne la réalisation de mon premier EP, de son enregistrement jusqu\'à son pressage.</p><p>l’enregistrement, le mixage et le mastering : 2000 €</p><p>le pressage en 500 exemplaires + frais SDRM : 700 € </p><p>la rémunération des musiciens : 200 €</p><p>la réalisation de la pochette : 100 €</p><p>De mon côté, je participe au financement :</p><p>Si le financement dépasse la somme espérée, je pourrais prévoir un jour supplémentaire en studio afin de parfaire ce travail, et le pressage de nouveaux exemplaires pourra être envisagé.</p><p>Si le financement atteint la somme prévue, début mars, c\'est au studio Mikrokosm (périphérie lyonnaise) que 4 titres seront enregistrés, mixés et masterisés, confiant ainsi mes sonorités à Jérémie Nicolas (Diva Faune, Outshape, Black Paws, Oakman, etc...).</p><p>Je serais également entourée de :</p><p>Mathieu Hellot (Outshape), qui donnera le rythme</p><p>Jérémie Canet, le sublimateur de mes chansons, l\'arrangeur de cet EP et musicien</p><p>N\'hésitez pas à me suivre sur les réseaux sociaux (je réponds souvent et parfois je fais des blagues).</p><p>SITE INTERNET • FACEBOOK • TWITTER • INSTAGRAM • SOUNDCLOUD</p><p>Crédit photo : Stéphane Valotteau.</p>','https://img.ulule.com/display/3dce4a96028dfbcdc6d7e13c62db5d6ac6845240/thumbnail/640x360/presales/9/2/7/45729/img_9767v2.fdwM9Pv7SFHS.jpg?upscale=1','2016-12-12','2017-02-06',3000,NULL,785),(246,265,'L\'Oiseau du Dimanche - Phonz','Enregistrement de leur premier album EP','<p>Alexandre Leclerc (comédien, Les Enfants de Cabot) travaille depuis près d’un an à la composition de chansons intimistes, enracinées au cœur de ses souvenirs d’enfance, de ses travers et du papa qu’il est devenu tout récemment.  </p><p>Accompagné de Joëlle Roy, ils créent ensemble Phonz. </p><p>Ensemble, ils ont fait quelques vidéos et spectacles et souhaitent maintenant sortir leur premier EP, L\'Oiseau du Dimanche.</p><p>Les fonds amassés serviront à :</p><p>- louer un studio et tous les équipements nécessaires à l\'enregistrement</p><p>- rétribuer les musiciens invités</p><p>- faire le mixage et mastering </p><p>- faire la duplication du cd ou vinyle et des clés USB</p><p>- payer les cotisations et les frais de mise en ligne</p><p>\" Mon grand-papa paternel, Alphonse, a un fils : Ti-Phonse. Il a gardé ce surnom pendant l’adolescence. Phonz. Avec la venue de ma fille, j’ai eu envie d’un projet intimiste profondément ancré dans mes racines familiales. Le passé, le présent et le futur. Une poésie simple et touchante composée dans un premier temps au piano.</p><p>Je me suis plongé dans mon enfance, dans mes travers et dans l’homme-papa que je suis devenu. Accompagné de la talentueuse Joëlle Roy, les premières chansons se pointent le bout du nez. Nous partageons ce besoin de créer des petites bulles musicales qui je le souhaite viendront chatouiller et/ou graffigner l’âme des auditeurs. \"</p><p>https://www.youtube.com/playlist?list=PLrc3Izdx9l_2TnToWW4v-vXj_4-sv4EeT</p>','https://img.ulule.com/display/f1be11d728c98ba610085987543a42017b097ae0/thumbnail/640x360/presales/4/0/7/45704/14207820_515140235349161_6706716110660279214_ovm.yvSb4Alf0KgA.jpg?upscale=1','2016-12-11','2017-03-04',2500,NULL,844),(247,266,'KOKORO lingua - Mon prof d\'anglais a 6 ans !','Découverte intuitive des langues étrangères pour enfants','<p>J\'apprends sa langue en jouant avec lui et en partageant ses émotions.</p><p>Avec KOKORO lingua, l\'apprentissage de l\'anglais en ligne, pour les 3/7 ans, bouleverse les codes. </p><p>Parlent rapidement une nouvelle langue : en 18 mois !</p><p>Portent haut leur potentiel, en développant intuition et confiance en soi !</p><p>Partagent leur plaisir : un abonnement est offert à une famille en difficulté pour tout abonnement acheté !</p><p>Les fonds récoltés serviront à la réalisation de vidéos pédagogiques, disponibles en abonnement en ligne, dès la rentrée 2017, pour toutes les familles et les écoles francophones.\n </p><p>Les fonds récoltés serviront à la réalisation de vidéos pédagogiques, disponibles en abonnement en ligne, dès la rentrée 2017, pour toutes les familles et les écoles francophones.</p><p>Dès la prochaine rentrée, nos enfants pourront avoir accès à une pédagogie positive et efficace, qui accompagne leur développement et leur autonomie.\n </p><p> pédagogie positive et efficace</p><p>En soutenant, KOKORO lingua, vous défendez aussi un projet innovant, en misant sur :</p><p>Une éducation à l\'universalité, pour un monde riche d\'échanges et de collaboration</p><p>Une éducation joyeuse, des enfants confiants, créatifs, libres d\'exprimer leur potentialités, pour un monde riche d\'initiatives et de renouvellement</p><p>Une éducation partagée, pour un monde solidaire.</p><p>Dès 5 euros, minimum Ulule, vous rendez une  nouvelle offre pédagogique possible !</p><p>Inspirée des dernières recherches en neurosciences, testée par plus de 250 enfants en France, en Suisse et au-delà...KOKORO lingua développe des outils qui les aident à grandir, en ouvrant les portes de leur univers, en les connectant au monde.</p><p> neurosciences, testée par plus de 250 enfants </p><p>Les enfants de 3 à 7 ans découvrent l’anglais</p><p>via des vidéos hebdomadaires de 10 minutes, avec d\'autres enfants de leur âge ;</p><p>vidéos hebdomadaires de 10 minutes</p><p>des jeux de mains, de pieds, avec le sable, l\'eau... ;</p><p>des chansons, des petits entraînements à la maison, en préparant le repas, en voiture... ;</p><p>des rituels simples pour favoriser la concentration, la sérénité...</p><p>favoriser la concentration, la sérénité</p><p>en mettant l’accent sur les émotions positives et enrichissantes : joie, plaisir, bien-être ;</p><p>en s\'ouvrant à soi-même, aux autres, à leur environnement, à l\'importance de l\'eau, de la diversité naturelle, des cycles du vivant...</p><p>L\'enfance, dans sa relation instinctive à la nature et aux autres, est au cœur de cette nouvelle méthode.</p><p>                                                                                    Notre objectif                                            </p><p>Au travers d\'une offre parfaitement adaptée</p><p>Pour chaque abonnement vendu, un abonnement offert à une famille ou une école en difficulté (ici comme ailleurs), car à l\'origine du projet, et tout au long de sa réalisation, il y a le partage !</p><p>offert à une famille ou une école en difficulté</p><p>Ces vidéos seront tournées et réalisées en Suisse et feront apparaître des enfants comédiens, tous natifs de la langue.    </p><p>En 2017, nous commencerons par l\'apprentissage de l’anglais.</p><p>L’association BIG BANG Generation située à Neuchâtel en Suisse a pour mission de promouvoir et diffuser un idéal d’universalité via l’éducation et la promotion des langues ainsi que la création, le développement et la diffusion de projets éducatifs.</p><p>> La page Facebook du projet : https://www.facebook.com/kokorolingua/?fref=ts</p><p>https://www.facebook.com/kokorolingua/?fref=ts</p>','https://img.ulule.com/display/44c9d76894b5672b58f3e078925dfdbeea6c29a6/thumbnail/640x360/presales/0/6/8/44860/kl-ulule-640x360-illustrations-v4.6KMVsGGRogxB.png?upscale=1','2016-12-05','2017-02-18',15000,NULL,4751),(248,267,'LE PANIER DU PERCHE','Des produits locaux à la portée de tous','<p>Beaumont les Autels, petite commune du Perche de 500 habitants. </p><p>Il y a quelques mois, nous avions la chance d\'avoir plusieurs commerces et services: une petite école, une boulangerie, une boucherie, un bar tabac, une épicerie, un salon de coiffure et un médecin.</p><p>C\'est la seule commune, dans un rayon de 10 km, à disposer d\'autant de services contrairement aux communes limitrophes où il n\'y a plus rien. Mais la fermeture de la boucherie cause des difficultés quotidiennes aux habitants, dont de nombreuses personnes âgées et met en danger les autres commerces.</p><p>Maintenant, l\'épicerie est en vente! </p><p>                                     </p><p>C\'est alors que nous est venu l\'idée suivante: reprendre l\'épicerie et développer un vrai commerce de proximité en travaillant principalement avec des producteurs locaux.</p><p> reprendre l\'épicerie et développer un vrai commerce de proximité</p><p>en travaillant principalement avec des</p><p>Effectuant des recherches, nous nous sommes rendues compte que les produits du Perche étaient bien plus nombreux que l\'on ne pensait. Evidemment, comme dans toutes les régions agricoles, nous avons trouvé des producteurs de viandes, de fruits et légumes et de produits laitiers mais pas seulement!!! Il y a également de la bière, des sodas, du miel, des chips, des pâtes, de l\'huile, du cidre..... mais aussi des produits cosmétiques comme du savon et de la mousse à raser au lait de chèvre......</p><p>Le Perche regorge de ressources de qualité!</p><p>                                  </p><p>Nous souhaitons regrouper tous ces produits dans notre petite épicerie et les ajouter à ceux de première nécessité. Nous travaillerons directement avec les producteurs, tous situés à moins de 50km, et calculerons les prix au plus juste puisque nous n\'aurons pas d\'intermédiaire et peu de frais de transport. Nous proposerons également un service de relais pressing et un de relais colis et poursuivrons ceux de dépôt de pain et de journaux déjà existants.</p><p>Nous livrerons les clients qui le souhaitent, notamment les personnes âgées. </p><p>Le lieu offre de nombreuses possibilités: nous voulons développer et créer un lien social autour de ce projet en commençant par cultiver, dans le jardin de 500m2, un potager pédagogique destiné aux écoliers des communes alentours, potager que nous pourrons ouvrir à un public plus large si la production le permet.</p><p>développer et créer un lien social</p><p>L\'enjeu est d\'une part de faire découvrir d\'où vient une partie de notre alimentation, sans prétention au niveau de la diversité ou de la quantité des légumes, et d\'autre part de favoriser un moment d\'échange intergénérationnel. En effet, nous avons la chance de connaître plusieurs personnes de grande expérience, passionnées par la culture de leur potager personnel depuis plusieurs années, voir des dizaines d\'années et nous savons qu\'elles seraient heureuses de partager leurs connaissances avec les enfants. </p><p>Nous travaillons sur ce projet depuis 5 mois et notre dossier est déjà très avancé.</p><p>Actuellement, nous nous battons corps et âmes pour monter le financement de ce projet. Plusieurs dossiers de subventions sont en cours et nous avons déjà rencontré plusieurs organismes bancaires. Hélas, nous rencontrons de grandes difficultés. Tous nos interlocuteurs trouvent le projet formidable et \"dans l\'ère du temps\" mais pour le moment, les deux réponses que nous avons sont négatives faute d\'apport assez conséquent.</p><p>Pourtant, nous avons le soutient écrit de notre municipalité et son engagement pour l\'achat de denrées.</p><p>Nous refusons de baisser les bras si près du but!!!</p><p>Ces 3000 euros vont permettre de compléter notre apport financier et par conséquent de diminuer notre demande de financement. </p><p>Nous pourrons acheter, sans emprunter:</p><p>-une chambre froide pour la conservation des produits frais: 1000€</p><p>-une glacière professionnelle pour nous permettre de faire les livraisons sans acheter un nouveau véhicule réfrigéré: 300€</p><p>-une partie du mobilier de la boutique afin de donner tout de suite l\'état d\'esprit du magasin: 1700€</p><p>-une partie du mobilier de la boutique </p><p>Et si la collecte est supérieure, cela permettra d\'autres investissements comme par exemple, l\'achat d\'un distributeur de produits en vrac (riz, pâtes, légumes secs, céréales.....) et l\'achat de casiers autonomes qui permettront à nos clients de récupérer leurs courses 24h/24.</p><p>Nous avons choisi Ulule pour compléter notre plan de financement parce que c\'est une plateforme participative et solidaire. Libre à chacun de nous aider, même de façon symbolique si notre projet vous parle et que vous y croyez. Pour avoir vu naître plusieurs projets grâce à Ulule et en avoir soutenu certains, nous sommes convaincues qu\'un élan de solidarité peut débloquer une situation et donner vie à notre magasin tant attendu par tous les habitants de nos communes. </p><p>Les contreparties sont plutôt symboliques, mais l\'important pour nous est de pouvoir remercier comme il se doit chaque personne qui aura mis sa pierre à l\'édifice et aura cru en nous. </p><p>Nous sommes 2 jeunes mères de famille impliquées dans la vie de ce village.</p><p>Hélène est originaire de Miermaigne (petit village jouxtant Beaumont les Autels), a fait sa scolarité à l\'école de Beaumont les Autels et après avoir vécu plusieurs années à Orléans, est revenue dans son Perche natal.</p><p>Stéphanie est arrivée par hasard avec sa famille il y a 4 ans lorsqu\'elle cherchait à quitter la région parisienne afin d\'améliorer la qualité de vie de sa famille. Elle et son mari ont eu un réel coup de foudre pour ce village et la région.</p>','https://img.ulule.com/display/ecd99dc07304fb56b239fd84b0e62583864139bb/thumbnail/640x360/presales/3/8/3/45383/image-principale-ulule.ojnYjDxqBT6Z.png?upscale=1','2016-12-10','2017-03-03',3000,NULL,2755),(249,268,'OLOJi - Nouvel Album \"Osni\"','World Fusion','<p>Bonjour à toutes et à tous !\nAprès la sortie de notre premier EP \"Orion\" en 2015, nous nous sommes produits dans un bon nombres de lieux et de festivals avec OLOJi.\nPour vous faire partager notre musique, nous avons réalisé quelques vidéos à visionner sur notre page YouTube.\nMaintenant nous souhaitons enregistrer nos morceaux afin que vous puissiez les écouter confortablement chez vous.\nNous venons d\'enregistrer fin octobre l\'album \"Osni\", coupé du monde, en immersion, au sein du Collectif du Brandonné. Nous sommes impatients de vous le faire découvrir.\nNous sommes en plein préparatifs pour la suite : mixage, mastering, démarchage...Mais pour cela nous avons besoin de VOUS ! :)\n </p><p>Mais pour cela nous avons besoin de VOUS ! :)</p><p>Enregistrement & Mixage par Alexandre Chaigne</p><p>Musiciens invités + journée de studio supplémentaire</p><p>Mastering par Pierre Luzy au Studio \"Music Unit\"</p><p>Site Internet réalisé par Olivier Jung</p><p>Attachée de presse pour la sortie de l\'album</p><p>En échange nous vous proposons quelques contreparties...</p><p>Une musique innovante qui trouve son origine dans le jazz, les traditions asiatiques, orientales, africaines et aborigènes.</p><p>Laurent Sureau : hang, handpans, zagdrum, batterie et octopad\nJulien Coste : flûtes (bansuri et hulusi), guimbarde et handpan\nOthello Ravez : didgeridoo, guimbarde, sanza et voix\nAlexandre Chaigne : programmation, ingénieur du son</p><p>Sur les traces de Wadhom, Hadouk Trio, Portico Quartet et Anouar Brahem.OLOJi s\'est produit :\nFestival Le Rêve de l’Aborigène - Airvault (79), Festival Tribal Elek - Genouillé (17), Théâtre La Ruche - Nantes (44), Festival l’Arbre qui Marche - Botmeur (29), Trompe Souris Café – Luzay (79), Théâtre El Duende – Ivry sur Seine (94), Kibélé – (75), Festival Trouver Sonnette à son pied - Poitiers (86), Festival Percufolies (37), Diff’Art (79), Carré Bleu (86), Sunset (75), Rituel – Beyond the Doors (75), Didg To Didg (86), Le Champ Commun (56), HandPan Festival (34).\n </p><p>Site InternetFacebookTwitterYouTubeSoundcloudBandcamp\n </p>','https://img.ulule.com/display/6983668221f8c2cc0b9e012b4cea7c0e2314389b/thumbnail/640x360/presales/7/4/2/42247/13528124_909033779206152_982254710662239102_o.s1QTJZSROBdk.jpg?upscale=1','2016-12-13','2017-02-22',5000,NULL,3306),(250,269,'RAHRE','*Lancement de notre marque avec nos trois pièces phares*','<p>RAHRE est une jeune marque de créateur de prêt-à-porter en modèle exclusif (pour femme et pour homme) et de robes de mariée sur mesure. Chacune des pièces RAHRE est unique et confectionnée de façon artisanale à partir de matières saines et naturelles pour un retour à la \"Slow Fashion\" de qualité.</p><p>RAHRE c\'est du 100% Made in France, du 100% fait main, 100% sain, 100% en ligne et du 100% unique !</p><p>Cet ensemble  baptisé \"Océane\" est composé d\'un crop top à manches longues et d\'un pantalon taille haute à poches pour un look hyper chic et confortable que l\'on peut porter à toutes les saisons.</p><p>Un autre de nos looks pour femme : l\'ensemble \"Glitters\" avec son top court à manches courtes et col montant et son pantalon taille haute à poches. Les pièces de cet ensemble peuvent être dissociées et donc portées séparément.</p><p>Ici, on compose des looks propres à chacun avec le manteau \"Breakfast\" sans manches et réversible et la robe pull \"Purple\" et le manteau \"Green Tea\" sans manches et réversible également, la jupe \"Taille Crayon\" et le pull \"Chantilly\". </p><p>Des étiquettes posées à la main.</p><p>Des tissus et des formes confortables.  </p><p>Des pièces durables et réversibles. </p>','https://img.ulule.com/display/4854df289a608ec5ebdc59d4ce3f79f14638c173/thumbnail/640x360/presales/6/0/9/44906/mariellegris3600400.oBeiJXHAIkzK.jpg?upscale=1','2016-12-07','2017-02-19',5000,NULL,1845),(251,270,'PATE DE FRUIT énergie longue durée','Soutenez une démarche d\'innovation','<p>SOUTENEZ l’approche  d’une diététique sportive  HAUT DE GAMME </p><p>SOUTENEZ l’approche  d’une diététique sportive  HAUT DE GAMME</p><p>Aujourd\'hui Alain Roche et la petite équipe développant les produits énergétiques BIO  sous la marque ENDUR\'ACTIV ,   innove  une nouvelle fois avec la création d\'une pâte de fruit  énergie longue durée</p><p>pâte de fruit  énergie longue durée</p><p>Ce NOUVEAU PRODUIT ENERGETIQUE HAUT DE GAMME , 100% BIO dans sa composition, a été  spécifiquement étudié pour répondre aux besoins des sportifs  sur des efforts intenses  de longue durée.</p><p>ENDUR’ACTIV  : l\'expertise des besoins des  sports d\'endurance  au service de la nutrition </p><p>Comme l\'ensemble des produits de la gamme ENDUR\'ACTIV, la formulation unique de cette pâte de fruit  énergie longue durée  est issue d\'une longue  réflexion et d\'une recherche permanente des vrais besoins d\'un sportif soutenant  un effort de longue durée intense .</p><p>Sa  composition unique, est issue d\'un travail d\'équipe avec des  ingénieurs en agroalimentaire passionnés,  collaborant  avec  des fabricants français ,  choisi pour leur  travail de grande qualité , sur des  petites productions , tous  parfaitement  respectueux de  la qualité  BIO .</p><p>Les qualités de cette pâte de fruits énergie longue durée sont une réponse aux besoins d\'un sportif pratiquant un effort intense de longue durée (cyclosportif, marathonien , skieur de fond ou alpiniste, traileur, alpiniste ....)</p><p>ENDUR’ACTIV : une gamme 100% BIO</p><p>Tous les produits développés par l\'entreprise familiale ENDUR\'ACTIV sont certifiés BIO .  Cette pâte de fruits énergie longue durée  ne contient aucun colorant, aucun conservateur.</p><p>pâte de fruits énergie longue durée </p><p>aucun colorant, aucun conservateur</p><p>Notre volonté est de vous assurer la recherche  des meilleurs  ingrédients naturels BIO , capables  de répondre   aux besoins nutritionnels dans les sports d\'endurance .</p><p>ENDUR\'ACTIV :  UNE  DEMARCHE D’INNOVATION</p><p>L\'élaboration de la formulation de cette pâte de fruits  énergie longue durée s\'appuie sur les toutes dernières  données scientifiques en matière de diététique  de l\'effort.</p><p>pâte de fruits  énergie longue durée </p><p>Tous les sucres apportés dans cette pâte de fruits sont naturels , non raffinés,  et tous choisis pour leur  index glycémique bas  afin d\'éviter les pics de glycémie susceptibles de conduires à des hypoglycémie redoutables . </p><p>ENDUR\'ACTIV : des produits testés et validés par des sportifs de tous niveaux </p><p>La recette de cette pâte de fruits énergie longue durée comme l\'ensemble des produits ENDUR\'ACTIV a subi  pendant plusieurs  mois des tests effectués par de nombreux athètes  (du sportif amateur à l\'Elite) avant de recevoir la validation finale .</p><p>Un financement à hauteur de 12000 € nous permettrait de lancer la phase de commercialisation  de cette pâte de fruits 100% innovante .</p><p>A ce jour en dehors d\'une boutique en ligne  ENDUR’ACTIV s\'appuie sur un réseau de plus de 60 magasins qui nous ont fait  confiance, et  chaque semaine de nouveaux magasins nous contactent pour entrer  la gamme ENDUR\'ACTIV </p><p>l\'achat du premier stock des matières premières </p><p>le financement de la certification BIO ECOCERT</p><p>la prise en charge des frais d\'infographie de l\'emballage des pâtes de fruits  </p><p>contribuer aux  besoins de fond de roulement pour l\'approvisonnement du réseaux des magasins distributeurs </p><p>Alain ROCHE ,  porteur de projet</p><p>Alain ROCHE est le Team Manager d’une Académy regroupant plus de 80 athlètes de tous niveaux  , tous pratiquant  un sport d\'endurance (Trail, ultra trail,course longue distance sur route, marathon, VTT, triathlon, roller longue distance )  .  </p><p>Parmi ces athlètes certains réalisent des performances de tout premier plan international  (ULTRA TRAIL, roller , course de montagne  notamment) </p><p>Auteur de très nombreux articles en lien à la problématique de la nutrition sportive dans les sports d\'endurance,  Alain ROCHE s’appuie sur ses nombreux travaux de recherche en matière de nutrition sportive .</p><p>Ces publications   sont disponibles sur le site de www.diet-sport-energy.com et  sur la page facebook ENDUR’ACTIV .</p><p>Très présent sur les réseaux sociaux et les groupes d’échanges , Alain Roche débat régulièrement avec les membres de Facebook , notamment le groupe FACEBOOK  « entrainement sports d’endurance »</p><p>« entrainement sports d’endurance »</p>','https://img.ulule.com/display/e742acaf12d2835d872b757fb052a4761ba45bde/thumbnail/640x360/presales/8/8/1/44188/image-principale-1001.5XIRKLkjxcfJ.jpeg?upscale=1','2016-12-19','2017-02-04',12000,NULL,9274),(252,271,'Plum\'s World Tour','Accompagnez nous à la rencontre du monde !','<p>Nous partons en voyage autour du monde pendant 2 ans,\ntraverserons le continent Américain du Nord au Sud et l’Asie d’Est en Ouest... avec nos deux fils de 3 et 1 an, dans notre super 4x4 équipé pour toute la famille ! Nous avons souhaité donner davantage de sens à notre quête de sensations intenses et de rencontres riches en intégrant des étapes clefs (Mexico, Lima, Kung Wiman, Katmandou et Bangalore) et ainsi soutenir des sujets qui nous tiennent à cœur. Ces 5 engagements ne s’opposent pas à des actions ponctuelles et improvisées qui viendraient compléter cette ambitieuse programmation. Nous n’avons pas vocation à changer le monde, mais simplement vivre pleinement et partager avec la vie....</p><p>Nous partons en voyage autour du monde pendant 2 ans,\ntraverserons le continent Américain du Nord au Sud et l’Asie d’Est en Ouest... </p><p>Nous avons souhaité donner davantage de sens à notre quête de sensations intenses et de rencontres riches en intégrant des étapes clefs</p><p>Nous n’avons pas vocation à changer le monde, mais simplement vivre pleinement et partager avec la vie....</p><p>Cette étape de notre voyage se fera au Népal, dans l’assistance au peuple népalais récemment touché par d’importants séismes. Le pays étant situé à la jonction entre 2 plaques sismiques, les népalais ont malheureusement déjà subis plusieurs tragédies (1934 et 1988) avant d’être frappés coup sur coup le 25 avril 2015 et encore une fois seulement 3 semaines plus tard. Le bilan fut très lourd avec 9000 victimes et il y a encore à ce jour de nombreux népalais démunis d’un toit en dur, de vivres, d’accès à l’eau potable....</p><p>l’assistance au peuple népalais récemment touché par d’importants séismes.</p><p>Nous accompagnerons, en partenariat avec les associations Hamroghar et Hublo Nepal, la reconstruction d’un bâtiment collaboratif (hors d’eau/hors d’air, avec cusine, sanitaires et chauffage) dédié aux activités communautaires des habitants d’un quartier de Katmandou, où de nombreuses familles vivent sous des abris de fortune depuis déjà plusieurs mois. Le Népal va probablement encore être touché dans les prochaines décennies, nous serons donc vigilants au respect des règles de construction anti-sismique afin d’offrir un abris digne et pérenne.</p><p>Nous accompagnerons, en partenariat avec les associations Hamroghar et Hublo Nepal, la reconstruction d’un bâtiment collaboratif (hors d’eau/hors d’air, avec cusine, sanitaires et chauffage) dédié aux activités communautaires des habitants d’un quartier de Katmandou,</p><p>Nous sommes passionnés par nos enfants et la protection de l’enfance est une cause à laquelle nous sommes sensibles. Donner une chance à tous nous semble primordial, tous les enfants devraient pouvoir  avoir les moyens de réaliser leurs rêves.</p><p>Cette étape se fera dans la favela de Zapallal à Lima au Pérou où Mi Otro Mundo école privée, créée par 3 professeures péruviennes et un français, organise des activités académiques, culturelles, sociales et sportives, dans un contexte sain et équilibré, tout en préservant un bon niveau de formation des enseignants. En effet, même si l’école est relativement accessible pour les enfants péruviens, ils pâtissent du manque de formation des enseignants. Mi Otro Mundo a donc créé sa propre école, accessible par tous, dans laquelle les programmes pédagogiques sont actualisés constamment et les infrastructures entretenues assidûment afin de permettre aux élèves d’être dans les meilleures conditions pour acquérir un bon niveau et ainsi limiter l’abandon prématuré des cursus scolaires.Nous y animerons des ateliers quotidiens (sport, arts plastiques...) en plus de soutenir la structure humainement et financièrement.</p><p> Mi Otro Mundo école privée, créée par 3 professeures péruviennes et un français, organise des activités académiques, culturelles, sociales et sportives, dans un contexte sain et équilibré, tout en préservant un bon niveau de formation des enseignants.</p><p>Nous y animerons des ateliers quotidiens</p><p>Budget : 5500 euros (transport compris)</p><p>9 millions de mexicains n’ont pas accès à l’eau potable, que ce soit à cause de la surconsommation des grands groupes industriels ou par manque de richesses pour préserver et entretenir les infrastructures existantes. Au Mexique le litre de Coca-Cola est moins cher que le litre d’eau en bouteille, la population mexicaine souffre énormément de ce manque, que ce soit au niveau sanitaire ou économique.</p><p>9 millions de mexicains n’ont pas accès à l’eau potable, </p><p>Cette étape de notre voyage, nous financerons l’installation d’un Safe Water Cube dans un bidonville de Mexico, invention géniale d’un Nantais permettant de potabiliser 1500m3 d’eau/jour mécaniquement, donc sans électricité ni produits chimiques. Les associations Agir Ensemble et Latir por Mexico sont les partenaires qui nous accompagneront dans cette opération.</p><p>potabiliser 1500m3 d’eau/jour mécaniquement, </p><p>Cette étape nous amènera vers la vie au sens large :Qui sommes-nous l’humain pour dompter systématiquement la faune et empoisonner la flore ?!</p><p>Qui sommes-nous l’humain pour dompter systématiquement la faune et empoisonner la flore ?!</p><p>Depuis près de 4000 ans l’Homme et l’Éléphant vivent ensemble.Les techniques de dressage ont malheureusement mené à la maltraitance et à la surexploitation de ces animaux pour divertir les touristes et/ou effectuer des travaux de déforestation.</p><p>Les techniques de dressage ont malheureusement mené à la maltraitance et à la surexploitation de ces animaux pour divertir les touristes et/ou effectuer des travaux de déforestation.</p>','https://img.ulule.com/display/e4001a9266595c435b1f777142d712e8b601f244/thumbnail/640x360/presales/1/6/9/44961/pwt.WN5k6jbffmRx.jpg?upscale=1','2016-12-06','2017-02-15',4000,NULL,505),(253,273,'All Rock TV','La WebTV Rock/Metal qui se partage !','<p>Nous sommes All Rock Station, Webradio crée en 2013 par Thomas CORDEREIX, qui en est le Président/Fondateur en exercice. Nous sommes un Collectif bénévole qui couvrons les Concerts, Festivals de musique Rock/Hard Rock & Metal, depuis 2015, nous couvrons occasionnellement des conventions ou événements Pop/Web Culture comme le Toulouse Game Show, le Paris Manga/SciFi Show, la Japan Expo ou encore l\'Animasia à Bordeaux.</p><p>Notre Projet est de créer \"All Rock TV\", la 1e WebTV en Direct dédiée à tout ce qui compose l\'Univers Rock/Metal en France et dans les Pays/Provinces Francophones (Belgique, Luxembourg, Suisse et Québec). Cette WebTV sera diffusée en Direct via la Plateforme Multimedia TWITCH. Au niveau de la Programmation, nous aurons des émissions \"Talk Show\" en Direct, des émissions Reportages sur l\'Univers du Tatouage, sur l\'Univers Geek, sur le Milieu Punk & Underground, et nous diffuserons aussi des programmes de médias/projets partenaires. Nous ferons aussi des Streams \"Gaming\" pour rester en adéquation avec la volonté de TWITCH, qui est une plateforme de Streaming Gaming à l\'origine. </p><p>Notre Projet est de créer \"All Rock TV\", la 1e WebTV en Direct dédiée à tout ce qui compose l\'Univers Rock/Metal en France et dans les Pays/Provinces Francophones (Belgique, Luxembourg, Suisse et Québec).</p><p>diffusée en Direct via la Plateforme Multimedia TWITCH</p><p>émissions \"Talk Show\" en Direct</p><p>émissions Reportages sur l\'Univers du Tatouage, sur l\'Univers Geek, sur le Milieu Punk & Underground</p><p>programmes de médias/projets partenaires</p><p>adéquation avec la volonté de TWITCH</p><p>Après la fin de diffusion de la chaîne \"L\'Enorme TV\" fin Décembre dernier, la Communauté Rock/Metal française et francophone n\'a plus de représentation réelle dans le milieu audiovisuel, et ce Projet a pour finalité de mettre en avant les différentes composantes de cette Communauté, qui participe, qui remplit des salles, qui remplit des Festivals (Hellfest 2016 : 152000 personnes), et qui contribue aussi à créer des événements culturels. </p><p>la Communauté Rock/Metal française et francophone n\'a plus de représentation réelle dans le milieu audiovisuel</p><p>Projet a pour finalité de mettre en avant les différentes composantes de cette Communauté</p><p>Nous souhaitons garder et mettre en avant cette Proximité entre Fans, Groupes, Medias Partenaires, et Promoteurs, l\'Union fait la Force !! La Musique est un Art, une Valeur de Partage, donc le Slogan \"La WebTV Rock/Metal qui se partage\" est le résumé de ce lien social et culturel que nous souhaitons faire perdurer et pérenniser aussi loin que possible, car sans ce Cercle \"Fans/Medias/Groupes\", la Communauté Rock/Metal ne serait pas solide !</p><p>garder et mettre en avant cette Proximité entre Fans, Groupes, Medias Partenaires, et Promoteurs, l\'Union fait la Force </p><p>La WebTV Rock/Metal qui se partage</p><p>résumé de ce lien social et culturel que nous souhaitons faire perdurer et pérenniser </p><p>Les 8000€ à atteindre nous permettront d\'acheter avant tout du Matériel Vidéo, Son et Informatique, car il faut du matériel performant (de base) pour pouvoir diffuser et vous proposer des émissions de qualité Professionnelle, qui n\'auront rien à envier au Milieu Télévisuel actuel !</p><p>acheter avant tout du Matériel Vidéo, Son et Informatique</p><p>proposer des émissions de qualité Professionnelle</p><p>rien à envier au Milieu Télévisuel actuel</p><p>Pour 8000€ voici ce que nous aurons : 5 Caméra GoPro Hero 5 + 5 Micro Cravate Audio-Technica + 2 PC Haute-Performance (4GHz niveau Processeur) + les logiciels Adobe Creative Cloud 2017, Logiciel de Streaming Xsplit pour les 2 PC = 5910€ ce qui nous laissera un budget de 2090€ pour une Communication de départ.\nCependant pour dynamiser tout cela, et faire en sorte que ce Crowdfunding soit un Succès pour nous, mais surtout pour VOUS, Fans, Groupes ou autres Acteurs de cette Communauté, voici de ce fait, le Tableau des Objectifs !! </p><p>Pour 8000€ voici ce que nous aurons : 5 Caméra GoPro Hero 5 + 5 Micro Cravate Audio-Technica + 2 PC Haute-Performance (4GHz niveau Processeur) + les logiciels Adobe Creative Cloud 2017, Logiciel de Streaming Xsplit pour les 2 PC = 5910€ ce qui nous laissera un budget de 2090€ pour une Communication de départ.</p><p> VOUS, Fans, Groupes ou autres Acteurs de cette Communauté</p><p>VOUS POUVEZ NOUS RETROUVER SUR CES RÉSEAUX SOCIAUX :</p><p>N.B : LE SITE ALLROCK.FR ainsi que la Chaîne Twitch sont en CONSTRUCTION, il sera lancé en même temps que la WebTV !! Donc pour visionner ce que nous faisons depuis Août 2016, merci d\'aller sur http://www.allrockstation.fr</p><p>VOICI QUELQUES EXEMPLES DE NOS INTERVIEWS VIDÉOS : </p><p>Voici les Liens de nos Réseaux Sociaux  principaux :\nFACEBOOK : https://www.facebook.com/AllRockMedia/\nTwitter : https://twitter.com/allrockstation\nSite Web : http://www.allrockstation.fr</p><p>Voici les Liens de nos Réseaux Sociaux  principaux :</p><p> https://www.facebook.com/AllRockMedia/</p><p>https://twitter.com/allrockstation</p>','https://img.ulule.com/display/972b89ac2956afe74ab4ec4e4a771b1073cc275d/thumbnail/640x360/presales/0/8/6/45680/15841318_1882439721969204_606752885_n-2.Ojz9DnWCBErS.jpg?upscale=1','2016-12-08','2017-02-09',8000,NULL,335),(254,274,'Aire de jeux à portée des enfants en fauteuil','pour des enfants fragilisés par une maladie ou un handicap','<p>Notre association est dédiée au soutien des enfants fragilisés par une maladie ou un handicap </p><p>et pris en charge dans un des centres de référence du grand quart Nord-est que sont les établissements de Flavigny sur Moselle.</p><p>Notre projet « Aire de jeux à portée des enfants en fauteuil » nous tient particulièrement à cœur.</p><p>Nous sommes partis du constat que les enfants, souvent en fauteuil roulant, sont en manque d’expérimentation des jeux qui plaisent tant aux enfants valides et leur permettent de nouvelles sensations, expériences physiques et ludiques.</p><p>Nous en sommes donc venus à l’idée de développer une aire de jeux sur le site, pouvant être accessible à tous les enfants, y compris en fauteuil</p><p>, en interaction avec tous les professionnels, qu’ils soient aides-soignants ou rééducateurs, mais aussi avec la volonté d’une ouverture et d’un partage avec les familles en visite mais également les enfants du village…</p><p>Un choix de jeux diversifiés, avec balançoire pour fauteuil roulant, balançoire en position couchée, toboggan enfant accompagné d’un adulte, panneaux ludiques à hauteur des fauteuils</p><p>permettrait de démultiplier les possibilités de stimulation et d’interaction. Un revêtement de sol souple permettrait des chutes sans blessure et pourrait être coloré avec des motifs permettant de libérer l’imagination et les scénarios de jeux possibles.</p><p>Nous pensons que notre projet et surtout les 250 enfants extraordinaires qui y sont associés peuvent prétendre à un coup de pouce!</p><p>Lieu de l\'installation: Centres pédiatriques de Flavigny sur Moselle</p><p>Votre coup de pouce va nous permettre de boucler notre budget.Sur le total des 61 940 € nécessaires pour réaliser une aire de jeux complète et adaptée,il ne nous manque plus que cette somme de 5 000€ !</p><p>Votre coup de pouce va nous permettre de boucler notre budget.</p><p>Sur le total des 61 940 € nécessaires pour réaliser une aire de jeux complète et adaptée,</p><p>il ne nous manque plus que cette somme de 5 000€</p><p>Notre projet a déjà ému de nombreux partenaires, grandes et petites fondations, mais aussi de nombreux coups de pouce de très belles personnes !!! </p><p>Si le coeur vous en dit, soutenez-nous!</p><p>notre page Facebook handismile 54630</p><p>vous pourrez découvrir qui nous sommes des professionnels de la santé qui ont monté leur propre association pour défendre le bien-être des enfants.</p><p>nous sommes des professionnels de la santé qui ont monté leur propre association pour défendre le bien-être des enfants.</p><p>défendre le bien-être des enfants.</p><p>Vous pourrez également découvrir les projets que nous avons déjà réalisés et qui ont été valorisés par le journal l\'Est Républicain : </p><p>notre jardin thérapeutique, une chasse aux œufs en fauteuil, la venue d\'un athlète paralympique au contact des enfants... Vous y verrez la force de nos convictions et de nos envies !</p>','https://img.ulule.com/display/5b13c041768b2239be8add0454b2e9aedce8967b/thumbnail/640x360/presales/4/1/8/45814/visuel-aire.SmTt9zNkQIE8.JPG?upscale=1','2016-12-18','2017-02-24',4999,NULL,335),(255,275,'ACCUEILLIR 2 FAMILLES SYRIENNES EN BERRY','Nous avons besoin de vous pour nous aider à les aider...','<p>Accueil du cœur 36 veut réussir son projet...</p><p>Notre projet est d\'accueillir 2 familles syriennes avec chacune 3 enfants ... Il est en passe de se concrétiser grâce à la mise à la disposition de notre association de deux logements par les communes d\'Argenton-sur-Creuse et de Mosnay et aussi grâce au soutien de nos adhérents et sympathisants et celui des associations locales. Nous</p><p> attendons leur arrivée prochaine. </p><p>Maintenant que ces appartements sont aménagés, nous faisons appel à vous pour soutenir matériellement ces dix personnes jusqu\'à l\'obtention du statut de réfugiés, ce qui signifie plusieurs mois. </p><p>L\'argent récolté grâce à votre générosité servira à couvrir les frais liés aux 2 logements (l\'eau, l\'électricité, les ordures ménagères, les assurances) mais aussi à l\'alimentation des 2 familles (en complément de l\'aide apportée par les Restos du coeur), à la scolarisation des 6 enfants, aux démarches concernant leur santé, à la constitution de leurs dossiers auprès des autorités compétentes ainsi qu\'aux frais de transport et de traduction qui s\'y ajouteront.  </p><p>Votre financement va servir à faire vivre matériellement les deux familles en attendant l\'acceptation de leur statut de demandeur d’asile. Alors un grand merci à tous pour votre participation...</p><p>Votre financement couvrira à 80 % les frais engagés par Acceuil du cœur 36 : électricité, chauffage, eau, ordures ménagères et assurances des deux logements. Le loyer étant pris en charge par les deux communes.</p><p>L\'autre partie va couvrir les frais de santé, de scolarité (sacs, cahiers, règles...), des produits d\'hygiène (gel douche, crème..) mais aussi le complément d\'achats de produits alimentaires.</p><p>Pour compléter le financement du projet, l\'association organise un Bal Trad le samedi 04 Mars 2017 à la salle des fêtes d\'Argenton-sur-Creuse.</p><p>Nous sommes une Association Collégiale créée le 4 octobre 2016. Composée actuellement de plus de 120 hommes et femmes qui se veulent indépendants de toute appartenance politique et religieuse, elle est issue d’un collectif constitué le 12 septembre 2015 à Argenton-sur-Creuse autour d’un objectif commun : favoriser l’accueil, au sein de notre région, de personnes qui fuient les guerres et les persécutions et ont choisi la France. </p><p>Forte de ses adhérents, de ses sympathisants, des associations partenaires et de deux municipalités engagées, notre association est gérée au quotidien par un Conseil collégial : une quinzaine d\'habitants d\'Argenton-sur-Creuse et de ses environs qui se réunissent régulièrement pour fédérer toutes les énergies autour de ce projet et donner une forme concrète, vivante et démocratique aux valeurs de solidarité et de fraternité. </p><p>Pour notre association, ce n’est pas parce que la Région Centre - Val de Loire se trouve loin des frontières françaises et encore plus loin des frontières orientales de l’Europe que nous ne nous sentons pas concernés par les événements tragiques qui ravagent aujourd\'hui le monde, notamment en Syrie.  C’est pourquoi en tant que citoyens français et européens, modestement mais efficacement, nous entendons contribuer à l’accueil de réfugiés en complémentarité avec les services de l’Etat et les associations professionnelles. C’est une question de dignité, celle de ces hommes et de ces femmes qui ont tout perdu mais aussi la nôtre.  </p><p>> La Nouvelle République : http://bit.ly/2hRCsxH\n> France Bleu : http://bit.ly/2hREqOx\n> RCF : http://bit.ly/2izvE8z\n> L\'Echo : http://bit.ly/2iOzAA4\n> La Nouvelle République : http://bit.ly/1OFtSvm</p><p>Retrouvez-nous :\n> Sur notre site internet : http://accueilducoeur.fr/ > Sur notre page Facebook : Collectif Accueil du coeur 36</p><p>Retrouvez-nous :\n> Sur notre site internet : </p>','https://img.ulule.com/display/65652597ea3cbedb8390d2838e4cdf06e9af9c10/thumbnail/640x360/presales/3/7/8/44873/round32-adc36.3NmQyTYL9ngH.jpg?upscale=1','2016-12-08','2017-02-22',2000,NULL,590),(256,276,'Raviolis pour tous','Le projet le plus fou de livre culinaire : la bible des raviolis du monde.','<p>Le premier livre de l\'histoire qui parle de TOUS les raviolis du monde : grâce à vous, ce projet sera bientôt une réalité ! Songez-y, y a-t-il un plat qui soit aussi varié et mette l\'eau à la bouche de tant de millions de Terriens ? Ce livre doit tout simplement arriver !</p><p>Tout le monde les adore ! Des bouis-bouis vietnamiens aux ports de la Baltique, de la Bavière au Tamil Nadu en passant par les plateaux sibériens ou le Shanxi, on le hume, on le croque, on le vénère : en Chine, en Italie, en Inde, en Russie, le ravioli, c\'est la fête !</p><p>On en compte des centaines de variétés. C\'est le plat qui revigore, c\'est celui qui apaise. La nourriture des jours fastes et des lendemains difficiles. </p><p>Et puis, c\'est celui qu\'on fait en famille. Tout le monde s\'y met et on peut y mettre ce qu\'on veut. Et tout le monde est content : les viandards, les végétariens, les sans gluten, les halal et les à l\'huile… </p><p>Et ce que l\'on partage, dans tous les pays, je veux vous le faire partager aussi. Je veux vous faire entrer dans l\'intimité des familles, dans le plus de pays possible, pour vous raconter comment on y cuisine et, du coup, comment on y vit.</p><p>À travers anecdotes, reportages et explorations historiques, je me propose de vous faire le tour du monde des raviolis, partout où je pourrai me rendre, de France jusqu\'au Japon, en passant bien sûr par la Chine, l\'Italie, la Corée, l\'Asie centrale, l\'Inde, la Turquie, la Géorgie, la Russie, l\'Ukraine et la Pologne, l\'Allemagne ou la Suède. Une quête toujours en cours, qui pourrait bien nous emmener même en Afrique et en Amérique…</p><p>Il y aura bien sûr des recettes et des conseils pratiques ! Car en vous racontant toutes ces histoires, ce que je veux vraiment, c\'est vous donner l\'envie de faire comme moi : d\'enfiler votre tablier et de rameuter la famille et les copains pour cuisiner ensemble, car c\'est là qu\'on s\'enrichit vraiment !</p><p>Pour résumer, ce n\'est pas qu\'un livre. Je veux lancer un mouvement !</p><p>Likez la page Facebook et écoutez ici une récente interview sur le projet, donnée à Radios Libres en Périgord (chouettes photos inside) :</p><p>(n\'hésitez pas à brancher les sous-titres)</p><p>J\'ai déjà la matière dont j\'ai fait l\'usage pour ma série dans Libération, en 2012 (voir ci-dessous). Mais pour pétrir la pâte dont sera faite mon livre, j\'ai besoin d\'ingrédients de première main ! Ce ne sera pas une compilation de recettes ou d\'anecdotes glanées sur le net. Pour parler des hommes, j\'ai choisi de parler de leur nourriture; mais pour cela je dois aller à leur rencontre, pétrir, humer, goûter et partager ce plat convivial par excellence.</p><p>Vos dons me serviront donc à financer au moins trois reportages, les plus importants pour moi : </p><p>- en Italie, la patrie du ravioli, début février - donc juste après la collecte ! Je n\'en connais que le Piémont, il me reste donc du chemin à travers les dizaines de variétés de pasta ripiena que compte le pays. J\'en traverserai le Nord de part en part, en partant de Venise et ses raviolis à l\'artichaut jusqu\'à Gênes et ses pâtes aux fruits de mer et aux herbes aromatiques, en passant bien sûr par la région reine des tortellini et cappelletti : l\'Emilie-Romagne, et ses rivales Bologne et Modène, sans oublier Ferrare.</p><p>- en Inde (du Sud), où le modak fait office d\'offrande lors des fêtes de Ganesh, qui ont lieu cette année du 25 août au 5 septembre. J\'avais triché dans ma série pour Libération en trouvant des Indiens à Paris… Mais pour vraiment sentir l\'ambiance des fêtes de Ganesh, y\'a pas, il faut se déplacer ! J\'y partirai deux semaines, normalement dans le Maharashtra (où, en plus du traditionnel ravioli à la noix de coco, on en fait au poisson), mais il est encore possible que je change mon fusil d\'épaule pour aller dans le Tamil Nadu.</p><p>- en Corée (du Sud aussi) où le ravioli joue un rôle similaire lors des cérémonies religieuses du Chuseok, cette année du 3 au 5 octobre. J\'irai dans les montagnes du Gangwon, où les tantes et mères de la vieille génération font encore des songpyeon, ravioli sucré à la pâte de sésame ou de haricot rouge, et à Séoul, où la jeunesse se révolte contre le ravioli maison et préfère l\'acheter chez le traiteur.</p><p>L\'essentiel des frais consiste en billets d\'avions ou train, ce qui est le plus difficile à faire rembourser par les rédactions qui pourraient me financer par ailleurs, et le plus compliqué en termes de trésorerie. Je devrai aussi payer sur place des fixeurs ou interprètes, ainsi que des visas et un peu de matériel, et pas mal de livres pour me documenter. Surtout, je vais financer de mon côté d\'autres reportages : Ukraine, Allemagne, Drôme (les fameuses ravioles de Romans !), et un retour en Géorgie. Comment ? En vendant des articles à des journaux ou magazines pour lesquels je travaille, comme Libération ou Régal, ou en démarchant les offices de tourisme.</p><p>Et plus vous vous impliquerez et plus il me sera possible d\'envisager des projets fous, comme un voyage en Asie centrale, paradis des manty en tous genres !</p><p>Si grâce à vous, l\'objectif initial est dépassé, alors je financerai un reportage en Chine ! Je connais déjà un peu celle du Nord, celle des jiaozi, les raviolis de farine de blé, mais j\'ignore complètement la culture cantonaise des dim sum et du yum cha. Il me faut absolument aller là-bas !</p><p>Si grâce à vous, l\'objectif initial est dépassé</p><p>alors je financerai un reportage en Chine !</p><p>- Trois cartes postales avec de fabuleuses recettes personnalisées, issues de mes reportages ou de mon héritage familial : les jiaozi de ma grand-mère née en Chine; le khinkali géorgien, à mon avis, le meilleur ravioli au monde, avec son petit chapeau et son bouillon; et l\'agnolotto du Piémont italien, riche et subtil.</p>','https://img.ulule.com/display/328dbffba4660b9862d9af70f1656a721324d913/thumbnail/640x360/presales/4/2/2/40224/ulule-couv.EXFV2JG2Vzlh.jpg?upscale=1','2016-12-06','2017-02-17',3860,NULL,3597),(257,277,'Coupe d\'Europe de futsal des sourds','Club sportif des sourds muets de Paris section football féminin','<p>Nous sommes une équipe féminine de football féminin, notre particularité est que les joueuses sont toutes sourdes.</p><p>équipe féminine de football féminin, </p><p>Nous sommes qualifiés en coupe d\'Europe de Futsal du 20 au 26 février 2017 à Séville en Espagne. Notre club étant une structure dépourvue de sponsor ou de dons, nous avons un budget très limité, nous avons donc demandé aux joueuses de payer de leur poche le voyage à Séville. Mais la plupart de nos joueuses sont étudiantes et n\'ont pas les moyens.</p><p>qualifiés en coupe d\'Europe de Futsal </p><p>C\'est pourquoi je me tourne vers vous, en espérant que notre projet vous touche, et que vous y contribuez.</p><p>Votre participation est déductible de vos impôts à hauteur de 66%</p><p>\n​Notre page fb: https://fr-fr.facebook.com/CSSMP-Football-Feminin-1504490793128481/\n​Le site du club : http://www.cssmp.com/</p><p>https://fr-fr.facebook.com/CSSMP-Football-Feminin-1504490793128481/</p><p>L\'hôtel s\'appelle THR ALCORA BUSINESS, c\'est un hôtel qui a été choisi par l\'organisation de la coupe d\'Europe, toutes les équipes masculines et féminines y sejourneront.\n​Une nuit à l\'hôtel est de 40 euros par personne (petit déjeuner et diner inclus), ce qui fait 40x6=240 euros par personne.\n​On y va à 10 personnes. Ce qui fait 2400 euros.\n​Nous avons aussi le transport en avion PARIS - SEVILLE, l\'aller-retour est d\'environ 180 euros par personne, ce qui fait 1800 euros.\n​Nous arrivons déjà à 4200 euros.\n​Il faut aussi compter les déjeuners du midi, environ 70 euros pour 10 personnes par jour, soit 420 euros.\n​Au total, ce sera donc 4620 euros. Soit 462 euros par personne</p><p>Si les 2000 euros sont atteints, les joueuses ne payent que 262 euros de leur poche.\n​Si les 2500 euros sont atteints, les joueuses ne payent que 212 euros de leur poche.\n​Si les 3000 euros sont atteints, les joueuses ne payent que 162 euros de leur poche.</p><p>joueuses ne payent que 262 euros </p><p>joueuses ne payent que 212 euros </p><p> joueuses ne payent que 162 euros </p><p>Le club du CSSM Paris a été créé en 1911 par Eugène Rubens-Alcais. C\'est un des clubs les plus anciens dans la communauté sourde, la section football homme a un des plus grand palmarès. La section féminine depuis quelques années remporte tout ou presque.</p><p> clubs les plus anciens dans la communauté sourde</p><p>5 joueuses sélectionnées en Equipe de France : PLOTKA Nastasia, MANSILLA Alison, QUINTIN Camille, DIABY Coumba, MECHERI Sonia\nQualifié phase finale du championnat de France à Bourges le 11 et 12 février 2017</p><p>Qualifié Coupe d’Europe de Futsal en février 2017 à Séville (Espagne)</p><p>Troisième du Championnat de France de Futsal</p><p>Finaliste de la Coupe de France de Futsal</p><p>Deuxième du Challenge de France à 7</p><p>Champion Coupe Ile de France à 7</p><p>Champion Coupe Ile de France de Futsal</p><p>4 joueuses sélectionnées en Equipe de France : MANSILLA Alison, PLOTKA Nastasia, QUINTIN Camille, MECHERI Sonia</p><p>Champion Coupe Ile de France de Futsal</p><p>Meilleure joueuse de la saison : Nastasia PLOTKA</p><p>4 joueuses sélectionnées en Equipe de France : PLOTKA Nastasia, QUINTIN Camille, MECHERI Sonia, DIABY Coumba</p><p>Champion du Challenge de France à 7</p><p>Meilleure Joueuse de la saison : Coumba DIABY</p><p>Meilleure Buteuse de la saison : Coumba DIABY</p><p>Champion du Challenge de France à 7</p>','https://img.ulule.com/display/081b46b0afa4e33c2c0a4a2f5668ecf9302e6062/thumbnail/640x360/presales/3/8/7/44783/fb_img_1481209766370.Op9M3yoqaVMP.jpg?upscale=1','2016-12-06','2017-02-07',2000,NULL,2125),(258,278,'Les Cuistots Migrateurs, traiteur solidaire','Voyagez grâce aux talents de chefs réfugiés','<p>Nouvel objectif : 30 000€. On peut y arriver !\nÀ peine un mois après le lancement de cette campagne, grâce à vous tous, nous avons déjà atteint notre objectif de 20 000€ ! Merci infiniment, c\'est tout simplement extraordinaire et ça nous donne une énergie explosive pour aller encore plus loin et essayer d\'atteindre 150%, soit 30 000€.</p><p>Nouvel objectif : 30 000€. On peut y arriver !</p><p>Avec cette somme, en plus d\'investir dans du matériel de cuisine et de livraison, nous pourrons faire évoluer notre site internet et le doter de nouvelles fonctionnalités comme la commande en ligne. On compte sur vous pour nous y aider !</p><p>On compte sur vous pour nous y aider !</p><p>Et si on oubliait le discours habituel qui réduit les réfugiés à un statut de victime, à une succession de chiffres ou pire encore à une menace ? Ce sont nos voisins, des gens comme vous et nous avec une histoire, une famille, des rêves et qui essaient de reconstruire leurs vies après ce qu\'ils ont traversé. Dans leurs bagages, il y a non seulement des cuisines et des recettes à partager mais aussi des compétences et des savoir-faire qui ne demandent qu\'à être valorisés.</p><p>Actuellement, l\'équipe compte 6 cuisiniers. Tous réfugiés. De pays différents : Syrie, Éthiopie, Inde, Iran, Tchétchènie. De culture, de classe sociale et de religions différentes. Qui travaillent ensemble et sortent des arrière-salles pour partager la cuisine de leur pays. </p><p>Ils ont déjà élaborés plus de 100 recettes inédites pour apporter de l’authenticité et de la diversité à la cuisine du monde en France : muammarah (caviar de poivron rouge syrien), fesenjan (poulet iranien à la grenade et aux noix), hingalsh (crêpe sucrée tchétchène au potiron et au thym), … De quoi faire rêver les papilles des plus difficiles !</p><p>Oui, terriblement ! Plus de 7 000 personnes ont déjà goûté à nos spécialités, lors de buffets ou cocktails, au stand de street food cet été ou lors de nos brunchs et diners organisés dans des restaurants partenaires. Nous avons également co-organisé le Refugee Food Festival en juin à Paris qui a affiché complet. </p><p>Plus de 7 000 personnes ont déjà goûté à nos spécialités,</p><p>Plus d’une vingtaine de médias français et internationaux ont parlé de nous (du Parisien au New York Times, en passant par Grazia :) et de nombreuses entreprises nous ont déjà fait confiance. </p><p>vingtaine de médias français et internationaux</p><p>Pour aller plus loin ! Aujourd’hui, nous jonglons entre locations de cuisines, livraisons en voiture personnelle (une C3 !) et stockage dans la cave familiale…</p><p>Grâce à vous, nous pourrons gagner en professionnalisation et en structure afin d’offrir des emplois stables aux cuisiniers réfugiés. Nous pourrons remplir ensemble l’ambitieux pari de faire bouger les lignes et le regard sur la crise migratoire en apportant de nouvelles couleurs à la cuisine du monde. </p><p>et le regard sur la crise migratoire</p><p>Chaque participation compte, y compris les plus modestes ! Car contribuer au projet, ce n’est pas seulement y apporter un soutien financier, c’est surtout montrer que vous vous engagez à nos côtés dans cette aventure humaine.</p><p>vous vous engagez à nos côtés dans cette aventure humaine</p><p>Les Cuistots Migrateurs aujourd’hui, c’est une équipe de 6 chefs soudée autour de 2 fondateurs. Cette entreprise sociale et solidaire est née en février d’un désir commun de Louis et Sébastien de faire partager non seulement leur goût de la cuisine et des voyages mais aussi de s’engager en offrant une stabilité et une insertion professionnelle aux chefs réfugiés rencontrés.</p><p>équipe de 6 chefs soudée autour de 2 fondateurs</p><p>Laissez-nous vous les présenter :</p>','https://img.ulule.com/display/151c61be70fc9b18497523f40894eeb542b80722/thumbnail/640x360/presales/8/9/6/43698/logo-cuistots-migrateurs.wY3tgHdVdlTj.png?upscale=1','2016-12-06','2017-03-03',20000,NULL,21707),(260,280,'Kustom Town','La Kustom Kulture débarque à Béthune !!','<p>Kustom Town ouvrira prochainement ses portes pour accueillir tous les passionnés de Customs 2 ou 4 roues ansi que tous les fervents défenseurs de la Rockabilly Nation. Que tous les Afficionados de la Kustom Kulture et du Ride s\'arrêtent quelques minutes et se penchent sur ce projet !</p><p>Tout a commencé en 2014 alors que je voulais changer de casque moto. Je cherchais un casque original, qui définisse ma personnalité, tout en restant abordable. J’ai alors fait le tour des grandes enseignes de la région en vain … les mêmes rayons interminables… les mêmes modèles… les mêmes prix … le même blabla… et le même ennui devant ces grands noms de marques, plus standards les unes que les autres, le même design, les mêmes couleurs ternes, les mêmes motifs.</p><p>Par conséquent, je me suis tourné vers internet où j’ai trouvé mon bonheur ! Enfin je le croyais mais à réception, erreur de taille donc renvoi à l’expéditeur, puis erreur de modèle donc renvoi et au final, déception du modèle …. ! Résigné à ne rien trouver dans la région, c’est 6 mois plus tard, par hasard, que j’ai trouvé mon bonheur lors de vacances.... en Corse !</p><p>Il manquait donc un endroit où je pourrais trouver des produits en accord avec mes goûts et mes coups de cœur, un lieu de référence Kustom Kulture que ce soit bien entendu en terme de casques mais aussi en terme de vêtements, d’équipements, d’accessoires, de déco.</p><p>C’est pour cette raison que je veux ouvrir un shop basé sur cette culture et ce milieu : l’auto rétro, la moto custom, la rockabilly nation, etc…. pour tous les adeptes du ride, orphelins d’un lieu de rencontre basé sur une même passion ! En attendant l\'ouverture officielle vous pouvez nous contacter via Facebook Kustom Town !</p><p>Mais qu’est-ce que Kustom Town ?</p><p>Une boutique de vêtements rassemblant des marques comme Dickies, Von Dutch, Billy 8, West Coast Choppers, Kytone, etc… ?</p><p>Une boutique d’accessoires et d’équipements rassemblant des marques comme Jeantet, Biltwell, Blauer, DMD, Bell, Motostuka, etc…?</p><p>Le but est d’ouvrir une boutique rassemblant bien évidemment tout cela mais pas que !</p><p>Que diriez-vous si vous pouviez également y rencontrer régulièrement des professionnels du milieu dont vous faites partie ?</p><p>Pinstrippers, selliers, brodeurs, tatoueurs, peintres aérographe, sculpteurs de pièces mécaniques, préparateurs, barbiers , etc… bref du « Home made », de la pièce unique, du « do it yourself », le tout accompagné éventuellement de sessions de tutos ponctuelles afin de vous aider </p><p>Au pire…. Venez juste y boire un café et rencontrer d’autres passionnés afin d’échanger sur ce qui fait battre votre cœur ou juste prendre le départ d’un ride …..</p><p>A ce jour, plusieurs locaux sont envisagés et l’adresse définitive vous sera communiquée en temps et en heure mais ce qui est sûr, c’est que nous aurons l’occasion de nous rencontrer dans le centre-ville de Béthune.</p><p>Certes, nous sommes loin des grandes agglomérations mais Béthune est une ville indéniablement passionnée par le cliquetis des moteurs et le son des guitares. L’une des « place to be » pour tous les afficionados de la Kustom Kulture à l’occasion de son festival « Béthune Rétro », des vrombissements d’échappements lors du « Motartois » et de sa bénédiction des motards, de son incroyable rallye du Béthunois, bref une ville « motorisée », au centre de multiples festivals et concentrations auto, moto, etc… gravitant autour.</p><p>Grâce à votre soutien, je pourrai :</p><p>- Aménager l’espace afin de vous accueillir dans une ambiance conviviale, originale et chaleureuse (Budget 5000€)</p><p>- Aménager la vitrine, l’éclairage ainsi que l’enseigne (Budget 5000€)</p><p>- Réaliser les premiers supports de communication (Budget 1500€)</p><p>- Aménager des cabines d’essayage idéales (Budget 1500€)</p><p>Et si la collecte dépasse le budget ?</p><p>- Développer le site Web et l’e-shop par des professionnels afin de faire connaître ce lieu à distance</p><p>- Consolider le budget communication</p><p>- Elargir la gamme encore et encore …</p><p>Nombreux sont ceux qui utilisent cette section pour décrire leur parcours professionnel ou leur situation familiale mais comme vous vous en doutez, je n’en ferai rien.</p><p>Comme chacun, j’ai des Valeurs que je garde constamment à l’esprit et que j’applique au quotidien comme LH&R (Loyauté, Honneur & Respect), des Passions qui tournent souvent autour de belles mécaniques chromées, des Rêves, des Espoirs, parfois des Craintes, tout comme vous, et c’est tout ce vous devez garder à l’esprit.</p><p>Et c’est pour vous rencontrer que je veux faire de cette boutique un lieu de rencontre pour toutes les communautés regroupées sous le terme de Kustom Kulture donc le reste n’a que peu d’importance.</p><p>Si vous partagez ces mêmes valeurs, vous m’aiderez.</p><p>Si vous vous reconnaissez dans cette communauté, vous m’aiderez.</p><p>Si vous vous reconnaissez dans ces termes, vous m’aiderez.</p><p>Et si vous aimez boire un café en étant bien entourés…… et bien, vous m’aiderez aussi !</p>','https://img.ulule.com/display/abecb9b1456034e27e9b0432670246b2776d7de1/thumbnail/640x360/presales/6/2/5/44526/kt2.qtw44ErIGzXk.jpg?upscale=1','2016-12-15','2017-03-04',5000,NULL,490),(261,281,'\"Je t\'ai dans l\'âme\"','Édition de mon premier roman','<p>C\'est l\'histoire d\'une rencontre. D\'un bouleversement. D\'un effleurement d\'âmes. D\'un amour fou. D\'un souffle dans les ailes, il y a bientôt cinq ans. \nC\'est l\'histoire de mots par inadvertance, de mots par effraction et qui doivent sortir, glisser sur la papier. A en faire couler la vie.\nC\'est l\'histoire d\'une page facebook qui se crée alors, au grès des pensées affleurant... De fil en mots, \"Le coeur en dehors\" vient de naître, comme une nécessité. La communauté grandit doucement et je grandis avec elle. Nous empruntons le même chemin, main dans la main. Traverser les ombres et entrer dans la lumière. Peu à peu.\nEt puis, de douleur en beauté, mes murs se couvrant de mots, l\'idée du livre s\'impose. Cette histoire sous les doigts. Une trace indélébile. Un frisson.\nCe livre est un cadeau. L\'amour dans toute sa splendeur.\nCe livre est un chemin. Un parcours initiatique dans la magie et la beauté de la vie, de pas en pas. Un retour à l\'harmonie avec le vivant qui nous entoure. Un éveil.\nCe livre est une invitation à renaître. A soi et au monde.  Re-n\'être, dans un monde qui oublie souvent de reprendre son souffle, entrainé dans sa course effrénée. Une invitation à comprendre que nous avons la clef en nous.</p><p>Quand les mots s\'imposent sur les murs, et qu\'un jour, les murs ne suffisent plus...</p><p>Le projet est de faire imprimer 200 exemplaires. Je suis amoureuse des livres et pour moi, rien ne remplace le papier (recyclé, car je suis aussi amoureuse des arbres...), celui que l\'on peut toucher, corner, lorsqu\'une phrase nous résonne à l\'intérieur.\nLe roman est écrit, en toute dernière correction et je suis en train de préparer quelques petits détails pour le rendre original et plus joli... Il n\'aura alors plus qu\'à attendre d\'être imprimé. Et lu !\nMerci pour l\'attention que vous pourrez porter à ce projet qui me tient à coeur.</p><p>Le livre...\nIl est parfois des liens que rien ne pourra jamais détruire.\nNi la vie, ni même la mort.\nDes liens d\'âmes.\n(Prix public: 15 euros)\n </p><p>Le livre...\nIl est parfois des liens que rien ne pourra jamais détruire.\nNi la vie, ni même la mort.\nDes liens d\'âmes.\n(Prix public: 15 euros)</p><p>Un petit passage en cadeau pour donner le ton et l\'envie...</p><p>\"Il y a ce curieux moment où l\'on est au bord de l\'amour. À un frôlement de coeur. À rien. On croit encore pouvoir contrôler ses émotions, les sentiments qui nous traversent. On se leurre. Arrivé à cet endroit où l\'on se penche pour regarder le vide, se demandant si l\'on va sauter ou non, il est déjà trop tard. Depuis le début. Depuis la rencontre. Le premier mot, peut-être. Trop tard. Il n\'y a plus qu\'à sauter ou le regretter toute sa vie. Je n\'aime pas les regrets. Je sauterai. Même de peur, je sauterai. D\'envie surtout. Je sauterai. À en pleurer.\"\n </p><p>\"Il y a ce curieux moment où l\'on est au bord de l\'amour. À un frôlement de coeur. À rien. On croit encore pouvoir contrôler ses émotions, les sentiments qui nous traversent. On se leurre. Arrivé à cet endroit où l\'on se penche pour regarder le vide, se demandant si l\'on va sauter ou non, il est déjà trop tard. Depuis le début. Depuis la rencontre. Le premier mot, peut-être. Trop tard. Il n\'y a plus qu\'à sauter ou le regretter toute sa vie. Je n\'aime pas les regrets. Je sauterai. Même de peur, je sauterai. D\'envie surtout. Je sauterai. À en pleurer.\"</p><p>Le financement va servir au frais d\'impression du livre, aux frais postaux, aux contreparties et à la commission Ulule. Si l\'objectif est dépassé, cela permettra d\'imprimer plus de livres. </p><p>Les contreparties comprennent le livre dédicacé, bien évidemment, mais aussi, des marque-pages, cartes postales, magnets, pendentifs en bois dans l\'esprit de ma page, avec des phrases cachées au dos, comme des secrets, des rappels, des traces... Également le tapuscrit contenant les dernières corrections. Ainsi qu\'une toile : \"C\'est quoi l\'Amour ?\", réalisée par mes soins. (C\'est elle qui est en fond de la page Ulule)</p><p>Je m\'appelle Aurélie, et un joli jour de mai, je me suis réveillée de ma vie de 36 ans. Un jour différent des autres, une vibration musicale qui vous ouvre le coeur. Ce doux jour de printemps, c\'est l\'enfant qui sommeillait bien sagement en moi qui a ouvert ses paupières à la vie. Un regard neuf sur le monde. Désormais, plus rien n\'est pareil. Un enfant intérieur qui se réveille, on ne le laisse pas se rendormir. Depuis, je me suis interessée à la photographie, la spiritualité, l\'énergétique, l\'écologie, la nature et son respect par l\'amour, la méditation... Un chemin vers soi, un chemin vers tout...\nJ\'aime exprimer les émotions que je ressens, en photographies, mots, peintures...\nPour découvrir mon univers, c\'est par ici:https://www.facebook.com/LeCoeurEnDehors/</p><p>https://www.facebook.com/LeCoeurEnDehors/</p>','https://img.ulule.com/display/17e0fe8f1deab47c2a9b3d4c4670d38e99fb675f/thumbnail/640x360/presales/3/9/5/44593/15450895_1441248529249174_385541165_n-5.vMBU6ITAQh0w.jpg?upscale=1','2016-12-05','2017-02-27',2100,NULL,3097),(262,282,'Grimpeurs d\'Ailleurs','Initiation d\'enfants à l\'escalade','<p>Grimpeurs d\'Ailleurs c\'est 4 jeunes, 1 projet, 1 continent, 4 pays et des milliers de kilomètres.</p><p>Notre but : Faire découvrir l\'escalade aux populations locales</p><p>Transport : Avion, van et marche</p><p>Comment cela se déroulera-t-il ?</p><p>L’objectif général du projet sera la découverte de la pratique de l’escalade pour les populations locales et plus particulièrement auprès des enfants. Au cours de notre voyage nous passerons dans 4 pays. Dans chacun de ces pays, nous avons ciblé un site d’escalade. Chaque falaise sera le support d’une intervention auprès de la population locale. Par ces interventions nous sensibiliserons notamment les enfants aux valeurs du sport, à l’hygiène et à la santé.</p><p>Les pays que nous avons choisis sont le Chili, l’Argentine, la Bolivie et le Pérou. Hugues et Eliott débuteront à deux par le Chili en Avril 2017. Elsa et Taïs les rejoindront après leurs partiels fin Mai.</p><p>Le financement va servir à payer une partie du matériel spécifique au projet : le matériel d\'escalade pour les initiations, et le van sans lequel transporter tout ce matériel nous sera impossible. Les 4000 euros ne couvrent biensûr pas tout le prix du matériel et du van, mais ce serait déjà une grande aide pour avancer dans notre projet !</p><p>Hugues, 21 ans, arboriste-grimpeur.</p><p>Eliott, 21 ans, guide de rafting.</p><p>Elsa et Taïs, 19 ans, étudiantes en 2ème année de STAPS.</p><p>Tous passionnés d\'escalade et de sports de pleine nature.</p><p>N\'hésitez pas à aller faire un tour sur notre page Facebook : </p><p>https://www.facebook.com/grimpeurs.dailleurs/ </p><p>https://www.facebook.com/grimpeurs.dailleurs/</p>','https://img.ulule.com/display/b6d8f391f9793fc28dd4f66e040fbb223bb63a4c/thumbnail/640x360/presales/9/7/7/43779/photo.rok1nK8pvi6Q.jpg?upscale=1','2016-12-18','2017-03-04',4000,NULL,800),(263,283,'SWUSH','premier EP','<p>SWUSH est un EP aux influences pop électro qui s\'inscrit dans la tendance actuelle, avec une productoin soignée et un mix de qualité,  dans la mouvence d\'artistes comme Tame Impala, Flume, Major Lazer, Justice ou encore Bjork.</p><p>Tame Impala, Flume, Major Lazer, Justice</p><p>C\'est surtout l\'aboutissement d\'un an de travail passioné.</p><p>En plus d’une sortie digitale, cet EP se déclinera sous la forme d’un beau CD, dont la pochette est signée Axelle Manfrini.</p><p>En participant au financement, vous faites non seulement un beau cadeau solidaire pour vous et vos proches, mais vous me permettez aussi d’ouvrir une porte capitale dans mon évolution: l’accès aux médias, afin de faire connaitre ma musique, à travers le travail d’un attaché de presse. Enfin, depuis sa naissance, mon projet a été soutenu de manière bénévole par de nombreux artistes et indépendants talentueux (artwork, clip, business plan, graphisme, web ect…) Je ne les oublie pas et je tiens à les rémunérer.</p><p>J’ai commencé la musique à 6 ans. A 16 ans, je quitte le lycée pour partir en tournée en Angleterre avec mon groupe de rock pendant 2 ans.Puis je décide d’étudier le jazz à L IMFP et au MAI à Nancy. Je commence alors une carrière de guitariste à Paris. C’est en 2015, lors d’une tournée en Chine que je découvre ma passion pour la production et les musiques éléctronique, et après une année de travail acharné et de collaborations diverses avec des chanteurs de la nouvelle scène parisienne (Lonny Montem, Elsa Kopf, Jim Bauer, Refuge) voici « SWUSH », mon premier EP, réalisé dans mon home studio à Montmartre.</p>','https://img.ulule.com/display/22baf4b89aef4cc8e9cbbff302275ee00377f890/thumbnail/640x360/presales/4/0/4/45404/2016_10_20_val_amanfrini_6665_carre_ok.MeT8CU7VmBeC.jpg?upscale=1','2016-12-15','2017-03-02',3500,NULL,455),(264,284,'Fouille d\'un village fortifié de l\'âge du Bronze','L\'aventure archéologique des Devèzes','<p>Le site archéologique des Devèzes (Montesquieu, Hérault) est situé en Languedoc, au pied de la montagne Noire, au sein d\'un magnifique cadre naturel typique de l\'arrière-pays héraultais. L\'endroit est formé d\'un imposant plateau basaltique depuis lequel on peut apercevoir au loin le mer Méditerranée, mais aussi le vignoble de Faugères bien connu des amateurs de vin. Le site a été découvert il y a quelques années grâce à des photographies aériennes prises dans le secteur, sur lesquelles on pouvait percevoir les vestiges d’une large enceinte en pierres séches.</p><p>Vues aériennes du plateau des Devèzes depuis le sud-ouest (à gauche) et depuis le nord (à droite) (photos V. Lauras)</p><p>En avril 2016, une campagne de sondages archéologiques a été menée par l’association « Les Arts Vailhan », en collaboration avec des chercheurs du CNRS. Les restes d\'un village de la fin de l\'âge du Bronze (Xe s. av. J.-C.) ont pu ainsi être mis au jour sur tout le pourtour du plateau. Il y a de cela 3000 ans, quelques siècles avant que les Grecs ne viennent s\'intaller à Marseille et à Agde, un groupe d\'agriculeurs-éleveurs maîtrisant la métallurgie du bronze a donc élu domicile sur le plateau des Devèzes.</p><p>élément de parure en bronze (dessin et photo A. Rivalan)</p><p>Mais le fait le plus marquant réside dans la construction par les habitants d\'un énorme rempart aujourd\'hui éboulé qui permettait de défendre la communauté contre d\'éventuels assaillants. Pour cette période de la fin de l\'âge du Bronze dans le Midi de la France, les archéologues connaissaient jusqu\'à lors essentiellement de petits habitats de plaine dispersés sur le territoire. Le site des Devèzes, par son caractère perché, groupé et surtout fortifié constitue donc une découverte exceptionnelle qui remet en question beaucoup de problématiques.</p><p>relevé photogrammétrique de l\'enceinte dans le sondage 1 (A. Rivalan)</p><p>Pour toutes ces raisons, l\'équipe de recherche a décider de continuer les investigations en organisant une fouille programmée qui se tiendra en avril 2017 durant 3 semaines. Les recherches concerneront principalement la zone sud-ouest du plateau dans laquelle la fortification est la mieux conservée et la plus visible. D\'autres aménagements tels que des poternes et un possible fossé creusé dans la roche ont également été repérés et devront être fouillés pour être datés et mieux comprendre leurs connexions. Il est également prévu d’effectuer par drone un relevé photogrammétrique de la partie sud-ouest de l’enceinte.</p><p>Petite fosse au pied du rempart contenant du mobilier céramique de la fin de l\'âge du Bronze (photo. A. Rivalan)</p><p>Nous avons besoin de votre participation pour pouvoir financer :</p><p>- l\'hébergement de l\'équipe de fouille durant 3 semaines</p><p>- la location de matériel de terrassement afin d\'entamer la fouille du rempart</p><p>- l\'analyse photogrammétrique par drone de l\'enceinte par une société spécialisée</p><p>L’équipe d’encadrement scientifique est composée de Ghislain BAGAN et André Rivalan (chercheurs associés à l’UMR 5140 du CNRS), Thibault Lachenal (chargé de recherche à l’UMR 5140 du CNRS) et Michel Diaz (technicien de fouilles).</p><p>Ces jeunes chercheurs trentenaires, aux cursus universitaires menés à Montpellier ou à Aix-en-Provence, sont Docteurs en Archéologie et spécialistes de la Protohistoire du Midi de la France, une période qui couvre les deux derniers millénaires avant notre ère. Ils oeuvrent aussi bien en archéologie préventive, particulièrement chez Mosaïques Archéologie, qu’en archéologie programmée sur le chantier des Devèzes ou sur la fouille subaquatique de la Motte à Agde (fouille de Th. Lachenal).</p><p>L’opération est portée par l’association les Arts Vailhan, en collaboration avec l’UMR 5140 du CNRS. Créée en octobre 2001, cette association s’est donné pour but la « promotion des arts et du patrimoine ». L’obtention en 2010 du premier Prix du Patrimoine et des Musées du Conseil général a conduit Les Arts Vailhan à développer un ambitieux projet de Mémoires d’une communauté portant sur l’ensemble des communes de la communauté des Avant-Monts du Centre Hérault.</p><p>Elle étend désormais sa mission au patrimoine archéologique de son territoire : numérisation et valorisation des collections, mise en œuvre de chantiers de fouilles, organisation de tables rondes, publications.</p><p>Vous pourrez sur ce lien lire un article dans lequel il est question du site des Devèzes: http://bit.ly/2jrHRgv</p><p>Vous pourrez sur ce lien lire un article dans lequel il est question du site des Devèzes:</p>','https://img.ulule.com/display/b22bbfb528295cad1b6ccaae70df50e0051b4aad/thumbnail/640x360/presales/7/5/7/45757/fig-1-bsr-copie.9BDssKerDbZl.jpg?upscale=1','2016-12-05','2017-02-20',2000,NULL,85),(265,285,'Tesla Magazine','La magazine francophone de l\'électromobilité','<p>Tesla Magazine est un projet passionnant et communautaire qui se développe progressivement depuis 2013 grâce à une thématique d\'exception. Nous sommes un média suivi.</p><p>Notre priorité est d\'évangéliser sur l\'automobile électrique:</p><p>En 2013 et à la création du support, Tesla Motors ne commercialisait pas la Tesla Model S en France mais nous y avons cru et y croyons plus que jamais!</p><p>Aujourd\'hui tout le monde s\'accorde à dire que c\'est LA marque qui attire l\'attention d\'une industrie centenaire autour des enjeux électrique et du véhicule autonome. Nous restons critique et alerte sur les évolutions de ce marché mais il est évident pour nous que la communauté de propriétaires Tesla Motors est pionnière et doit pouvoir échanger sur ses problématiques au travers d\'un média. </p><p>Cependant, nous ne sommes pas un club de propriétaires, nous sommes un carrefour entre propriétaires et passionnés. Tous nos membres sont abordables et savent que d\'autres membres sont simplement là pour apprendre, observer et se renseigner: J\'ai toujours pensé que c\'était notre FORCE.</p><p>Nous comptons sur vous tous pour que cette collecte permette d\'améliorer votre support et avec cela l\'adoption du véhicule électrique (Pensons à notre planète!).</p><p>Community First: Cliquez su cette photo pour vivre notre premier événement au Peninsula!</p><p>Je suis pragmatique, nous avons besoin de vous pour briser un plafond de verre qui nous portera à la hauteur des médias nationaux. Ce n\'est plus envisageable que les enjeux de l\'automobile électrique soient noyés dans des magazines subventionnés par des marques qui construisent des voitures polluantes.</p><p>Nous avons plus de 450 articles rédigés depuis trois ans et il est désormais temps de revoir l\'ergonomie du site, de constituer un espace membre, de communiquer sur le média et de mettre en place des services qui peuvent répondre aux besoins spécifiques des propriétaires de véhicules électriques. C\'est indéniable, les propriétaires de véhicules électriques sont à l\'avant garde et vivent des expériences uniques qui méritent des conseils et du partage.</p><p>Avec votre financement nous ouvrirons les chantiers suivants:</p><p>Refonte du site: Faire appel à une société pour restructurer le site, le forum et ses réseaux sociaux. Devisé à 5000€</p><p>Campagne de communication: Sur Facebook et Google. Devisé à 2000€</p><p>Construire une équipe pour gérer les réseaux sociaux, les commandes et les services. </p><p>Nous avons un forum de plus de 500 membres et nous souhaitons en améliorer l\'expérience pour que nos nombreux membres puissent s\'exprimer simplement et librement.</p><p>Tesla Magazine est un carrefour entre passionnés et propriétaires, nous souhaitons donc proposer des services, consommables et pièces automobile pour rendre de précieux services et permettre aux membres de faire des économies.</p><p>Nous souhaitons construire un service personnalisé de référence pour tous les propriétaires qui recherchent à améliorer leur véhicule.</p><p>Passionné par les nouvelles technologies, j\'aime développer des projets qui permettent d\'aller plus loin. Je souhaite faire de Tesla Magazine un média intégré de référence pour les propriétaires et passionnés de l\'électromobilité.</p>','https://img.ulule.com/display/01fa3cc490e6eaf1d91d1ff91b6116455af347d2/thumbnail/640x360/presales/2/0/6/43602/tesla-magazine-logo.lOufNsQwu4fF.png?upscale=1','2016-12-07','2017-02-03',8000,NULL,2225),(266,286,'Dans le regard de la chambre','Finançons la publication du catalogue de l\'exposition de photographies du phénomène...','<p>L\'objectif est de financer la finalisation de la maquette et l’impression du catalogue de l’exposition de photographies du “phénomène de la camera obscura\" de Claude Martin-Rainaud «Dans le regard de la chambre» qui s\'est tenu à l’Espace Van Gogh d’Arles (France) du 28 décembre 2016 au 22 janvier 2017. Cette exposition rencontre actuellement un grand succès, la plupart des visiteurs réclament le catalogue.</p><p>photographies du “phénomène de la camera obscura\"</p><p>Nous cherchons à réunir 3500€ pour imprimer 200 catalogues.</p><p>Ce financement va servir: \n1) à financer la finalisation de la maquette du livre au format PDF par un graphiste suivant le cahier des charges de l\'imprimeur: 800€;\n2) à payer le travail de l\'imprimeur: 2000€; \n3) à payer l\'expédition des exemplaires imprimés au domicile du porteur de projet: 150€;\n4) à payer les tirages additionnels: 300€ (estimation approximative)\n5) à payer les frais d\'Ulule: 250€. </p><p>Caractéristiques du catalogue:Format fini : 24 x 22 cm à l\'ItalienneFaçonnage: Dos carré cousuCouverture: papier couché moderne mat 350 g/m2 impression recto quadri + Pelliculage satiné rectoIntérieur: 48 pages papier couché moderne mat 170 g/m2 Impression quadri recto/versoImages: 45 photographies couleur légendéesTextes: Remerciements, Introduction, Liste des imagesLangue: Français</p><p>Savez-vous ce qu\'est une photo du “phénomène de la camera obscura”? Avez-vous visité l\'exposition de Claude Martin-Rainaud «Dans le regard de la chambre» qui s\'est tenue à l’Espace Van Gogh d’Arles (France) du 28 décembre 2016 au 22 janvier 2017? Financez ce projet pour publier le catalogue de cette exposition et en acquérir un exemplaire.</p><p>photo du “phénomène de la camera obscura”</p><p>Chacune de ces images surprenantes a été photographiée à l\'intérieur d\'une habitation obscure dans laquelle l\'artiste a fait entrer par un trou de dimensions adéquates la perspective extérieure qui, naturellement, vient se projeter renversée sur toutes les parois de l’intérieur: murs, plafond et sol. C’est ce même phénomène qui a lieu dans l’appareil photo et dans nos propres yeux.Dès son enfance, l’apprenti photographe a perçu fortuitement le \"phénomène” de la camera obscura, puis il l\'a expérimenté et tout au long de sa carrière il a poursuivi le rêve de le photographier. Depuis une douzaine d’années il se consacre à cet exercice qui, pour lui, est devenu un art. Ses recherches artistiques et académiques menées à l’Université Paul Valéry de Montpellier et à l\'Université Ca’ Foscari de Venise ont donné lieu à une thèse de doctorat en littérature comparée soutenue à l’Université d’Avignon. Il expose régulièrement ses travaux et donne des conférences.\n«Dans le regard de la chambre»? Oui, car la chambre que nous habitons, ou celle de l’appareil photographique, tout comme celle de nos yeux, porte un regard sur le monde qui lui fait face, et elle s’en impressionne. La gageure consiste à se poster à l’intérieur de la chambre obscure, dans son regard même, pour y voir apparaître l\'image, contempler et photographier la fusion magique qui a lieu entre les formes, les couleurs, les matières du dedans et celles du dehors renversé.</p><p>Chacune de ces images surprenantes a été photographiée à l\'intérieur d\'une habitation obscure dans laquelle l\'artiste a fait entrer par un trou de dimensions adéquates la perspective extérieure qui, naturellement, vient se projeter renversée sur toutes les parois de l’intérieur: murs, plafond et sol. C’est ce même phénomène qui a lieu dans l’appareil photo et dans nos propres yeux.</p><p>Chacune de ces images surprenantes a été photographiée à l\'intérieur d\'une habitation obscure</p><p>Ses recherches artistiques et académiques menées à l’Université Paul Valéry de Montpellier et à l\'Université Ca’ Foscari de Venise ont donné lieu à une </p><p> en littérature comparée soutenue à l’Université d’Avignon</p><p>la chambre que nous habitons, ou celle de l’appareil photographique, tout comme celle de nos yeux, porte un regard sur le monde qui lui fait face, et elle s’en impressionne</p><p>Page Facebook: https://www.facebook.com/claude.martin.rainaud</p><p>https://www.facebook.com/claude.martin.rainaud</p><p>Page Web de l\'exposition d\'Arles: http://www.arles-agenda.fr/index.php?id=12331</p><p>Page Web de l\'exposition d\'Arles</p><p>http://www.arles-agenda.fr/index.php?id=12331</p><p>Page Web de la thèse de Doctorat:</p><p>Page Web de la thèse de Doctorat</p><p>http://www.theses.fr/2015AVIG1143</p>','https://img.ulule.com/display/8c28bdbf93809dd2d5e282442b6c030222a8026a/thumbnail/640x360/presales/6/1/5/45516/ulule_.Swn8Wp63vcMl.jpg?upscale=1','2016-12-08','2017-02-27',3500,NULL,235),(267,287,'FABRIQUE A SKATEBOARD','Planches Made in France/Made in Jeunes','<p>Au départ : la simple volonté de créer. Nous aimons toucher à tout, faire de nos propres mains, mener des projets. Notre premier outil est notre passion (surtout parce qu’on a pas d’argent). L’idée de base était simple : lancer une marque de vêtement avec nos propres motifs. Après plusieurs mois de réflexion, nous nous sommes enfin lancés. Très vite nous nous sommes aperçus que nous aurions du mal à vendre, qu’il nous fallait une interface et un public à atteindre. C’est pourquoi nous nous sommes lancés dans la création d’un site internet sur le modèle des magazines de street culture en ligne. Cela était un bon moyen de mettre à la vue de tous nos produits tout en proposant un réel contenu au travers d’articles sur l’art, la ride, etc.. Un truc qui en jette quoi !</p><p>: lancer une marque de vêtement </p><p>mettre à la vue de tous nos produits tout en proposant un réel contenu</p><p>Dès le départ, l’idée de créer nos propres planches est venue. Passionné par les sports extrêmes et les sports de rues, nous avons été motivés par un reportage qui présentait deux jeunes français qui avaient montés leur propre fabrique de skateboard MADE IN FRANCE. Nous avons donc immédiatement décidé de fabriquer notre première board. Avec des chutes de bois et des trucks récupérés sur un vieux skate nous avons mené le projet en un week-end.</p><p> Passionné par les sports extrêmes et les sports de rues</p><p>Aujourd’hui nous voulons partager cela avec des moyens qui soient réellement à la hauteur de nos ambitions. (On s’arrêtera pas avant le million). Ce projet de « fabrique à skateboard » ferait donc partie intégrante d’un projet plus global appelé NEAT. Ce projet prend la forme d’un site sur lequel se trouve un espace « magazine » avec des articles sur la street culture, un espace « shop » où se trouverait nos produits, et un espace « chill » qu’on vous laisse découvrir (SURPRISE). Une version papier du magazine serait faite en format A5 où vous pourrez trouver certains de nos articles, ainsi que les derniers produits de notre création. Vous pouvez aller faire un tour sur le site : http://steez1.wixsite.com/neat-squad (Notez également que nous sommes à la recherche de volontaires pour écrire des articles et les partager sur le site).</p><p> des moyens qui soient réellement à la hauteur de nos ambitions. </p><p>un projet plus global appelé NEAT.</p><p>http://steez1.wixsite.com/neat-squad </p><p>L’ensemble des motifs de la marque sont réalisés par nos soins. Nous nous inspirons énormément de ce qui nous entoure. En tant qu’adolescents passionnés d’art nous sommes très attentifs à notre environnement. Nous avons envie de partager un peu notre univers graphique avec vous. Pour la production et le design des planches, nous nous inspirerons des motifs « oldschool », avec des lignes très géométriques. Nous voulons également garder un maximum l’authenticité du bois, qui est véritablement au centre du design de chaque planche. Nous voulons l’utiliser et le mettre en valeur au maximum. Voici 6 exemples de modèles (vous pouvez nous proposer les votres !)</p><p>L’ensemble des motifs de la marque sont réalisés par nos soins. </p><p> garder un maximum l’authenticité du bois,</p><p>Nous avons choisi un bois d’érable, le plus couramment utilisé dans la fabrication de planches. Nous avons également opté pour des modèles « cruisers » allant jusqu’à 60 cm de longueur environs pour 20 cm de largeur.</p><p>L’argent récolté permettra de financer le projet selon le détail rendu ci-contre. Il servira dans un premier temps à acquérir les matières premières (bois et « grip ») ; puis l’outillage nécessaire au travail du bois ; et enfin à acheter le matériel d’entretien et de design de la planche. Évidemment l’argent collecté ne couvrira pas tous les frais, et n’assurera d’ailleurs que la production d’une vingtaine de pièces. Ces 20 pièces serviront de base de lancement de notre projet. Le reste des fonds levés ira à la production des contreparties (parce que ça coûte bonbons). Il financera donc une partie de notre production du « shop » puisque nous proposerons certains de nos produits (casquette, tee-shirts, magazine) à certains paliers. Comme vous pouvez le voir les contreparties constituent presque 50 % de la somme totale du projet. Il nous tient beaucoup à cœur de pouvoir vous les offrir mais nous n’avons malheureusement pas les moyens de tout produire nous mêmes. N’oubliez pas qu’on est étudiants et par extension nous sommes pauvres. Votre aide nous permettra donc également de développer les autres pôles du projet qui sont les pôles « magazine » et « shop ». Vous nous aiderez ainsi à faire la promotion de nos produits en contribuant financièrement aux contreparties. Vous êtes notre seule publicité et sans doute la plus efficace puisque nous sommes en contact direct. Votre aide ne s’arrête donc pas aux simples limites de la fabrication de planches mais permettrait également le développement global de notre activité.</p><p>acquérir les matières premières </p><p>matériel d’entretien et de design </p><p>développer les autres pôles du projet</p><p>Vous êtes notre seule publicité</p><p>ESTIMATIONS : Pour une production de 20 pièces </p><p>Pour une production de 20 pièces </p><p>- scie sauteuse : Scie sauteuse RYOBI RJS750A5 500 W 60€ </p><p>- ponceuse à bande : Triton - ponceuse à bande compacte 64 mm 450 W 55€</p><p>CONTREPARTIES                                                                                                                                      sous-total : 865€ </p><p>+ commission ULULE 5 % = 1585€ </p>','https://img.ulule.com/display/1886499e512b2a743936b48391956893e64361bd/thumbnail/640x360/presales/9/2/2/45229/sans-titre-1.Z4r7tkHI8lOW.jpg?upscale=1','2016-12-08','2017-02-21',1600,NULL,180),(268,288,'En voyage avec Fumi Déglingo à Bali','Un livre pour enfants : Les aventures d\'un petit garçon et d\'un dragon qui découvren...','<p>« En voyage avec Fumi Deglingo à Bali » est un livre pour les enfants (à partir de 4 ans). J’ai décidé d’écrire ce livre car j’ai eu envie de faire voyager les enfants à Bali, et leur faire découvrir cette superbe culture.</p><p>« En voyage avec Fumi Deglingo à Bali »</p><p>« En voyage avec Fumi Déglingo à Bali » suit les aventures d’un dragon extraverti et d’un enfant de 7 ans.</p><p>« En voyage avec Fumi Déglingo à Bali »</p><p>Fumi Déglingo est un dragon qui n’a pas froid aux yeux. Il est toujours là pour aider les enfants à retrouver leur chemin et découvrir le monde. Il emploie des mots et des expressions assez loufoques qui font beaucoup rire l’enfant. C’est un peu « un savant fou ».</p><p>Qualités : Extraverti, marrant, déglingo, déterminé, moralisateur.\nDéfauts : Tête en l’air, capricieux, dingue, perfectionniste.</p><p>Il fait voyager les enfants à travers le monde, et le premier privilégié est un enfant qui habite à Orléans, et qui a 7 ans. Il s’appelle Lucas.</p><p>\nLucas adore les jeux vidéo, et passe son temps devant son ordinateur ou sa tablette.</p><p>Qualités : Joueur, positif, sensible, généreux, attentionné, malin.\nDéfauts : Têtu, boudeur, dissipé, étourdi.</p><p>Fumi Déglingo et Lucas voyagent ensemble et découvrent les merveilles du monde. Il reste encore de  nombreuses pages à découvrir, et une histoire riche en rebondissements.</p><p>Le but est de collecter 2 000 euros, ce qui représente la moitié des frais d’impression. C’est un budget très conséquent que je ne peux financer seule. Le livre imprimé sera au format 15*21cm, 36 pages, dos carré collé.</p><p>Je souhaite auto-éditer mon livre afin de pouvoir faire vivre Fumi Déglingo et Lucas. J’espère que vous m’aiderez à concrétiser ce projet.</p><p>J’ai travaillé avec une super illustratrice qui se nomme UmbreoNoctie. Nous aimons faire rêver les enfants et donner vie à de nombreuses créatures imaginaires.</p><p>Si vous m’aidez le livre pourra sortir en février 2017. Le livre est terminé, il n’attend que vous, et d’ailleurs d’autres histoires de Fumi Déglingo sont aussi en préparation. Nous pourrons retrouver Fumi Déglingo aux Etats Unis, en Espagne… Le but étant que Fumi Déglingo fasse voyager un enfant différent dans chaque livre…</p><p>De nature dynamique et positive j’aime écrire et imaginer des histoires. mon travail en tant que journaliste et scénariste m’a aidé à écrire ce livre.</p><p>Le personnage de Fumi Déglingo a été totalement inventé, je trouvais ça original de retrouver un dragon assez dingue qui puisse nous faire voyager mais aussi nous instruire. Le personnage de Lucas a été totalement inspiré de mon petit frère de 7 ans, c’est d’ailleurs mon premier lecteur. Il a testé le livre en avant première.</p><p>Les livres pour enfants doivent nous donner envie de rêver mais aussi nous apprendre des choses.</p><p>J’ai souhaité faire découvrir Bali et sa culture aux enfants, ils vont pouvoir découvrir des paysages paradisiaques et apprendre la culture Balinaise en même temps.</p><p>J’espère que vous prendrez autant de plaisir à lire « En voyage avec Fumi Déglingo à Bali » que j’en ai pris à l’écrire.</p><p>« En voyage avec Fumi Déglingo à Bali »</p>','https://img.ulule.com/display/1a35101474da518a7c5d27b2f4a587eca67873f3/thumbnail/640x360/presales/9/3/0/45039/page-de-presentation-premiere-page.xXNtlYnLmS2M.png?upscale=1','2016-12-06','2017-02-24',2000,NULL,933),(269,289,'Jeux de Famille','Théâtre d\'objets pour les petits et les plus grands !','<p>MAIS TOUT D\'ABORD QU\'EST-CE QUE C\'EST ?</p><p>UN SPECTACLE QUI A TRAVERSÉ L\'ATLANTIQUE DEPUIS LA BELGIQUE (Vive les frites!) POUR ARRIVER DANS L\'OUEST CANADIEN (We love the \"poutine\"!)</p><p>Jeux de famille est une courte forme de théâtre d’objets pour enfants (petits et grands), à la fois tendre et pleine d’humour, sur le thème de la séparation.</p><p>théâtre d’objets pour enfants (peti</p><p>Ce spectacle a été créé par Anaïs PELLIN lors d’un workshop organisé à Bruxelles en 2014 par le CIFAS et dirigé par Agnès LIMBOS de la Cie Gare Centrale et par Christrian CARRIGNON de la Cie Théâtre de Cuisine.</p><p>Jeux de famille fut ensuite soutenu par la Cie de la Casquette et ses piliers fondateurs, Isabelle VERLAINE, Gérard CORBION, Miguel CAMINO et Yannick BOUDEAU, et s’est développé grâce à leurs encouragments et leurs bons conseils.En effet, ces derniers ont accueilli Jeux de famille (initialement intitulé 1995) dans leur Caravane de Saint-Nicolas en décembre 2014, puis en résidence dans leur théâtre durant le mois d’octobre 2015.</p><p>Fin octobre 2015, une jeune prof de français,Charlotte VAN ASBROECK, débordante d’idées et d’envies de théâtre à explorer avec ses élèves de rhéto, fait venir Jeux de famille dans sa classe, à l’Institut Reine Fabiola à Etterbeek (Bruxelles). La représentation est un franc succès!</p><p>Et maintenant, Jeux de famille a grandi, suite à la rencontre entre deux charmantes comédiennes, dynamiques et pétillantes, Emilie LECLERC et Anaïs, fondatrice du projet, dans l’Ouest canadien.Jeux de famille sera accueilli à partir du 12 janvier (ouh, ça se rapproche!) au sein de l’Alliance Française de Vancouver, avec deux représentations prévues fin janvier (le trac!), l’une scolaire, l’autre jeune public!</p><p>l’Alliance Française de Vancouver</p><p> deux représentations prévues fin janvie</p><p>l’espoir de pouvoir jouer ce projet dans les écoles francophones de Colombie-Britannique et dans les théâtres des provinces voisines et faire ainsi rayonner, par le théâtre, la langue francophone en milieu où elle est minoritaire.</p><p>faire ainsi rayonner, par le théâtre, la langue francophone en milieu où elle est minoritaire</p><p>Enfin, nous sommes portées par le rêve </p><p>une tournée canadienne et européenne</p><p> afin que vous puissiez tous y assister!</p><p> UN DIVORCE, DES CHANSONS, DU SUSPENS, DES REBONDISSEMENTS, TOUT POUR VOUS PLAIRE !  </p><p>C’est une histoire simple, ordinaire, comme il en arrive tous les jours. Un homme et une femme ne s’aiment plus et décident de se séparer. Ils mettent ainsi fin à leur vie commune. Mais que se passe-t-il pour l’enfant né de cette union et qui assiste, impuissant, à la destruction du cocon familial ?</p><p>Pour notre héroïne, Clémentine, à l’instar de ses parents, tout est à reconstruire. La nuance, c’est que personne ne lui a laissé le choix. Car, si Maman et Papa lui avaient demandé son avis, elle aurait dit que non, hors de question, pas de séparation. Mais, par malheur, à son grand désarroi, elle n’aura pas la parole cette fois-ci. Après tout, c’est l’histoire de ses parents.</p><p>si Maman et Papa lui avaient demandé son avis, elle aurait dit que non, hors de question, pas de séparation</p><p>Il n’empêche que, pour Clémentine, le divorce est un mot atroce, un monstre qui lui écorche les oreilles. Elle vit un réel déchirement : d’un côté, son père, de l’autre, sa mère. La tragédie de sa situation, banale pour les personnes qui la côtoient, lui fera quitter prématurément l’innocence de l’enfance.</p><p>À travers les épisodes de son quotidien (l’école, les vacances, les repas de famille, les temps de jeux) et au fil des saisons, Clémentine tente d’apprivoiser sa tristesse. Elle cherchera alors en elle la force et la détermination qui lui permettront de faire le deuil de « la famille des contes de fées ».</p><p>le deuil de « la famille des contes de fées »</p><p>La légèreté et la fraîcheur de l’enfance, avec son humour inconscient, éclairent cette histoire et nous font découvrir, avec une tendre ironie, la séparation vue par les yeux de l’enfant.</p><p>La légèreté et la fraîcheur de l’enfance</p><p>Représentation à la Caravane de la Cie de la Casquette - Décembre 2014</p><p>J\'AI PAS ENCORE TOUT COMPRIS, C\'EST QUOI LE THÉÂTRE D\'OBJETS ?</p><p>THÉÂTRE D’OBJETS ≠ THÉẤTRE DE MARIONNETTES!</p><p>Il ne faut pas confondre théâtre d’objets et théâtre de marionnettes ! Ce sont deux arts bien distincts l’un de l’autre, même si leurs chemins s’entrecroisent et communiquent sans cesse.</p><p>Le théâtre d’objets est un art dit “du pauvre”, un art “de rien”, fait des objets trouvés, abandonnés, récupérés dans les greniers, ou du fond des tiroirs. L’objet devient le partenaire de l’acteur et le décor de l’histoire. Il est le centre de la pièce. Son usure ou sa toute clinquante nouveauté témoignent de son parcours de vie et nous racontent déjà une multitude d’anecdotes sur lui.</p><p>Cependant, dans notre travail, nous tenons à laisser une large part au jeu théâtral. Il s’agit d’un constant aller-retour entre l’acteur et l’objet. L’acteur rend l’objet vivant et lui donne un second souffle de vie sur le plateau.</p><p>constant aller-retour entre l’acteur et l’objet</p><p>Le théâtre d’objet utilise également le vocabulaire du cinéma. Travelling, gros plan, plan serré, plan large prennent vie devant les yeux du spectateur à travers le jeu des comédiens qui manipulent les objets.</p><p>Tout est montré, rien n’est caché. C’est un théâtre mis à nu qui cherche à faire naître la magie de l’histoire, du presque rien. Un théâtre de bout de ficelle et de carton.</p><p>Tout est montré, rien n’est caché.</p>','https://img.ulule.com/display/68d0dd0c9f2516a0c88e99f2667d96feaf22b187/thumbnail/640x360/presales/6/2/3/45326/casquette_octobre_web.jTJJjaGz38Ev.jpg?upscale=1','2016-12-12','2017-02-19',3780,NULL,633),(270,290,'Prends de la hauteur : adopte \"Ton Géant\"','Album de chansons sincères','<p>Si tu m\'adoptes, je pourrais devenir \"Ton Géant\". C\'est désormais mon nom d\'artiste, et celui du futur album.</p><p>L\'album de l\'immaturité ;-). Il y aura du piano, des cordes, quelques rythmes electro, de la guitare... Nous enregistrerons au théâtre des poissons, dans une ancienne chapelle transformée en salle, à l\'acoustique parfaite pour ce genre de projet. </p><p>Auparavant, sous le nom de \"Bertrand &...\" , j\'ai enregistré trois opus et un Live dans les rues, fait dix ans de scène...</p><p>Voici quelques chansons des anciens albums :</p><p>Normalement, ça aurait dû s\'arrêter là, j\'avais plein d\'autres projets, mais...</p><p>Je suis tombé amoureux. J\'ai écrit chaque jour une année durant à la femme que j\'aime, et vécu une magnifique aventure.  J\'étais déjà grand de taille, 1m92... J\'en suis sorti encore plus grand.</p><p>Quand notre histoire s\'est terminée, l\'envie d\'écrire est restée là. C\'est certainement la raison principale qui me pousse à enregistrer ce nouvel album. Le plus triste serait de ne rien en faire ! Je compte sur vous pour que ce projet puisse éclore. </p><p>À l\'image de ce que j\'ai vécu, ce sera un album tendre, confidentiel et personnel. Pour la première fois, j\'ai trop de titres, j\'ai cette chance incroyable de pouvoir choisir les meilleurs pour les enregistrer. </p><p>Ce sera un petit tirage (500 exemplaires), et des moyens modestes mais intelligemment utilisés. On enregistrera sur une courte période. La sortie de l\'album se fera le 7 Avril sur Amiens au Centre Culturel Léo Lagrange à Amiens. </p><p>\nJ\'aimerais bien devenir Ton Géant, Contribue à me faire sortir de ma grotte !</p><p>La pré-production de l\'album a déjà bien avancé : les chansons existent, les arrangements se finissent.</p><p>Reste à produire les 500 cd, payer la SDRM , et accueillir les musiciens dans de bonnes conditions. \nCa donne ça, en gros : </p><p>SDRM (droits d\'auteur et de pressage) : 600,00 €Coffret crystal 12 pages : 800,00 € (si on dépasse le plafond, digipak ! )Salaires Musiciens 1 400,00 €\nOn enregistre sur une très courte période, mais on sera 6 quand même... Frais d\'administration : 140,00 €Frais d\'envoi : 400 €Pourcentage Ulule : 480,00 €Matos enregistrement, frais théâtre des poissons :\n680,00 €</p><p>Matos enregistrement, frais théâtre des poissons :</p><p>Et voilà les 4 500 euros ! Bien sûr il y a un paquet de gens qui - dés à présent - ont déjà apporté de sacrés coups de mains à la réalisation de ce projet. </p><p>L\'association Y\'a comme un lézard qui gère ce projet est une association créée en 2010.</p><p>Elle a pour objectif d\'accompagner les artistes, essentiellement en chanson française et de développer leur projet professionnel afin de leur permettre de rencontrer leur public. Elle met à leur disposition toutes les compétences, les conseils et les outils nécessaires à l\'élaboration et la pérennisation de leurs projets artistiques, ici la production du disque.\nEn 2016, Y\'a comme un lézard entame de nouvelles collaborations artistiques avec Lhomé, chanson française entre rap et slam, Géraldine TORRES, chanson française mais pas que... et les moustaches de Georges, un tribute band qui rend hommage à Brassens, et bien sûr BachibouSouk et Les Pinailleurs.</p><p>Bertrand a sorti 3 albums entre 2004 et 2009 : Mise en boîte, Coloriez-moi ! et Aux politiques anonymes, distribués par l\'Autre Distribution.</p><p>Le groupe Bertrand &... a effectué des centaines de concerts durant cette période. En parallèle, de nombreux projets d\'actions culturelles ont vu le jour, comme les concerts en lycées, et beaucoup d\'atelier d\'écriture.</p><p>IÀ partir de 2009, Bertrand a beaucoup travaillé autour de la rue. Un album enregistré directement dans les rues de la Rochelle, Bourges, Spa a vu le jour : Le live des rues. Par la suite, le groupe a développé un projet de musique de rue déambulatoire.\nDésormais le live des rues s\'est muté en \"bAlllAd\", une expédition sonore avec casques sans fil qui a déjà fait le bonheur de plusieurs festivals de rue.</p>','https://img.ulule.com/display/95ec4362ba6adf50d366605cfbaf39a3b7ba7b8e/thumbnail/640x360/presales/1/1/4/44411/bd-005.G6pWk8yQqtLQ.jpg?upscale=1','2016-12-12','2017-02-06',4500,NULL,2351),(271,291,'Equipement d\'un site d\'escalade au Sénégal','Sécuriser, équiper, former, partager','<p>Parce que l\'escalade n\'est pas seulement un sport mais une manière de voir son environnement, de partager, de se faire confiance.</p><p>Parce que l\'ouverture d\'un site d\'escalade impliquant les populations locales est aussi une opportunité de développement socio-économique par l\'éco-tourisme.</p><p>L\'association sénégalaise d\'escalade et de sports nature débute l\'équipement d\'un nouveau site d\'escalade au sud du Sénégal ainsi que le rééquipement des falaises des Mamelles, magnifique site au cœur de Dakar.</p><p>L\'association mène des actions de démocratisation de l\'escalade mais joue également un rôle important dans la sensibilisation à la protection de l\'environnement. Par exemple, des journées nettoyage et plantation d\'arbres sont organisées aux alentours du site. Elle met en avant une autre manière de voir la valorisation du littoral face à des projets immobiliers de grandes envergures.</p><p>Nettoyage du littoral organisée par l\'association</p><p>Le projet présente 3 volets correspondant à différentes priorités mises en œuvre en fonction de la somme récoltée :</p><p>1er VOLET : EQUIPEMENT D\'UN NOUVEAU SITE D\'ESCALADE et FORMATION DE MONITEURS LOCAUX</p><p>Equipement d\'un nouveau site d\'escalade sur les falaises du village de Bandafassi, dans la région de Kedougou, au sud du Sénégal. L\'équipement du site a débuté en décembre 2016 avec les 4 premières voies d\'escalade. L\'accès aux falaises a été aménagé et un guide local a commencé à être formé à l\'encadrement de l\'activité. Mais cela n\'est que le début ! ...</p><p>Equipement d\'un nouveau site d\'escalade sur les falaises du village de Bandafassi</p><p>… Pour aller plus loin, c\'est à dire ouvrir encore une 20ène de voies et continuer à former Marcel Keita ainsi que d\'autres jeunes, nous avons besoin d\'acheter des points et du matériel. Le site sera alors suffisamment attractif pour faire venir des grimpeurs de partout, favoriser l\'éco-tourisme et développer l\'escalade comme loisir pour les jeunes Bédiks (locaux).</p><p>2ème VOLET : REEQUIPEMENT DES FALAISES DE DAKAR</p><p>Ensuite, nous souhaitons rééquiper les falaises des Mamelles, le site d\'escalade de Dakar. Une cinquantaine de voies ont été ouvertes mais l\'équipement (les points de sécurité pour s\'assurer) vieillit rapidement à cause de l\'érosion dûe à l\'embrun marin. Pour rééquiper ce secteur d\'escalade, nous avons également besoin de fonds importants afin d\'acheter des points adaptés au milieu marin. Le site d\'escalade des Mamelles accueille chaque week-end de nombreux Dakarois et touristes mais également des associations éducatives. Son rééquipement est donc plus que nécessaire : URGENT !</p><p> rééquiper les falaises des Mamelles</p><p>3ème VOLET : CONSTRUCTION D\'UN MUR INTERIEUR</p><p>La construction d\'un mur d\'escalade intérieur afin de démocratiser l\'escalade. Beaucoup ont peur de commencer par affronter les falaises de Dakar. La construction d\'un mur intérieur permettra de créer des cours accessibles à tous et sera une première étape avant de s’aventurer sur les falaises. Il nous permettra également d\'avoir un local disponible pour stocker les baudriers, chaussons et casques avant chaque départ en falaise. Ce dernier volet sera réalisé dès 2017 si nous arrivons à dépasser l\'objectif de 1600 euros.</p><p>La construction d\'un mur d\'escalade intérieur afin de démocratiser l\'escalade</p><p>Le financement servira essentiellement à l\'achat des points d\'ancrage. Il faut savoir qu\'une voie d\'escalade coûte entre 40 et 100 euros rien que pour l\'achat des points, c\'est à dire sans l\'achat de tout le matériel nécessaire à l\'équipement (perforateur, marteau, mousquetons, cordes, baudriers etc.).</p><p>Ces points sont des chevilles métalliques ou gonjons (comme on dit dans le jargon) enfoncées dans le rocher. A chaque goujon est fixée une plaquette par laquelle le grimpeur passe la corde au fur et à mesure de sa progression. Chaque point (goujon + plaquette) coute 6 euros.</p><p>- pour l\'équipement du nouveau site de Bandafassi, nous aimerions récolter 600 euros, ce qui nous permettrait d\'équiper plusieurs grandes voies (>80m), un secteur initiation d\'une 10ène de voies et un secteur loisir d\'une 15ène de voies.</p><p>- pour le rééquipement des falaises de Dakar, nous espérons récolter 1000 euros. Le budget est plus conséquent car les points sont des broches à scellement chimique résistantes à l\'embrun marin et plus stables dans une roche tendre.</p><p>- si nous arrivons à dépasser les 1600 euros, l\'argent récoltée participera à la construction d\'un mûr intérieur d\'escalade. La taille du mûr dépendra de la somme récoltée, mais nous estimons à 1000 euros la somme nécessaire pour la construction d\'un mûr suffisamment attractif.</p><p>construction d\'un mûr intérieur d\'escalade</p><p>Installation d\'un point d\'ancrage au perforateur</p><p>Greg vit à Dakar depuis 6 ans. Instituteur, il a ouvert de nombreuses voies sur les falaises de Dakar. Ce haut normand ne manque pas d\'imagination pour démocratiser la grimpe au Sénégal !</p><p>Théo travaille comme agronome au Sénégal. Passionné d\'escalade qu\'il pratique depuis 10 ans, il s\'est très vite investi dans l\'équipement en falaise.</p><p>Marcel est un Bédik de Bandafassi. Lorsqu\'il a vu Greg et Théo suspendus dans le vide au-dessus de son village, perçant et martelant le rocher, il a couru vers les falaises .... 4 jours après il descendait seul 100m de falaise en rappel. Marcel participe activement à l\'équipement des falaises de Bandafassi tout en étant formé à l\'encadrement. Chef scout de son village, il accompagnera bientôt les jeunes de sa communauté à affronter les falaises de Bandafassi. Sa formation terminée, il pourra également accompagner les touristes et les encadrer à l\'escalade.</p><p>https://www.facebook.com/Escalade.Senegal/</p>','https://img.ulule.com/display/3b9bb240a039a90242c241a0453672c9b9326837/thumbnail/640x360/presales/9/5/7/45759/presentation_projet.OfmG4vnwdfJh.jpg?upscale=1','2016-12-15','2017-03-02',1600,NULL,346),(272,292,'Go Stop-Go','Pour un Sourire d\'Enfant','<p>Avez-vous déjà fait de l’autostop ?</p><p>On en fait NOTRE PROJET HUMANITAIRE : Il s’appelle Go Stop-Go !</p><p>                                         </p><p>Le principe : 30 participants en binôme relient Marseille à Gênes (450 km) en stop !!!</p><p>Les organisateurs : 4 étudiants en Ecole de Commerce à l’EMD à Marseille.</p><p>Mais vous allez nous dire : « Pourquoi faire ? Quel est le but ? » Eh bien au profit de l’association Pour un Sourire d’Enfant (PSE).  </p><p>Depuis 20 ans, elle sort des milliers d’enfants cambodgiens de l’extrême misère et les conduit à un métier qualifié, digne et correctement rémunéré.</p><p>Nous voulons faire de ce projet une aventure humaine !</p><p>Il est plus aisé de rester assis dans un canapé que d’affronter les routes et l’inconnu. Nous voulons simplement sortir de notre confort, donner de notre personne, de notre cœur : nous dépasser, nous engager.</p><p>Tous les Go-stoppeurs sont à l’EMD, école qui se différencie par les valeurs humaines et éthiques qu’elle véhicule et nous enseigne. C’est en donnant que l’on reçoit, il n’y pas de doutes !</p><p>Chaque étudiant paie 30 € pour les besoins primaires de la course (nourriture, hébergement et retour), mais cela ne suffit pas. Avec l’argent collecté, nous allons compléter le budget nécessaire et reverser les surplus à l’association « PSE ».</p><p>Chaque étudiant paie 30 € pour les besoins primaires</p><p>L’objectif principal reste d\'aider financièrement l’association et bien sûr de la promouvoir auprès des personnes que nous rencontrerons.</p><p>Pour 5 € ou + : Une affectueuse pensée quand nous serons tous arrivés à Gênes.</p><p>Pour 10 € ou + : Une carte postale de Gênes signée par tous les participants.</p><p>Pour 50 € ou + : Une carte postale de Gênes signée par tous les participants + le film «Les pépites» (sortie prévue en février 2017).</p><p>Pour 80 € ou + : Une carte postale signée par tous les participants + un grand remerciement sur notre page Facebook + un pull à capuche floqué du logo « Go Stop-Go » et du logo de « PSE » (Go Stop-Go soutient PSE).</p><p>Pour 100 € ou + : Une carte postale signée par tous les participants + un grand remerciement sur notre page Facebook + un pull à capuche floqué du logo « Go Stop-Go » et du logo « PSE » et le film « Les pépites » (sortie prévue en février 2017)</p><p>Je m’appelle Louis-MarieCortes, j’ai 23 ans et je suis en troisième année d’école de commerce à Marseille.</p><p>Chef du projet, j’aime donner du temps pour des causes qui me plaisent. Ces dernières années, j’étais membre d’une association encadrant 35 jeunes pour les aider à grandir et s’épanouir.</p><p>Je crois vraiment en ce projet et je vous remercie d\'avance de votre soutien.</p>','https://img.ulule.com/display/274d232349718ed0aeff678b781fb6f25d3cc4f4/thumbnail/640x360/presales/7/3/9/44937/logo.11IS0EgmcGD8.jpg?upscale=1','2016-12-12','2017-02-19',980,NULL,480),(273,293,'BE4T SLICER','\"5th Element\" - premier EP','<p>Vinyle et CD digipack en pré-commande exclusive</p><p>Tout est allé très vite en l’espace de quelques mois : premières compos, premiers concerts et premiers retours positifs... Nous voici aujourd\'hui, pour la sortie de notre premier EP « 5th Element ».</p><p>Rendez-vous :  vendredi 24 mars 2017 à l’Aéronef de Lille, pour la Release Party.</p><p>Nous sommes Lillois et nous sommes quatre. A huit mains, on crée, invente et expérimente. On triture, hache et découpe. Use du sample, sans en abuser. Le résultat : une fusion musicale astucieuse et des sonorités étonnantes grâce aux instruments qui jamais ne s’effacent au détriment des machines !</p><p>L’Aéronef de Lille et la PAM (Pépinière d’Artistes de la Métropole Lilloise) ont choisi de porter notre projet en 2017.</p><p>L’EP : l’animal, l’objet, le fameux…</p><p>02. Petit Matin feat. Moh El Hilali / Amélie D. Noordzee</p><p>03. 5th Element feat. Amélie D. Noordzee</p><p>Studio d’enregistrement : ce qu’on était bien à la \"Maison\"…</p><p>Mastering : Rémy Boy  -  Conception graphique : HB District</p><p>Edition : Chancy Publishing  -  Promo/marketing : Ping Pong / Ninja Tune</p><p>Label : Sound Sculpture Records</p><p>Ton soutien va nous permettre de faire presser notre vinyle et notre CD digipack.</p><p>On compte sur toi pour nous aider à diffuser et à partager l’info !</p><p>Et quoi que tu fasses pour nous : big up à toi !</p><p>PS : on essaiera au max de te faire économiser des frais inutiles. Ce sera bon pour ton budget et ce sera très bon pour la planète. C’est-à-dire que tes packs seront à retirer en mains propres lors de notre release party ou l\'un de nos prochains concerts… et puis si c\'est vraiment pas possible, on s\'arrangera avec toi ;)</p><p>         Charly Nine                      D. Lee.K                            Veeko                              Spung</p><p>Les membres du groupe BE4T SLICER :</p><p>Charly Nine : claviers + machines</p><p>Réalisation du clip \"5th Element\" : Tarmack Film</p><p>Nous sommes également appuyés par notre éditeur François Julien de Chancy Publishing, ainsi que les membres de Ping Pong pour la partie promo/marketing que nous remercions pour leur aide précieuse : Barbara, Manon et Jaïs. Sans oublier le soutien de l\'Aéronef, de la PAM (Pépinière d \'Artistres de la Métropole Européenne de Lille) et de la Brigade d\'Intervention Culturelle.</p><p>Ecoutez-nous sur Soundcloud -> https://soundcloud.com/be4tslicer</p><p>https://soundcloud.com/be4tslicer</p><p>Regardez nous sur Youtube -> https://www.youtube.com/channel/UC36MgMYD3gl54PAlHWwIr4A</p><p>https://www.youtube.com/channel/UC36MgMYD3gl54PAlHWwIr4A</p><p>Likez nous sur Facebook -> https://www.facebook.com/be4tslicer</p><p>https://www.facebook.com/be4tslicer</p>','https://img.ulule.com/display/e36f6991d9e4ca245be082c13f31ff6a427edad4/thumbnail/640x360/presales/2/3/0/45032/banniere-ulule-2.R9YbQGj6M26i.jpg?upscale=1','2016-12-05','2017-02-17',1500,NULL,324),(274,294,'Voyage naturaliste et culturel lycéen','Recherche sur l\'environnement et l\'aménagement du territoire en Italie et en Croatie','<p>Nous sommes 36 élèves de bac STAV (Sciences et Technologies de l\'Agronomie et du Vivant) du lycée agricole de Carmejane, dans les Alpes de Haute Provence. Notre spécialité étant l\'environnement et l\'aménagement du territoire, nous avons souhaité monter un projet de voyage culturel et naturaliste en Italie et en Croatie. </p><p>Nous sommes 36 élèves de bac STAV </p><p> un projet de voyage culturel et naturaliste en Italie et en Croatie. </p><p>Les deux thèmes de notre voyage seront la problématique de l\'érosion face à la surfréquentation et au tourisme de masse à Venise, puis la question de la préservation de la biodiversité et la sanctuarisation d\'un territoire hors du commun avec le parc national Croate de Plitvice, classé au patrimoine mondial de l\'UNESCO.</p><p> la problématique de l\'érosion face à la surfréquentation et au tourisme de masse à Venise</p><p> la préservation de la biodiversité </p><p>Il a un double objectif : culturel et naturaliste. L\'intérêt étant d\'aller à la rencontre de nouvelles cultures européennes, de parler activement l\'italien, et de découvrir un patrimoine architectural et historique unique, mais aussi de mieux appréhender les problématiques naturalistes et environnementales sur sites.</p><p>Il a un double objectif : culturel et naturaliste.</p><p>Ce voyage sera le support d\'une restitution collective présentée au sein de l\'établissement, mais aussi de la création d\'un blog géré par les élèves pour partager avec les internautes leur expérience.</p><p>Le mot des profs : \"Il nous semble indispensable aujourd\'hui de permettre aux élèves de découvrir des territoires différents de ceux qu\'ils connaissent. Ils doivent être sensibilisés aux enjeux écologiques et à l\'importance de le sauvegarde de la biodiversité. Nous souhaitons également leur faire prendre conscience de la richesse du patrimoine culturel qui les entoure.\"</p><p>Il nous semble indispensable aujourd\'hui de permettre aux élèves de découvrir des territoires différents de ceux qu\'ils connaissent. Ils doivent être sensibilisés aux enjeux écologiques et à l\'importance de le sauvegarde de la biodiversité. Nous souhaitons également leur faire prendre conscience de la richesse du patrimoine culturel qui les entoure.</p><p>Pour réaliser ce projet nous avons besoin de votre soutien!</p><p>Le coût de ce séjour ne peut pas être entièrement assuré par les familles des élèves et le lycée.</p><p>Merci par avance de nous aider à sa concrétisation.</p><p>Nous nous mobilisons depuis plusieurs semaines pour organiser ce voyage en Italie, Slovénie et Croatie d\'une durée de sept jours.  Ce séjour s\'inscrit pleinement dans notre formation. Au delà de nous ouvrir sur le monde, il nous permettrait d\'étudier des exemples concrets d\'aménagement du territoire selon des problématiques variées (érosion, préservation de la lagune face au tourisme de masse, préservation de la biodiversité, fragilité des milieux aquatiques, etc.).\nPour boucler le financement de ce projet, il nous manque à l\'heure actuelle environ 3000 euros. Cette somme représente moins d\'un quart du budget total.</p><p>d\'étudier des exemples concrets d\'aménagement du territoire</p><p>il nous manque à l\'heure actuelle environ 3000 euros</p><p>Une participation financière sera bien entendu demandée aux familles, mais toutes ne peuvent pas assumer le coût d\'un tel voyage.</p><p>En ce qui concerne nos autres actions, nous tenons des stands de boissons chaudes lors de diverses occasions, nous organisons une grande tombola, et au cours d\'un atelier de pépinière, nous avons réalisé des boutures, des semis et des marcottes de plantes vivaces que nous allons vendre pour les fêtes.</p><p>Bastien, Camille, Albane, Sylvain, Antoine, Alexia, Fiona, Margot, Jonathan, Anthony, Andréa, Julie(s), Perrine, Soumaya, Dylan, Elsa, Nicolas, Nathan, .... et tous les autres, ainsi que nos professeurs, Mme Soave, M. Beguel et M. Lazarin.</p>','https://img.ulule.com/display/06776c0ca339177c3eb10b945bf2cced8477bb5d/thumbnail/640x360/presales/0/2/9/43920/plitvice-031-1365x768.MBIOReTjk20C.jpg?upscale=1','2016-12-16','2017-02-11',1500,NULL,1370),(275,295,'L\'Extra-Imaginarium de la famille Lunizoni','Fête foraine de l\'autisme','<p>L’Extra-Imaginarium de la famille Lunizoni, est un spectacle déambulatoire sur l’autisme mêlant le clown, la marionnette, le conte, la musique et un parcours interactif et pédagogique reprenant l’univers de la fête foraine. Le spectacle a pour objectif d’éclairer, informer et transmettre sur les troubles du syndrome autistique. Pendant 1h15 le spectateur pourra passer de stand en stand faisant du décors un vrai terrain de jeu et d\'apprentissage. Ce spectacle a été conçu pour jouer dans des lieux variés (extérieurs, préaux, salles de spectacle,...).</p><p>L’autisme est un sujet qui touche toutes les catégories socioprofessionnelles et n’a pas de frontières sociales ou sociétales. En effet une personne sur cent naît avec une forme d’autisme, c’est une réalité collective, que nous avons envie d\'aborder avec un public le plus large possible.</p><p>Après une tournée internationale, l’illustre famille Lunizoni et sa grande fête de l’autisme, arrive enfin près de chez vous. Forains de cousines en cousins depuis 1889, les Lunizoni, vous ont réservé une étrange déambulation dans le monde de l’autisme. Laissez vous surprendre par le mystérieux panopticum du docteur Fraude, envoûter par la diseuse de bonne aventure. Tremblez face aux roues de l’infortune et découvrez pour la première fois en France, l’infaillible Freudomètre. Venez vous divertir en famille ou entre amis, amusement garanti ! </p><p>Etre autiste c’est être diagnostiqué autiste. Grâce aux témoignages et recherches que nous avons recueillis, nous avons remarqué que le diagnostic n’est pas qu’un point de départ mais un parcours beaucoup plus complexe. Dans la maison qui rend fou, nous proposons une interprétation de ce « parcours », chaque stand représentant une étape.</p><p>Chaque spectateur se verra remettre une fiche à l’entrée qu’il devra remplir avant de la faire « valider » par le docteur Fraude à la sortie.</p><p>Ce premier stand reprend un jeu de « palet planche », classique. Il permet d’établir si le joueur est neurotypique (non autiste) ou autiste en fonction de la direction que prend le palet. Mais notre public n’aura pas le choix, il sera forcément autiste. Dans l’Extra-imaginarium, la seule norme est d’être autiste.</p><p>Il s’agit de roues que le spectateur fait tourner afin de préciser le syndrome dont il est « atteint » et de le mettre en perspective avec d’autres facteurs de naissance (couleur des cheveux, lieu de naissance…), pour en faire ressortir l’aspect aléatoire et non choisi.</p><p>Reprenant le traditionnel « marteau de force », Le Freudomètre indiquera le nombre d’années de psychanalyse nécessaire au spectateur qui l’actionnera. Ici nous apportons une vision décalée sur la place prépondérante qu’a prise la psychanalyse dans le traitement et le diagnostic de l’autisme.</p><p>Dans ce couloir de miroirs le spectateur est invité à se confronter à une multitude d’images déformées de lui-même. Il s’agit d’un jeu de réflexion sur la différence qui questionne le regard que l’on pose sur la société et qu’elle pose sur nous dès lors qu’on est diagnostiqué comme « différent ».</p><p>Le Panopticum du Docteur Fraude</p><p>Il s’agit du bureau du Docteur Fraude, où celle-ci réalise ses expériences sur un crâne ouvert. Elle valide ensuite les «fiches diagnostics» des spectateurs. L’objectif de ce stand est double : mettre en avant le côté inéluctable du diagnostic et montrer qu’une fois celui-ci  posé on devient un sujet d’expérimentations.</p><p>Être autiste, c’est faire l’expérience d’un rapport au monde différent. Dans ce carrousel, nous proposons une série de stands articulée autour de témoignages de personnes avec autisme, de proches, et de soignants, pour rendre compte de façon sensible d’un vécu.  </p><p>Reprenant l’esthétique du jeu traditionnel, il sera proposé aux spectateurs d’écouter dans les boites de conserves du chamboule tout, des témoignages de personnes avec autisme et de leurs proches sur ce qui a changé dans leur vie après le diagnostic posé. L’objectif est ici de donner à entendre dans une ambiance intime des tranches de vie.</p><p>Ce stand vidéo entre le « kinétoscope » et la « lanterne magique » deux ancêtres du cinéma, propose au spectateur d’observer le maniérisme des mains de Julien,  jeune homme autiste. Sous un angle poétique, c’est pour le spectateur  l’occasion de découvrir cette spécificité autistique, il est d’ailleurs invité à comparer ses propres mains par un jeu de superposition.</p><p>Dans sa boule de cristal, la diseuse de bonne aventure lira l’avenir. Ce conte est écrit par Josef Schovanec, il propose une vision de ce qui peut attendre l’enfant autiste devenu grand. L’occasion de sensibiliser le public à une réalité non médiatisée mais bien réelle.</p><p>Ce stand fermé est celui de Patrick, le clown Asperger coincé dans «La Maison qui rend fou»  pour comprendre son diagnostic. Ce stand est ouvert avant ou après la représentation pendant les ateliers du spectateur. Les ballons sculptés faisant un clin d’œil aux différents centres d’intérêts des enfants autistes ou non autistes (dinosaures…).</p><p>Ce stand propose plusieurs zootropes, des jouets optiques donnant l’illusion de mouvements de personnages animés, autour de la stéréotypie. Ici le spectateur découvre ces reproductions involontaires de gestes, très présentes dans le quotidien des personnes avec autisme.</p><p>Être autiste, c’est souvent essayer de ne plus l’être. Faire face à des prises en charges plus ou moins adaptées, onéreuses et parfois farfelues.</p>','https://img.ulule.com/display/e34abe3833bd1f546b0b4f0017a7e53a9e001fb1/thumbnail/640x360/presales/8/5/1/45158/affiche4.oJChG02BF2kI.jpg?upscale=1','2016-12-10','2017-02-03',10000,NULL,300),(276,296,'80 m²','Court-métrage','<p>Avec mon équipe d’étudiants d’Arts du spectacle et audiovisuels de Metz et d’autres membres provenant de Lorraine, nous nous proposons de questionner et de remettre en cause les moeurs de notre époque à travers la réalisation de 80 m².</p><p>X, un jeune homme, ne peut pas sortir de son appartement. Sous l’emprise de sa monotonie, il ne vit que par la répétition de gestes qui déterminent ses jours. Quand il repère une jeune femme qui marche dans la rue, tout son quotidien change. X la filme afin de se rapprocher d’elle. Alors que ses provisions alimentaires diminuent, il va créer un monde imaginaire pour se distraire de la réalité quotidienne.</p><p>Pourquoi X ne sort-il plus de son appartement ? Sans problèmes financiers ou handicap qui pourraient expliquer la situation du jeune homme, sa sédentarité est due au confort qui s\'est instauré dans notre société : Les technologies qui ont rendu notre quotidien plus agréable freinent les relations humaines. X, n’ayant pas de contact avec l’extérieur, a été abandonné par la société.</p><p>Malgré toutes les occupations dont le jeune homme dispose - notamment une bibliothèque remplie de littérature et de CDs - son quotidien reste morne et monotone. Son passé ne se résume plus qu’à des vidéos et photos qui n’ont plus de lien avec son présent.</p><p>Dans 80 m², nous ne pouvons pas estimer le temps qui passe. Les seuls indices temporels que nous avons, sont l’épuisement des provisions, et le passage récurrent d’une jeune femme dans la rue.</p><p>Ce court-métrage traite de la vie d\'un jeune ayant toutes ses chances dans la société. Cependant, isolé d’un monde qui cherche toujours à obtenir plus  – le plus grand, le plus vite, le plus beau – ce personnage devient invisible.</p><p>Pouvons-nous vivre indépendamment de la société actuelle ?</p><p>Fenêtre sur cour d’Alfred Hitchcock</p><p>Comment est-il possible qu’un film qui montre un personnage diminué par le port d’un plâtre garde sa tension pendant toute la durée ? Hitchcock savait bien mettre en jeu le langage cinématographique, par de longues focales par exemple, pour que nous suivions tout ce qui se passe autour de James Stewart.</p><p>Au hasard Balthazar de Robert Bresson</p><p>Que ce soit un gros plan sur un geste furtif ou que ce soit un champ-contrechamp entre deux personnages, Bresson maîtrise la transmission des émotions et permet  l’empathie par les moyens de la mise en scène et de la photographie.</p><p>Ce court-métrage résume les grands sujets de notre époque. Nous croyons tout voir avec nos gadgets mais nous manquons les choses essentielles de notre quotidien.</p><p>Le fameux cycle de Schubert m’accompagne depuis longtemps. Inspiré du recueil de poèmes de Wilhelm Müller, il exprime les grands enjeux du romantisme allemand et montre poétiquement et musicalement les souffrances du randonneur seul.</p><p>Le diagramme ci-dessous illustre les points déterminants pour la réalisation du projet et te montre pourquoi nous avons besoin de toi.</p><p>Arrivé en France il y a deux ans, j’ai eu l’occasion de participer en tant qu’acteur au court-métrage Délectation et de réaliser le clip Partager pour le Luxembourg City Film Festival. Je me lance à présent dans la réalisation de mon premier court-métrage, 80 m², en parallèle de mes études de Cinéma à l’Université de Lorraine. J’ai la chance d’avoir pu rassembler une équipe excellente constituée d’étudiants et de professionnels.</p><p>En étude de Cinéma à l’Université de Lorraine, il aime à trouver sa place autant derrière que devant la caméra : l’année dernière, il a réalisé Kuru et interprète le personnage de Sébastien dans Rêves : au delà du désert de Julien Steffenoni. De nature très rêveur, il espère sincèrement correspondre au personnage créé par Peter et lui apporter tout ce qui sera nécessaire à son épanouissement.</p><p>Colombienne, Michelle arrive en France en 2015. Elle suit des études en LEA à l’Université de Lorraine. Ayant fait du théâtre et participé à plusieurs courts-métrages en Colombie, elle a décidé de renouveler cette expérience à Metz.</p><p>Il a fait ses études à l\'IECA de Nancy avant de monter son entreprise dans l\'audiovisuel il y a deux ans. Passionné par l\'image, il aime permettre aux spectateurs de voyager à travers une histoire à l\'aide de la lumière et de sa caméra.  </p><p>Originaire de Hong Kong, elle suit des études en CMOPC à l’Université de Lorraine. Elle a participé à différents longs métrages et courts métrages comme She Remembers, He Forgets d’Adam Wong et Délectation de Jonas Perrin.</p><p>Après avoir fait des études de commerce, il choisit de s’orienter vers des études en Audiovisuel. Il a travaillé sur plusieurs courts-métrages dont La Blouse de Lionel Kassa et Partager.</p><p>Tombée dans l\'univers des costumes lors de sa première année de licence d’Arts du spectacle et audiovisuels, elle a eu l\'opportunité de participer à des pièces de théâtre et un court-métrage afin d’exploiter ses talents.</p><p>Chargée de communication/Assistante réalisateur</p><p>Diplômée d’un Master en Design industriel de Strate - Ecole de Design de Paris, motion designer et étudiante en Cinéma à l\'Université de Lorraine, Alice a eu l\'occasion de travailler comme scripte sur Le Malentendu de Jean-Christophe Hadamar et comme première assistante réalisateur sur La Blouse.</p><p>Après 14 ans d’études aux Conservatoires d’Epinal et de Nancy, il rejoint la Music Academy International, dont il ressort diplômé en Musique à l\'image et d\'une formation de son. Il crée son entreprise, en exerçant ses compétences de technicien (road, son, mixage, mastering, enregistrement).</p><p>Voici des liens vers les travaux de notre équipe :</p><p>Partager de Peter Auer-Grumbach</p>','https://img.ulule.com/display/8307f90f3a72ef0b48ec11cd56035d1078a42b4c/thumbnail/640x360/presales/7/5/6/44657/image-principale-v2.SF0pHrqzuj19.jpg?upscale=1','2016-12-15','2017-03-03',1800,NULL,1695),(277,297,'PÉNIBLES se met en boîte','La box PÉNIBLES','<p>PÉNIBLES c’est quatre rédactrices, un webzine et une grande envie de proposer quelque chose de nouveau. Présenter de nouveaux projets qui font boum, parler de livres qui nous ont fait crier waou, raconter des histoires qui chatouillent l’imagination... Un peu de voyage, un peu de culture, un peu de sexe (hmmm c’est coquin), un peu de mode (enfin, notre idée de la mode), un peu de psychologie de comptoir, un peu de nostalgie des 90s, un peu d’actu, un brin de WTF, mais surtout, un ton. Le ton PÉNIBLES.</p><p>Après un an de joyeux services, on a envie de faire entrer ce ton dans toutes les chaumières sous une forme nouvelle. Une box. Une box PÉNIBLES.</p><p>Une petite boîte pleine de cadeaux, qui défiera les us et coutumes, qui arrivera quand on ne l’attend pas, qui dira zut aux habitudes et aux convenances, mais une box qui fera plaisir à coup sûr !</p><p>L’idée est là, on est prêtes, il ne manque plus que votre aide pour donner vie à tout ça.</p><p>Ben ouais, quoi ! A la Saint-Valentin, y\'en a que pour les amoureux.</p><p>Quid des amoureux transis qui viennent de se faire guer-lar et qui chialent toute la soirée devant la saison 1 de Degrassi Nouvelle Génération (Mani qui doit avorter, Emma qui est trop coincée, Craig qui sombre dans la drogue, tout ça) ?</p><p>Quid du Choubidou dans l’impasse ? Le ou la Choubidou qui n’attend qu’une chose, dire “je casse” à son/sa partenaire mais qui n’ose pas parce que c’est la sacro-Saint-Valentin ?</p><p>Quid de la bonne copine qui n’arrive pas à essuyer les larmes de son ami(e) esseulé(e) ?</p><p>On n’y pense jamais, à tous ces gens !</p><p>Le concept de la box PÉNIBLES est le suivant : à l’image de nos rubriques, chaque box contiendra :</p><p>Un objet culturel : un livre, un guide touristique, des tickets pour un spectacle, de la musique, un DVD ou que sais-je encore</p><p>De quoi grignoter : de bons produits artisanaux bien sûr  </p><p>Un objet DIY/à tester : de quoi mettre les mains à la pâte (couture, jardinage, peinture, déco, beauté, bien-être…)</p><p>Des petites surprises diverses et variées en bonus</p><p>A chaque fois, ces objets correspondront au thème de la box. Et la box en elle-même sera assez canon pour devenir un objet de collection, parce qu’on fait pas les choses à moitié.</p><p>On vous voit venir : “Des objets Rupture amoureuse ? Mais qu’est-ce qu’elles nous préparent chez PÉNIBLES ?“</p><p>Ne croyez pas qu’on va tout vous révéler comme ça ! La joie de recevoir une box tient à la surprise.</p><p>Mais on vous assure que vous recevrez des objets de bonne qualité et qui valent le détour. Si le concept de la box est plein d’humour, son contenu c’est du sérieux.</p><p>\nC’est notre première fois, on tâtonne, on essaye. On a lu des livres mais ça ne dit pas tout. On nous a dit “tu verras, ça vient tout seul”, mais quand même : pour notre première fois, on a besoin de vous.</p><p>Pour éviter les stocks qui croupissent et vous proposer le meilleur prix, on fonctionne par pré-commande. Si vous êtes in, on déballe les cartons, on met tout en boîte, on enfile nos baskets et on vous envoie la box “Rupture” avant la date fatidique. (Faudrait pas louper le coche !)  </p><p>Offrez donc (ou offrez-vous) la box Rupture à la Saint-Valentin !</p><p>Grâce à votre aide, la box PÉNIBLES pourra s’envoler vers de nouvelles planètes !</p><p>Une Box Des Tox pas détox avant l’été, une Box de Noël sous le cagnard du mois d’août, une Box de la lourdeur pour la soirée du débat présidentiel… On déborde d’idées !</p><p>La box Rupture coûte 25€, ce coût comprend les frais d\'envoi. Soyez les premiers à nous soutenir et vous aurez le droit à cette box au prix exceptionnel de 23€ !</p><p>Il fut un temps où les quatre rédactrices de PÉNIBLES se réunissaient matin, midi et soir autour d’une table de cantine pas trop propre, et rêvaient ensemble de jours meilleurs.</p><p>En fait, PÉNIBLES est né sur cette table, entre un croissant surgelé et une moussaka baveuse. Autant dire que dans ces conditions, le projet s’annonçait déjà diablement original !</p>','https://img.ulule.com/display/2bbeff12426fbcadcef728a33c13b77e1bfd2d8b/thumbnail/640x360/presales/2/1/4/44412/la-box.HpvBrXlvw8cK.png?upscale=1','2016-12-04','2017-03-01',50,NULL,41),(279,299,'Ensemble Vocal L\'Horizon Chimérique','Pour un premier concert de promotion le 9 avril 2017','<p>L\'Ensemble Vocal L\'Horizon Chimérique, qui regroupe environ 20 jeunes chanteurs professionnels, souhaite défendre la musique vocale à Capella et promouvoir la création musicale suisse dans le bassin Lémanique. Nous souhaitons ancrer à Genève un ensemble vocal mixte professionnel de haute qualité et encourager son rayonnement dans la région et à plus grande échelle. Nous avons besoin de votre soutien pour la promotion de l\'ensemble grâce au premier concert de lancement qui aura lieu à Genève le 9 avril 2017. </p><p>Grâce à votre financement, L\'Horizon Chimérique pourra se produire en concert le 9 avril à Genève. Ce concert permettra à l\'Ensemble d\'avoir une visibilité dans la région Genevoise et sera l\'occasion de réaliser tous les supports de communication nécessaires aux dossiers de demandes de subventions et de mécénat : clip vidéo de qualité, photos professionnelles de l\'ensemble, enregistrement audio haute résolution. L\'argent collecté permettra également le défraiement du chef de choeur et des chanteurs professionnels, la location de l\'église, la réalisation des affiches et flyers pour la promotion du concert ainsi que le financement du cameraman et du photographe. Une partie ira également à la commission  Ulule.</p><p>PRESENTATION DE L\'ENSEMBLE ET PROJET ARTISTIQUE </p><p>L\'Horizon Chimérique est un Ensemble Vocal mixte professionnel composé d\'une vingtaine de jeunes chanteurs, fondé à Genève en 2016 par son directeur artistique Benoit Dubu. Grâce à des chanteurs investis et confirmés, pour la plupart issus des Hautes Ecoles de Musique de Suisse Romande, L\'Horizon Chimérique s\'attache à développer sa propre identité sonore en fidélisant un noyau de chanteurs. Défenseur de l\'art vocal à capella, l\'ensemble souhaite faire découvrir à un large public toutes les facettes de ce riche répertoire, en mettant à l\'honneur ses compositeurs de prédilection (Poulenc, Nystedt, Bach, Franck Martin...).</p><p>L\'ensemble vocal aspire également à proposer une porte d\'entrée dans le monde professionnel à de jeunes chanteurs régionaux. En effet, son chef de choeur fait collaborer des chanteurs professionnels avec des étudiants encore en formation au sein des conservatoires du bassin lémanique. Ils ont ainsi la possibilité d\'aborder le grand répertoire pour choeur mixte et le style contemporain auprès de chanteurs aguerris et actifs dans le milieu de la musique.</p><p>Le choeur entend défendre et diffuser la création contemporaine ; il entreprend ainsi un travail en collaboration avec de jeunes compositeurs suisses et étrangers. En effet, sensibiliser le public à des sonorités nouvelles, aux différents usages de la voix et à l\'aspect ludique de la musique contemporaine est une des priorités de L\'Horizon Chimérique. Le choeur est évidemment ouvert à la naissance de partenariats et d\'échanges culturels avec divers ensembles vocaux et instrumentaux.</p><p>Benoît Dubu découvre le chant choral dès son plus jeune âge et intègre le choeur d\'enfants La Cigale de Lyon. Il y découvre un répertoire exigent, notamment en participant à des Concours Internationaux comme celui de Montreux ou à des manifestations comme \"Europa Cantat\". Après des études d\'ingénieur du son, il entre en licence de Musicologie à Lyon et intègre parallèlement la classe de chant du CRR de Lyon et la classe de direction de choeur de Leslie Peteers à l\'ENM de Villeurbanne. Pendant cette période, Benoit Dubu découvre l\'esthétique lyrique et continue à affuter ses compétences en direction en chantant dans différents ensembles comme le « Choeur National des Jeunes A Coeur Joie », lauréat du Concours International d\'Arezzo et le choeur « Alter Echo », lauréat des Concours Nationaux et Internationaux de Tours en 2007 et 2008. Il cotoie alors des chefs de choeur prestigieux comme Valérie Fayet, Brady Allred, Loic Pierre, Geoffroy Jourdain, Filippo Maria Bressan ou Laurence Equilbey, qui influencent beaucoup sa direction et sa façon d\'aborder la musique.</p><p>Fort de ce parcours atypique mêlant études scientifiques et musique, il essaie de transmettre sa passion du chant en développant au sein des ensembles qu\'il dirige une écoute et une méthode de travail basée sur la sensation sonore collective et le travail de la voix.</p><p>Actuellement, Benoit Dubu dirige plusieurs choeurs dans la région genevoise et chante au sein de nombreux ensembles professionnels en Suisse et à l\'étranger, tels que l\'Ensemble Vocal de Lausanne (dir. D. Reuss/M. Corboz), Spirito (dir. N. Corti/B. Têtu), Cantatio (dir. J. Duxbury), l\'Opéra de Lausanne, l\'AVSR (dir. R. Bouvier, D. Tille)... Il chante aussi en tant que soliste Baryton, principalement dans le style oratorio et intervient régulièrement pour la Cigale de Lyon en technique vocale et en tant qu\'assistant. Par ailleurs, il donne aussi des cours de chant et de formation musicale dans différentes écoles de musique. Il continue à se former en parallèle au chant et à la direction de choeur en participant à différentes master class, notamment avec Nicole Corti, Valérie Fayet, Celso Antunes, Bernard Têtu, Christine Morel, Aarne Saluver, Lionel Sow...</p><p>« Tres cantos del amor », Manuel OLTRA</p><p>« Anthony O Daly », Samuel BARBER, (Extrait de Réincarnations)</p><p>« Let down the bars O Death », Samuel BARBER</p><p>« Lux Aurumque », Eric WHITACRE</p><p>« Réveille toi », Patrick BURGAN</p><p>« Mayumbe »,  « Neige sur les Orangers », Maurice OHANNA, (Extraits de Quatre choeurs pour voix d\'enfant)</p><p>uatre choeurs pour voix d\'enfant)</p><p>« Peace I leave with you », Knut NYSTEDT, (Extrait de Trois motets)</p><p>« Heac est praeclarum Vas », Vic NEES, (Extrait des Motets)</p><p>« Hvad est du dog skjön », Edvard GRIEG (Extrait de Cinq Psaumes)</p><p>Site Internet : www.lhorizonchimerique.com</p>','https://img.ulule.com/display/b77870b759c251503f592c210dbe6f8f9f44824d/thumbnail/640x360/presales/6/8/3/45386/ben-8.lvSbhXez8mJn.jpg?upscale=1','2016-12-16','2017-02-13',5000,NULL,800),(280,300,'Barbelés','Un spectacle mêlant théâtre, marionnettes et musique à destination du jeune public','<p>Au gré d’une scénographie où se rencontrent le théâtre, la marionnette et la musique, cette \"histoire d’un enfant qui voulait apprendre à rire\" navigue entre jeux de mots et quiproquos, et aborde avec légèreté et intelligence des thèmes d’actualité d’ordinaire réservés aux adultes.</p><p>C\'est l’occasion de jouer avec les mots des infos, les mots de notre actualité brûlante que chacun comprend à sa façon, les petits comme les grands, pour le plus grand plaisir de la poésie et de l’humour.</p><p>Créer un univers haut en couleur et un spectacle drôle pour expliquer la dictature aux enfants, c’est tout notre défi. Pour le relever, nous avons imaginé un monde façonné par le regard d’un enfant qui entend les mots d’adulte avec sa fantaisie, quitte à en faire des « mots tordus ». Alors, quand « les drones » deviennent des  « drôles » et les «débris» : « un fromage », ça crée un sacré monde imaginaire. Sauf qu’on n’en sort pas comme ça… parce que c’est la guerre. Et c’est ça le challenge de notre héros : sortir de ce monde aussi fantastique que terrifiant.</p><p>spectacle drôle pour expliquer la dictature aux enfants</p><p>Les esquisses de marionnettes de Marion Laurans :</p><p>- 3 Février à l\'étincelle / Rosporden</p><p>- 7 Février à l\'Ellipse / Moelan sur Mer</p><p>- 9 février au CAC / Concarneau</p><p>- 19 mars Le Vallon / Landivisiau</p><p>- 9 avril Théâtre Georges Madec / Esquibien</p><p>- 13 Avril Centre Culturel Armorica / Plouguerneau</p><p>- du 6 au 9 juin Com Com de Landivisiau</p><p>Barbelés ou l’histoire d’un enfant qui voulait apprendre à rire a déjà vu le jour le 23 novembre 2016 à Brest. Trois ans de travail, pas mal de galères mais ça y est, le spectacle est créé et les enfants sont ravis.</p><p>Barbelés ou l’histoire d’un enfant qui voulait apprendre à rire a déjà vu le jour le 23 novembre 2016 à Brest</p><p>Barbelés ou l’histoire d’un enfant qui voulait apprendre à rire </p><p>C’est pour eux, grâce à eux. Grâce à leurs « mots tordus » que l’idée de montrer le conflit syrien à travers les yeux d’un enfant est né. C’est grâce à leurs magnifiques « mots tordus » que l’idée de mettre en scène des marionnettes hautes en couleurs pour montrer ce qui se passe aujourd’hui a pris forme.</p><p>montrer le conflit syrien à travers les yeux d’un enfant </p><p>Le 26 novembre, après cinq représentations, c’est la dernière à Brest avant de prendre la route pour une belle tournée en Bretagne. Mais voilà, dans l’après-midi, il y a une intrusion et les marionnettes sont détruites. Il n’y a plus de spectacle, plus de tournée.</p><p> Il n’y a plus de spectacle, plus de tournée.</p><p>« Plus que jamais, je sais qu’il faut que ce spectacle vive. Pour que l’enfant qui voulait apprendre à rire puisse continuer à aller raconter son histoire à Pont Scorff, Ploermel, Rosporden, Concarneau, Moelan sur Mer, Landivisiau, Esquibien, Plouguerneau, Carhaix, Scaer, et plus encore lors de la saison 2017/2018. Pour cela, nous devons reconstruire de nouvelles marionnettes et aller de l’avant. Merci de votre soutien ! »</p><p>Plus que jamais, je sais qu’il faut que ce spectacle vive. Pour que l’enfant qui voulait apprendre à rire puisse continuer à aller raconter son histoire à Pont Scorff, Ploermel, Rosporden, Concarneau, Moelan sur Mer, Landivisiau, Esquibien, Plouguerneau, Carhaix, Scaer, et plus encore lors de la saison 2017/2018. Pour cela, nous devons reconstruire de nouvelles marionnettes et aller de l’avant. Merci de votre soutien ! </p><p>Pour que l’enfant qui voulait apprendre à rire puisse continuer à aller raconter son histoire </p><p>Sophie D’Orgeval, auteur et metteur en scène</p><p>Votre participation servira à financer la nouvelle création des marionnettes (conception et fabrication), les périodes de répétitions des interprètes avec les nouvelles marionnettes, la nouvelle création lumière.\n </p><p>Votre participation servira à financer la nouvelle création des marionnettes (conception et fabrication), les périodes de répétitions des interprètes avec les nouvelles marionnettes, la nouvelle création lumière.</p><p>Ce projet a recu initialement le soutien de la Ville de Brest, Conseil départemental du Finistère, Conseil régional de Bretagne et l\'apport de précieux coproducteurs (La Maison du Théâtre - Brest, Espace Glenmor - Carhaix, Réseau 4 ASS et plus - Trégunc, Moëlan-sur-Mer, Concarneau, Rosporden, Scaër, Mellac), Le Strapontin - Pont-Scorff) et de nombreux soutiens à la résidence (Centre culturel Armorica - Plouguerneau), Le Bouffou Théâtre à la coque - Hennebont), La Maison du Théâtre - Brest, Espace Glenmor - Carhaix), L’Ellipse - Moelan-sur-Mer), Le CAC - Concarneau), Le Steren - Tregunc), MJC Kerfeunteun - Quimper) lors de sa création. </p><p>Aujourd\'hui, il s\'agit de lui donner les moyens de continuer d\'exister.</p><p>L’équipe  : Ecriture et mise en scène : Sophie d’Orgeval / Interprétation : Sophie D\'Orgeval et Orphée Recoing / Assistant à la mise en scène : Christian Remer / Conseils artistiques : Fanny Fajner / Musique et création sonore : Julien Weber / Création lumière : Stéphane Lebel / Conception et construction Marionnette : Marion Laurans / régie son : Adeline Mazaud et Laurent Dumoulin / administration : Tanguy Cochennec / diffusion : La Petite Bête Qui Monte</p><p>La porteuse du projet : Sophie d’Orgeval, auteure, metteure en scène, comédienne</p>','https://img.ulule.com/display/2f77ae371a0a3d2b3958fd1829509bcd0f65f9fe/thumbnail/640x360/presales/2/3/9/44932/visuel-campagne-ulule-2.XqE0NI5ZgPRb.jpg?upscale=1','2016-12-16','2017-02-03',3000,NULL,890),(281,301,'L\'Artbook de Wanch','Livre d\'illustrations et de croquis de Wanch Tran','<p>\"L\'Artbook de Wanch\" sera un livre contenant une sélection de mes illustrations et croquis autant en noir et blanc qu\'en couleur, à l\'encre ou à l\'aquarelle, réalisés traditionnellement ou parfois même à l\'aide d\'une tablette graphique. Au fil du temps, j\'ai accumulé des dessins qui représentent un échantillon d\'ambiances et de styles auxquels j\'aime m\'essayer quand je ne fais pas de la bande dessinée et que je suis libre d\'aller vers les \"horizons\" les plus variés. Certains de ces dessins et ce qu\'ils évoquent me plaisent et j\'ai donc naturellement eu envie de les partager avec vous sous la forme d\'un livre.</p><p>Ce projet Ulule va servir à concrétiser la réalisation et l\'impression d\'un livre de 40 pages qui contiendra une sélection de mes illustrations et croquis autant en noir et blanc qu\'en couleur. 100 exemplaires numérotés et signés seront imprimés au format 210mm x 210mm sur papier de qualité ( biotop 160g ). </p><p>00 exemplaires numérotés et signés seront imprimés au format 210mm x 210mm sur papier de qualité ( biotop 160g ). </p><p>Des contreparties seront bien sûr offertes aux contributeurs de ce projet ! :</p><p>Il y aura des cartes postales avec une illustration au choix :</p><p>cartes postales avec une illustration au choix</p><p>Un ex-libris numéroté et signé sera également réalisé pour l\'occasion ( en cours de conception ) :</p><p>Un dessin dédicacé dans l\'artbook même.</p><p>Et je réaliserai aussi un dessin dédicacé en noir et blanc ou aquarellé sur un papier de qualité hors artbook. Et enfin, certains contributeurs auront la possibilité de me donner un thème ( en trois mots maximum ) et je m\'amuserai à traduire leur thème sous la forme d\'un dessin dédicacé personnalisé.</p><p>dessin dédicacé en noir et blanc ou aquarellé sur un papier de qualité hors artbook</p><p>un dessin dédicacé personnalisé</p><p>Répartition et utilisation du budget :</p><p>- Commission Ulule & frais : 8%</p><p>Je suis illustrateur et auteur de bande dessinée. J\'ai suivi les cours de l’atelier de BD et illustration dirigé par Antonio Cossu aux Beaux-Arts de Tournai. Même si les aléas de la vie m’ont éloigné du dessin et de la BD durant quelques années, l’envie de raconter a inévitablement refait surface. J\'ai sorti en 2015 « In Bloom », mon premier album BD. Je travaille actuellement sur mon second album en tant qu\'auteur complet mais je collabore également en tant que scénariste et coloriste sur un autre projet BD. </p><p>Site web : https://wanch.jimdo.com</p><p>Page Facebook : https://www.facebook.com/Wanchuponatime/</p><p>https://www.facebook.com/Wanchuponatime/</p><p>Blog : http://thewanch.blogspot.be</p>','https://img.ulule.com/display/662f2be48d4c6528333651028e47ea543c8d8f8b/thumbnail/640x360/presales/0/3/5/45530/wall-copie-2.UG4i0D3HQxJZ.jpg?upscale=1','2016-12-15','2017-02-24',1800,NULL,320),(282,302,'Visages de l\'orgue français','premier disque d\'Aurélien Fillion','<p>L\'idée d\'enregistrer un premier disque d\'orgue en soliste a germé il y a quelques années.</p><p>Mais quelle musique enregistrer et sur quel orgue? Par affinité pour la musique baroque et la musique contemporaine, j\'ai décidé d\'élaborer un programme d\'oeuvres alliant répertoire ancien et musique d\'aujourd\'hui.</p><p>Ce programme propose à la fois de la musique du XVIIIème siècle (avec le français Louis Marchand - extraits de son Premier livre d\'orgue - et l’allemand Johann Sebastian Bach, qui a écrit plusieurs pièces inspirées du style français - Pièce d\'orgue BWV 572, Cinquième suite française BWV 816...) et une sélection de pièces de notre époque écrites par Vincent Paulet, Jean-­Pierre Rolland, Gérard Pesson et Laurent Carle. Le langage musical de chacun de ces compositeurs rencontre les sonorités et les mélanges des timbres d\'un instrument d\'esthétique française.</p><p>J\'ai décidé d\'appeler ce projet : \"Visages de l\'orgue français\".</p><p>C\'est de Souvigny à Carvin (France), de Turnhout à Visé (Belgique), de Saint-­Nicolas du Chardonnet (Paris) à la Cathédrale de Luxembourg que ce programme a été interprété en intégralité ou en partie en concert.</p><p>Le disque sera enregistré au printemps prochain par la firme http://mixtuur.be/</p><p>Le financement participatif serait pour moi une aide majeure et indispensable à la réalisation de ce disque et permettrait de couvrir les frais de SABAM, d\'accord et d\'utilisation de l\'orgue, d\'enregistrement/réalisation/mastering, d\'édition du projet et les frais demandés par Ulule.</p><p>réalisation complète du CD (avec livret de 8 pages) par la firme Mixtuur : 3500€</p><p>préparation, accord et utilisation de l\'orgue : 250€</p><p>frais demandés par le site Ulule (8%) : 313€</p><p>Par ce moyen, vous êtes sensibilisés au plus près par l\'élaboration, l\'avancement, l\'enregistrement et la réalisation de cet objet et vous devenez producteurs d\'un projet culturel.</p><p>Pour mieux me connaitre, n\'hésitez pas à visiter tout d\'abord mon site internet : www.aurelienfillion.weebly.com</p><p>Pour écouter des extraits de ce programme (enregistrés en live à Carvin et Turnhout), voici quelques liens :</p><p>https://soundcloud.com/aur-lienfillion/piece-dorgue-bwv-572-bach-live-concert-in-carvin-france</p><p>https://soundcloud.com/aur-lienfillion/bach-french-suite-5-allemande</p><p>Pourquoi avoir choisi la firme de disques Mixtuur en Belgique?</p><p>C\'est Nico Declerck, organiste, directeur de festival et fondateur de l\' \"Orgelradio\" qui réalisera l\'enregistrement. C\'est une personne passionnée de l\'instrument, directeur artistique de festival, lui-même organiste et qui a toujours de bonnes idées de communication pour arriver à attirer du public vers le monde de l\'orgue!</p><p>C\'est lors d\'un récital donné à la Sint-Pieterskerk de Turnhout en 2015 sur l\'orgue Le Royer/Potvlieghe, que le coup de coeur avec ce magnifique instrument a eu lieu et c\'est autour de ses sonorités que le projet de l’enregistrement a mûri.</p><p>Nico Declerck connait parfaitement cet instrument</p><p>dont il est titulaire et il est sûrement la</p><p>meilleure personne pour le mettre en valeur au mieux</p><p>       Sur ce disque, je serai seul aux claviers</p><p>Je suis flûtiste, compositeur et organiste. Je joue de nombreux répertoires différents et tous styles d\'instruments. J\'ai eu la chance de voyager grâce à ces concerts dans toute l\'Europe (avec une nette préférence pour les pays du Nord). Cet été, j\'ai eu la possibilité de donner trois concerts en Islande, pays que j\'admire beaucoup...</p><p>J\'ai eu aussi le privilège ces deux dernières années de jouer en concert sur de grands instruments parisiens : église de la Madeleine, église de la Trinité, Cathédrale Notre-Dame, église Saint-Nicolas du Chardonnet...</p><p>Affectionnant tout particulièrement l\'association de l\'orgue avec d\'autres formations instrumentales, je joue régulièrement en récital avec Mélanie Filipiak (flûte traversière), Julien Surmont (contrebasse) et je prépare actuellement différents projets avec guitare électrique (!) ou récitant.</p><p>https://sites.google.com/site/juliensurmont/duo-contrebasse-et-orgue</p><p>Je suis également compositeur. Voici ma pièce d\'orgue \"Zooms\" composée en 2011 pour le Concours de Composition pour orgue Aristide Cavaillé-Coll et qui a été récompensée par un second prix.</p><p>https://soundcloud.com/aur-lienfillion/zooms</p>','https://img.ulule.com/display/649394615fa903371c7f6f0bea64670472b79489/thumbnail/640x360/presales/4/4/3/45344/image-projet.b94PUZIvDKvl.jpg?upscale=1','2016-12-14','2017-02-16',4233,NULL,1593),(283,303,'the Mister Y Bar à Besançon!','Des petites bouchées avec de la binouse il n\'y a que ça de vrai!','<p>               Un bar, des Tapas et une bonne ambiance!</p><p>Qui n\'a jamais pensé qu’un bar à Tapas en pleine boucle de Besançon (25 Doubs), ce serait quand même super cool?</p><p>Nous, on ne veut pas qu\'y penser, mais le réaliser!</p><p>Pour atteindre cet objectif \"On Compte sur Vous!\".</p><p>C’est vrai que c’est une idée vague un bar à tapas...</p><p>“Nous, porteurs du projet voulons:  </p><p>Primo, apporter l’ambiance chaleureuse et familiale des Tapas à l’Espagnole avec des recettes Françaises et évolutives avec les saisons. Vous pourrez faire frétiller vos papilles sur place mais aussi à la maison, au bureau ou même dans d’autres bars (parce qu’on est pas des jaloux).</p><p>Secondo, laisser une place aux clients qui s’investissent dans la vie du bar en leur proposant des soirées “VIP” (soirées dégustation) vouées à améliorer la carte et peaufiner les recettes en fonction de leurs avis.</p><p>Finalo, organiser des évènements autour de pratiques encore très discrètes à Besançon (Stand Up, Clowns, …), mais aussi des concerts acoustiques, des soirées “Golden Tickets” (places pour les festivals environnants à gagner…).</p><p>Nous, porteurs du projet, sommes deux jeunes actifs qui avons l’ambition de donner naissance à un foyer confortable et dynamique où vous pourrez passer d’agréable moments avec les gens que vous aimez *coeur coeur*.”</p><p>Ok, bon, parlons peu parlons bien!</p><p>L’Espagne à la française. L’idée sera de proposer des produits préparés sur place avec amour (et parfois plus) à un coût abordable pour tous, même pour les petites bourses… Sans jugement de valeur, bien sûr !</p><p>En effet, pour 5€ vous aurez… 10 tapas!! Que ce soit mini lasagnes, brochettes, houmous, beignets de crevettes ou même mini Mont d’Or pour l’hiver, vos papilles ne sauront pas où donner de la langue.</p><p>Vous pourrez panacher votre assiette selon vos envies parmis une quinzaine de recettes, qui comme dit plus haut, changeront au gré des saisons.</p><p>Vous serez les premiers à connaître toutes les nouvelles infos sur l’avancée de ce projet et de la carte, qui seront publiées ici.</p><p>Et pour le dimanche matin: Brunch! Ouverture à 10h!</p><p>Votre don sera votre manière de nous montrer que vous aussi vous voulez prendre part à cette aventure.</p><p>Ils nous serviront de tremplin auprès des institutions qui vont nous financer et nous permettre de donner naissance, sans péridurale, à ce beau projet.\nLes 4 500€ sont un boost à notre apport. Les banques demandent 20% du montant de l\'emprunt souhaité. Mais vu que nous sommes des petits jeunot avec une vie de jeunot on à pas la possibilité d\'épargner 10 000€ en quelques mois.</p><p>\n    Notre projet à déjà un lieu dans lequel vivre. Nous avons l\'envie de créer un nouvel univers encore inexistant sur Besançon (des indices sont déjà présents dans les images de cette page ;) ).\nSitué au 14 Rue Claude Pouillet à Besançon, ce local est l\'un des meilleurs emplacement dans notre chère ville.\nAyant une terrasse sur les quais Vauban elle vous permattra de profiter all day long* du soleil. (*tout au long de la journée pour les pas anglophones ;))\nNous avons l\'exclusivité de ce lieu! personne ne nous fait concurrence à l\'achat puisque nous avons fait marché notre réseau pour le dégoter!\nEtant inutilisé depuis plus d\'1 an et demi il n\'héberge plus de fond de commerce. Nous n\'achetons que le droit d\'entrée et le matériel encore fonctionnel à l\'intérieur. 30 000€ est le tarif pour obtenir la clef!Rien n\'est à faire dedans!! Tout est neuf!</p><p>une terrasse sur les quais Vauban</p><p>Rien n\'est à faire dedans!! Tout est neuf</p><p>Quelques coups de pinceau pour lui donner un nouveau visage, de nouveaux joujoux pour la cuisine, une source de houblon fermenté à l’eau et tout sera prêt!</p><p>C\'est avec vous que tout deviendra  possible!</p><p>Les Bolos à la tête de ce truc:</p><p>Un jour à Besançon, Tony et Erwan, deux amis, se sont dit que bosser c’est bien, mais bosser ensemble pour un projet qui tient compte des autres c’est quand même mieux!\nLa construction de ce projet débuta en Juillet… je vous laisse deviner où …  dans un bar. Leur essence pour passer une belle soirée est le partage, la convivialité.\nC’est en parcourant les maints bars de Besançon qu’ils furent en mesure de constater une large variété d’assiettes à grignoter, seulement ils considérèrent une certaine inaccessibilité pour une partie des buveurs de canons.</p><p>“Quel beau couple que la bière et la boustifaille avec les potes autour de la table! dit l’un.</p><p>Unissons les sous un même toit, donnons leur un lieu de vie ou l’amour et le partage seront les invités de marques. répond le second</p><p>Oui! Je suis un grand fan de tes lasagnes! Faisons les au format tapas, élaborons une carte avec des recettes de plusieurs horizons!</p><p>Et c’est à cet instant que l’histoire commence vraiment.</p><p>C\'est avec vous que tout deviendra possible!</p>','https://img.ulule.com/display/532dadda486ba7c8332a82fe6a8e1f4ac0af64b9/thumbnail/640x360/presales/5/2/5/43525/couv-crowd-130.ht0coDiPcDD9.jpg?upscale=1','2016-12-04','2017-02-22',4500,NULL,5540),(284,304,'GINGER SPANKING','1er album','<p>           Salut à toi, le mécène intrigué !</p><p>Après 3 années de tournées, de rencontres et de décibels, nous rentrons en studio pour injecter toutes ces vibrations accumulées dans notre premier album !</p><p>Au programme, le groupe a commencé l\'enregistrement de cette sauce musicale à travers 8 titres endiablés et délicieusement éclectiques qui n’attendent que ta générosité pour être enregistrés, mixés, masterisés puis gravés et conditionnés dans un somptueux digipack qui fera honneur à ta collection !</p><p>On appelle tous ceux qui nous découvrent, et ceux qui ont aprécié la fessée en concert, à soutenir la mise en boite de cet album et, ainsi, participer à l\'émancipation d\'un groupe qui souhaite faire des concerts près de chez toi !</p><p>--- Si nous récoltons 2500€ ---</p><p>Enregistrement, mixage & mastering : 1090 €</p><p>Pressage de 1000 CD au format digipack (300ex promo) : 900€</p><p>Paiement obligatoire de la sdrm : 310 €</p><p>(Si vous voulez contribuer mais que le fonctionnement du site vous complique la vie, vous pouvez aussi nous contacter par mail pour un paiement direct qui sera pris en compte pour le projet.)</p><p>--- Si nous récoltons 4000€ ? ---</p><p>Si vous faites pêter le score et que l\'on dépasse la mise, l\'argent servira à faire de la com\' et à changer le joint de culasse du camion ! Mais, comme le grain du vinyl irait très bien avec la moiteur de notre musique, on se dit qu\'avec 1000€ de plus à notre requête initiale, on pourra presser l\'album en 33T, et que les généreux donateurs seront heureux de recevoir l\'un des 300 exemplaires collector numérotés !</p><p>--- Si nous récoltons plus de 4000€ ? ---</p><p>Là, champagne ! Notre quintet peut envisager la possibilité de s\'offrir les service d\'un attaché de presse pour assurer la promo de l\'album au niveau national !</p><p>--- Si nous récoltons plus de 100.000 € ? ---</p><p>Le groupe prend sa retraite aux Bahamas en écoutant du calypso avant de revenir dans 10 ans pour faire une tournée de reformation, un best of et une tournée d\'Adieu !</p><p>Toi qui aime le rock\'roll XXL, tu es le bienvenu dans la dimension torride et survoltée de Ginger Spanking !</p><p>Le quintet formé en 2013 produit sur scène un swing furieux teinté de distortion et d\'ambiances synthétiques.\nDerrière le personnage de Ginger, diva barrée aux envolées sulfureuses, les frères Spank revisitent le blues, la country et le rockab\' à la sauce amplifiée. Au fil des scènes et des festivals, le groupe propulse le public dans la bande son d\'un B.Movie tourné entre 1950 et 1980 avec Betty Page dans une Cadillac rose, poursuivie par le fantôme du King à la sortie de Vegas.</p><p>Retrouve Ginger & the Boys sur internet :</p><p>Site officiel - Facebook - Twitter - Youtube</p>','https://img.ulule.com/display/204af8f3a9a412875a7ae4f735c9896d42e9b3fc/thumbnail/640x360/presales/5/0/6/44605/image0001.mSTbmy9hnOIJ.jpg?upscale=1','2016-12-09','2017-02-14',2500,NULL,349),(285,305,'Deux comédies musicales pour 27 Saville','Nous avons besoin de vous !','<p>La compagnie 27 Saville souhaite présenter cette année non pas un mais 2 spectacles de Comédie Musicale Américaine pour la nouvelle saison 2017: une troupe d\'une trentaine de comédiens, surmotivés pour proposer à la scène parisienne deux univers et expériences différents. </p><p>deux univers et expériences différents</p><p>Ces spectacles mettront en lumière deux époques américaines emblématiques. </p><p>deux époques américaines emblématiques</p><p>Notre premier spectacle, The Wild Party, que nous jouerons en Avril 2017, incarne la période de la prohibition, avec les thèmes de la décadence, de l\'excès, et des relations amoureuses tumultueuses voire destructrices.</p><p>La pièce raconte les affres d’un couple maudit, incarné par deux personnages emblématiques: Queenie, une artiste de cabaret ratée, et Burrs, un clown alcoolique, violent et pervers. Leur passion destructrice, les conduisant inexorablement vers le point de non-retour, atteindra son paroxysme à l’occasion d’une “fête sauvage” pendant laquelle les deux amants vont tenter de sauver leur amour. Dans cette quête désespérée, ils croiseront la route de Kate, amoureuse transie qui tentera de conquérir le coeur de Burrs, et de Black, l’inconnu en qui Queenie placera ses espoirs pour échapper à Burrs. Les relations ambiguës de ce quatuor vont précipiter le couple vers une issue fatale. </p><p>Notre second spectacle, How to Succeed in Business Without Really Trying, que nous aimerions présenter en Juin 2017, se déroule dans la période colorée des année 1950, au sein d\'une entreprise remplie de personnages caricaturaux incarnant le sexisme et l\'ambition propres au business de cette décénnie.</p><p>L’action se situe dans l’Amérique des années 50 et met en scène Pierrepont Finch, un jeune laveur de carreaux qui tente de s’immiscer dans le monde de l’entreprise en suivant les préceptes d’un livre appelé« How to Succeed in Business without Really Trying ». Son art de l’esbroufe et ses talents d’improvisation vont lui ouvrir les portes de la World Wide Wicket Company, une entreprise où se côtoient employés dévoués, hommes d’affaires arrivistes et secrétaires désespérées. L’ascension de Finch vers les hautes sphères du monde de l’entreprise sera évidemment parsemée d’embûches, attisant la jalousie de ses nombreux concurrents et s’attirant les charmes d’une secrétaire déterminée à rencontrer l’amour. </p><p>« How to Succeed in Business without Really Trying »</p><p>Nous avons commencé à répéter depuis deux mois. Les deux spectacles comprennent des duos et trios intenses et également des numéros d\'ensemble complexes tant au niveau de la performance vocale que de la danse.</p><p>Crédit photos : Chloé Chevé-Melzer</p><p>Retrouvez toutes les images de nos répétitions sur notre page Facebook !</p><p>Cette année, nous nous sommes entourés d\'une équipe de professionnels de grande expérience. Nous sommes fiers de les compter dans notre équipe, et nous sentons privilégiés qu\'ils aient choisi de miser sur notre association.</p><p>Pour monter ces deux spectacles, vous pouvez nous aider ! </p><p>En effet, nous sommes très attachés au respect des droits d\'auteur et ceux-ci constituent la ligne la plus importante de notre budget. C\'est essentiel pour pouvoir vous présenter des oeuvres américaines inédites et jamais vues en France. Par ailleurs, nous avons également besoin de financer les matières premières de nos costumes et décors. En échange, nous vous avons concocté des contreparties royales, que vous pourrez offrir à vos proches si vous le souhaitez (ou les garder pour vous) : masterclass, goodies, accès aux répétions, places de spectacles... </p><p>Merci de faire partie de notre aventure, nous avons hâte de vous rencontrer !</p><p> Voilà comment nous allons répartir la somme que nous demandons :</p><p>4000 euros : droits d’auteurs pour les deux spectacles</p><p>600 euros : décors (200 euros pour the Wild Party, 400 euros pour How to Succeed in Business Without really Trying)</p><p>400 euros : costumes (200 euros pour chaque spectacle)</p><p>L’association s’autofinance pour la location de théâtre, les salles de répétition et les musiciens, les pianistes et la captation du spectacle.</p><p>Pouvoir faire nos premières avances sur les droits d\'auteur et la location du théâtre.</p><p>Pouvoir complètement payer les droits d\'auteur et pouvoir faire fabriquer quelques costumes sur mesure!</p><p>Payer d\'avance le théâtre, les droits d\'auteur dans leur intégralité et pouvoir mettre tous nos deniers dans la création pure des spectacles!</p><p>27 Saville est une compagnie de théâtre créée en Septembre 2015 par Jessica Capon. Elle réunit aujourd’hui une troupe d’une trentaine de comédiens spécialisés dans la comédie musicale anglophone. Non lucrative, l\'association n\'a d\'autre ambition que de diffuser le registre de Broadway en France. Voici les membres de son bureau : </p><p>Septembre 2015 par Jessica Capon</p><p>Notre 1ère production: en novembre 2015 au Théâtre parisien «Le Passage vers les Étoiles». Nous présentons la revue « Moments » (Jason Robert Brown) et sommes alors 4 comédiens sur scène.  </p><p>\nPour notre 2ème production, la compagnie crée le spectacle « Ten Tony’s ». Plus ambitieux et réunissant plus de 20 comédiens sur scène, cette création rend hommage à la Comédie Musicale Américaine en proposant un éventail d’extraits de spectacles. Cette représentation unique se joue à guichets fermés au mois de Juin 2016 sur la scène du théâtre « Adyar » .</p>','https://img.ulule.com/display/637924216dc09f7559af8870386e9f01de3e2254/thumbnail/640x360/presales/7/5/5/44557/capture-decran-2017-01-02-a-214756.zlNUvsDP3RbC.png?upscale=1','2016-12-07','2017-03-01',5000,NULL,2830),(286,306,'Days in Orbit','un album sur la rampe de lancement en mars','<p>Days in Orbit, c\'est un OVNI musical hybride filant entre l’afrobeat et la house.</p><p>Days in Orbit, c\'est quatre personnes qui jouent profondément et s’aiment. Leur musique est entêtante et dansante, enivrante et hypnotique… Sur scène, leur énergie est communicative : et sur disque ? Elle le sera !</p><p>Pour mettre en orbite notre premier album on a besoin de vous !</p><p>Les influences musicales du groupe sont multiples. De l\'afrobeat au big beat en passant par la funk et la house, Days In Orbit puise dans les sonorités du monde (et au delà) pour les cuisiner à sa sauce.</p><p>Le plus simple c\'est de vous faire une idée en cliquant sur la vidéo du live à la Briche Forraine. </p><p>Grâce à vous l’album pourra sortir en Mars 2017.</p><p>Bonne nouvelle ! Une partie du travail est déjà fait : les morceaux sont enregistrés, édités et mixés*. La pochette est prête (et magnifique) aussi.</p><p>Mais la production d\'un album passe aussi par l\'étape (mystique) du mastering, et celle (magique) du pressage des disques**.</p><p>Le mastering : c\'est l’avant-dernière dernière étape de la confection d\'un album. Sans ce traitement onéreux, qui nécessite une série de machines analogiques complexes dignes de la NASA, le rendu final semble terne et inabouti. Tous les disques de l\'univers passent par cette étape…</p><p>Le pressage est le moyen de vous transmettre notre musique sur un compact disque ou vinyle…</p><p>Une fois l\'argent collecté, nous organiserons une release party pour vous remercier et fêterons tous ensemble la naissance de l’album fin mars.</p><p>*Liste des morceaux de l\'album :</p><p>2 000 € : pressage vinyle > 500 exemplaires</p><p>1 000 € : pressage CD > 1 000 exemplaires</p><p>Le projet Days in Orbit est né sous nos cieux il y a plus de deux ans, à l\'été 2014, un soir de pleine lune.</p><p>Rythmiques latines, africaines, tribales, ternaires ou binaires, tempo martelé à la batte, une techno hybride qui ne boude pas la pop : Days In Orbit fait feu de toutes sonorités pour propulser dans les airs ses mélodies entêtantes et dansantes.</p><p>Days in Orbit vous ambiance sur scène depuis maintenant deux ans. Aidez-nous à transformer votre salon en dancefloor.</p><p>Torek : basse guitare & claviers, plus de doigts que de pieds. Ne dort jamais.</p><p>Clément : basse guitare & claviers, moins de pieds que de doigts. Dors tout le temps. Un profil différent sur chaque photo.</p><p>Sam : batterie, percussions. Organiques, électroniques. Il fait l’amour aux machines.</p><p>Yasuyo : La voix Crystal qui chante et joue la mélodie. Je n\'ai pas d’humour. Modifiez le STP</p><p>Enfin, une petite série de liens UTILES pour écouter, voir, saisir et vous immerger dans notre univers :</p>','https://img.ulule.com/display/a71a082cd94c6e640a1aa344fb6645c8dc18c1b5/thumbnail/640x360/presales/1/6/5/45561/dio_ulule.zcCuLehQQySc.jpg?upscale=1','2016-12-05','2017-02-28',5200,NULL,900),(287,307,'Après ma mère','Cout-métrage','<p>Qu\'est-ce qu\'on devient après nos parents? Cette question est certainement l\'une des plus difficiles que l\'on puisse se poser... Mais à travers ce projet, Emma et moi-même désirons montrer que tant que nous ne sommes pas seul, la vie continue. Que même après avoir perdu des êtres qui nous sont chers, tant que l\'on se sert les coudes, et que l\'on avance ensemble, rien ne peut nous arriver... Nous sommes forts, quand nous sommes unis !</p><p>Depuis deux ans, Emilie et Emma, luttent contre le cancer qui tue jour après jour leur maman. Malheureusement cette terrible maladie l\'emporte une journée d’hiver. Les deux sœurs se retrouvent alors orphelines. Sans père ni mère, la petite Emma se retrouve sous la garde de sa grande sœur Emilie… Mais cette dernière n’a jamais été une sœur aimante, bien au contraire. Emma devra apprendre à se débrouiller par ses propres moyens, et essayer de se rapprocher de sa sœur tant bien que mal. Tandis qu’Emilie tâchera d’apprendre à être une véritable sœur et si elle en trouve la force… Celle d’aimer Emma malgré tout.</p><p>Emma Wetlzer (dans le rôle de la petite sœur, Emma)         \nJeune collégienne de 12 ans est née à Neuilly sur Seine. Seconde d\'une fratrie de deux filles, elle vit depuis l\'âge de deux ans à Epinay sur Orge. C\'est un an plus tard qu\'elle rencontre Marilou et Ana, les trois inséparables car Emma est une jeune fille sincère, pour qui amitié et amour ont beaucoup de signification. \"On ne joue pas avec ces choses là\" pourrait-elle dire car Emma est une jeune fille très dynamique, qui sait être pertinente, passionnée par ce qu\'elle fait et en premier lieu le théâtre qu\'elle fréquente depuis l\'âge de 6 ans dans la troupe des Caboulot. Elle y rencontre sa metteur en scène Emilie Olive...depuis, des pièces, des courts métrages où on a salué son jeune jeu d\'actrice...et encore plein de belles histoires à écrire...\n                   </p><p>Emilie Olive (dans le rôle de la grande sœur, Emilie)</p><p>21 ans, étudiante en troisième année à l\'atelier Blanche Salant et passionnée de comédie depuis son enfance. Jeu, écriture, mise en scène, réalisation, rien n’échappe à son attention. Passionnée et déterminée, Emilie écrit sur ce qui l’inspire et ce qui la touche particulièrement, la maladie, les relations fraternelles, l’imaginaire… Désireuse de faire ses preuves et pressée de montrer de quoi elle est capable, Emilie regorge d’idées et de motivation qui n’attendent plus que de s’échapper de son esprit !</p><p>1m78 d\'idées folles et 63kg de motivation, enchanté ! Je serai le réalisateur sur ce projet qu\'est Après ma mère, et je n\'en suis pas à mon premier essai ! J\'ai déjà réalisé plusieurs court métrages dont un qui est en festival en ce moment. Pour ce qui est de mon parcours, je termine ma licence de Cinéma en attendant de préparer le concours de la Femis. (Nous tournerons avec un Cannon 5D Mk III, que je connais et que j\'utilise depuis plus d\'un an maintenant,....). Voici un lien vers un de mes court-métrage: https://www.youtube.com/watch?v=835QU-SGgMU</p><p>https://www.youtube.com/watch?v=835QU-SGgMU</p><p>La photographie a toujours fait partie de ma vie. Au début, en regardant mon père sortir son Nikon à tout moment de mon enfance pour engranger les souvenirs de ces moments de bonheur, puis photographier les amis, les paysages, les animaux..puis deux petits bouts de choux, devenues grandes! Un jour, j\'ai décidé d\'apprendre plus, de comprendre mieux mon appareil, la technique, mais aussi la partie cachée de la photo : comment créer/partager une émotion…Alors j’ai lu des livres techniques, j’ai échangé avec des plus expérimentés et je me suis inspirée et continue à m’inspirer des grands photographes comme Olivier Föllmi, Steeve Mc Curry, Reza, Mickael Kenna, Nick Brandt,… Désormais, j’ai des projets essentiellement portrait, la photo étant pour moi, un moyen d’expression. Je travaille sur des projets où ma sensibilité peut s’exprimer. Mais ces projets sont avant tout des rencontres, des moments furtifs en dehors du temps où les personnes me confient leur intimité, leurs doutes, leurs peurs mais aussi leurs joies…Se faire photographier est une démarche vers l’acceptation de son corps, de soi...</p><p>Mon site: http://www.marie-photographie.com/</p><p>http://www.marie-photographie.com/</p><p> Je ne veux pas la remplacer. Je ne peux pas être une mère pour toi. Notre mère, personne ne saurait l’égaler. Elle me manque trop pour que je puisse faire semblant d’être à sa place. Alors qu’est-ce qu’on fait ? On se déteste encore chaque jour de notre vie ? Ou on trouve une solution ? »</p><p>- Location du matériel technique    ~ 500 €</p><p>                                                                     \n- Déplacement de l’équipe de tournage, location des décors</p><p>(Salle de classe, bureau de la proviseure...), nourriture pour l\'équipe    ~ 1 300 euros</p><p>\n- Post Production    ~ 500 euros </p><p>\n- Les contreparties    ~ 200  euros</p><p>\n- Commission de 8% du site Ulule      </p><p>Les 2500 euros ne pourront financer tout le film mais ils poseront une base très solide, et une meilleure qualité du rendu!</p><p>Je m\'appelle Emilie Olive, j\'ai 21 ans. Actuellement en 3ème année à l\'atelier d\'art dramatique Blanche Salant dans le 11ème arrondissement de Paris, je suis aussi metteur en scène depuis 4 ans  au théâtre du Caboulot d\'Epinay Sur Orge, (c\'est ici d\'ailleurs, que j\'ai rencontré la petite Emma Wetzler). Passionnée de Théâtre depuis toute petite, j\'écris aussi beaucoup de pièces et de scénarios, dont celui-ci qui traite d\'un sujet qui me tient tout particulièrement à coeur.</p><p>Voici quelques pages où vous pourrez me trouver !</p>','https://img.ulule.com/display/af932ae80df8c32431cfb520a9366796b34e1942/thumbnail/640x360/presales/8/6/5/45568/c00a7323-222.of5GDkkkOCJr.jpg?upscale=1','2016-12-19','2017-03-03',2500,NULL,665),(288,308,'Couscous Kitchen','Bar à Couscous & Pâtisseries fines Paris 9e','<p>Couscous Kitchen est un \"bar à couscous\", un nouveau concept \"fast good\" qui propose une cuisine traditionnelle faite à base de produits frais servi dans une Box. Couscous Kitchen a ouvert ses portes en octobre 2016 au 20 rue Lamartine à Paris 9e.</p><p>Des plats, savoureux et copieux, à consommer sur place ou à emporter ! Et depuis peu nous proposons la livraison par le biais de nos partenaires.</p><p>Notre couscous et nos pâtisseries enchantent vos papilles avec modernité, selon notre recette familliale !</p><p>Le couscous est l\'un des plats préférés des français, le saviez-vous ? Ce plat ancestral est régulièrement placé dans les 10 plats les plus appréciés selon divers sondages. Le livre \"100 plats préférés des français\" écrit par le célèbre chef Yannick Alleno, le place même en 3e position!</p><p>\'un des plats préférés des français</p><p>placé dans les 10 plats les plus appréciés </p><p>Le livre \"100 plats préférés des français\" écrit par le célèbre chef Yannick Alleno</p><p>Nous avons donc voulu adapter la dégustation de ce plat au mode de vie urbain, pour permettre à tout le monde de pouvoir être servi rapidement, d\'un plat chaud, à base de produits frais et gustativement exotique. Quoi de mieux que s\'évader le temps d\'un repas, même si on a qu\'1/2 heure pour manger...</p><p>adapter la dégustation de ce plat au mode de vie urbain</p><p>Nous répondons à cette demande qui est de servir des aliments frais, variés, chauds et pouvoir repartir à ses activités pleinement satisfait grâce à une recette familliale testée et validée :-) et une logistique imparable !</p><p>recette familliale testée et validée</p><p>De plus le principe du \"bar à couscous\" permet de composer selon son goût et donc de plaire au plus grand nombre.</p><p>La cuisine est généreuse (rare sont ceux qui se resservent !), goûtue et abordable. Nos prix sont étudiés pour satisfaire toutes les bourses. Notre offre est un très bon rapport qualité/prix. </p><p>un très bon rapport qualité/prix</p><p>​Nous vous accueillons au 20 rue Lamartine Paris 9e !</p><p>Le démarrage de Couscous Kitchen a été entièrement auto-financé par les fondatrices Nora et Fatiha (mère et fille). Le restaurant a ouvert ses portes en octobre 2016.</p><p>entièrement auto-financé par les fondatrices Nora et Fatiha (mère et fille)</p><p>La mise en place de ce projet, bien que mûri depuis environ 6 mois  a vu le jour en un temps record de 2 mois 1/2, le temps d\'aménager le local que nous louons, avec beaucoup d\'astuces, d\'huile de coude et du soutien des proches (encore merci à tous !!!).</p><p>  a vu le jour en un temps record</p><p>a vu le jour en un temps record</p><p>avec beaucoup d\'astuces, d\'huile de coude et du soutien des proches (encore merci à tous !!!).</p><p>Nous avons fait le choix de nous lancer sans avoir de cuisine sur place pour la raison évidente que nous ne pouvions nous permettre d\'accéder à un local \"restauration\" avec cuisine et extraction, très honéreux à Paris.</p><p>sans avoir de cuisine sur place</p><p>un local \"restauration\" avec cuisine et extraction, très honéreux à Paris</p><p>Nous avons donc cherché des solutions et choisi de fabriquer en laboratoire que nous louons en coworking et de n\'effectuer que la \"remise à température\" (réchauffage) sur place. Cette solution nous demande beaucoup de logistique et d\'énergie surtout avec la montée de la demande...Il fallait surtout valider le concept (MVP pour les intimes :-)) et les retours étant excellents, nous cherchons à améliorer nos process ! Nous espérons donc rapidement pouvoir nous organiser différemment, des solutions sont déjà à l\'étude. </p><p>choisi de fabriquer en laboratoire</p><p>la \"remise à température\" (réchauffage) sur place.</p><p> organiser différemment, des solutions sont déjà à l\'étude. </p><p>Le local que nous occuppons actuellement, nous le connaissons bien puisque c\'était déjà le lieu de notre 1ère aventure \"Activ\'Couture\" qui a duré 5 ans.</p><p>Ce quartier, ces gens, on les aime et on ne veut pas le quitter ! Nous avons donc tout fait pour que cela dure encore et avons pu continuer à occupper notre local grâce au soutien du propriétaire.</p><p>Ce quartier, ces gens, on les aime et on ne veut pas le quitter !</p><p>Nous avions aussi besoin de tester nos produits et l\'accueil qui serait réservé à ce nouveau concept avant de chercher des fonds pour nous développer.</p><p>tester nos produits et l\'accueil</p><p>chercher des fonds pour nous développer</p><p>Aujourd\'hui c\'est avec un peu de surprise (on ne s\'attendait pas à ce que ce soit si rapide) qu\'au bout de 3 mois nous reconnaissons déjà nos fidèles amateurs de couscous  !!</p><p>3 mois nous reconnaissons déjà nos fidèles amateurs de couscous  !!</p><p>Vous revenez et vous faites découvrir Couscous Kitchen autour de vous : Wahou !</p><p>revenez et vous faites découvrir</p><p>Nous avons réalisé que pour continuer à vous servir aussi bien que nous aimons le faire, renforcer ce démarrage et développer notre concept jusqu\'au bout, nous devions faire évoluer Couscous Kitchen rapidement et rechercher des moyens d\'y arriver dans des délais raisonnables.</p><p>continuer à vous servir aussi bien</p><p>développer notre concept jusqu\'au bout</p><p>Qui de mieux placé que vous pour continuer à nous soutenir ? Vous qui aimez le concept, avez savouré nos plats et avez déjà parlé de ce coup de coeur autour de vous ? </p><p>parlé de ce coup de coeur autour de vous</p>','https://img.ulule.com/display/f95527ea9f2e8483a5197cb7fd92a765dfbfdc0c/thumbnail/640x360/presales/9/1/5/43519/etiquette-avec-adresse.e3AUu49hoDAB.jpg?upscale=1','2016-12-11','2017-02-13',6500,NULL,1133),(289,309,'Breizh\'Cool - Artisan Distillateur','Fabrication de boissons spiritueuses artisanales Bretonnes','<p>   Bonjours à tous et à toutes, je vais vous présenter mon projet de fabrication de boissons spiritueuses artisanales Bretonnes (qui s\'apparente à de la Vodka). N\'hésitez pas à aller voir la vidéo YouTube juste au dessus, elle explique plus en détail le projet.\n   Pour les plus préssés, juste en lisant les caractères en gras, vous devriez comprendre le gros du projet. N’hésitez pas à aller voir la partie plus bas où je me présente pour en apprendre plus à mon sujet.</p><p>projet de fabrication de boissons spiritueuses artisanales Bretonnes</p><p>aller voir la vidéo YouTube juste au dessus</p><p>Pour les plus préssés, juste en lisant les caractères en gras, vous devriez comprendre le gros du projet. </p><p>Facebook  Twitter  Youtube  Breizh-Cool.bzh</p><p>   A savoir qu’il n’y a pas de recette typiquement Bretonne de Vodka. Ma Vodka est Bretonne uniquement pour 2 raisons, la 1ère : je produis en Bretagne, la 2ème : je suis Breton. J’ai décidé d’appeler ma Vodka Breizh’Cool en rapport avec la Bretagne, à savoir que Breizh’Cool est le diminutif de Breizh Alcool, qui lui est plus parlant.</p><p>  Parlons un peu de ma boisson spiritueuse qui s\'apparente à de la Vodka. Généralement les industriels utilisent des céréales ou de la betterave, chose que je ne ferai pas. Je vais utiliser les technologies les plus récentes en terme de fermentation alcoolique, j’utiliserai directement du saccharose, c\'est-à-dire du sucre blanc, avec une levure spécifique. Cette technique permet d’avoir une fermentation beaucoup plus rapide et beaucoup plus efficace. Pour un même volume, elle produit plus d’alcool et moins de dérivés que l’on ne souhaite pas avoir. Elle permet donc de faciliter les distillations ainsi que le traitement post-distillation. De ce fait, cela me permet de ne pas vendre ma Vodka à un prix exorbitant. Même si en tant qu’artisan distillateur, je ne peux pas rivaliser en termes de prix face aux industriels. Malheureusement cette technique a un gros défaut, elle ne me permet pas d’utiliser le terme « Vodka » légalement, je devrais utiliser le terme « boisson spiritueuse » malgré que cela s’apparente bien à de la Vodka.</p><p>les technologies les plus récentes en terme de fermentation alcoolique</p><p>du sucre blanc, avec une levure spécifique</p><p>plus rapide et beaucoup plus efficace</p><p>ne pas vendre ma Vodka à un prix exorbitant</p><p>je ne peux pas rivaliser en termes de prix face aux industriels</p><p>gros défaut, elle ne me permet pas d’utiliser le terme « Vodka » légalement</p><p>  Je vais utiliser un alambic traditionnel en cuivre avec une colonne garnie et une lentille de rectification. Avec la technique de fermentation et la grande efficacité de l’alambic que je vais utiliser, cela me permettra de faire seulement 2 distillations, tout en gardant une Vodka de grande qualité. Ensuite ma Vodka sera purifiée sur charbon actif pour la perfectionner. Pour la gamme de boissons spiritueuses aromatisées, l’aromatisation se fait après purification.</p><p>un alambic traditionnel en cuivre </p><p>  Au niveau des bouteilles, j’ai choisi d’utiliser des bouteilles en grès pour 3 raisons :1ère raison : je trouve une bouteille en grès beaucoup plus jolie qu’une bouteille classique en verre. De plus, étant rarement utilisée, elle se démarque des autres aux premiers regards.2ème raison : une bouteille en grès protège de la lumière, ce qui permet de ne pas altérer l’alcool et les arômes et donc permet une meilleure conservation.3ème raison : une bouteille en grès a un rendu beaucoup plus artisanal, le côté artisanal de ma Vodka est donc plus parlant.</p><p>j’ai choisi d’utiliser des bouteilles en grès</p><p>permet une meilleure conservation</p><p>a un rendu beaucoup plus artisanal</p><p>Stratégie commerciale & parrainage</p><p>   Pour ceux qui ne le savent pas encore, la publicité pour les alcools est très réglementée. C’est pourquoi j’ai décidé de faire fonctionner le bouche à oreille qui est à mes yeux, la meilleure pub que l’on peut avoir. Pour accélérer, booster le bouche à oreille et récompenser ceux qui font l’effort de le faire, j’ai pensé à un système de parrainage multi-niveaux. Cela fonctionne exactement comme un système de parrainage classique que la plupart des gens connaissent, on va juste récompenser aussi les parrains des parrains, ce qui parait logique. Je compte faire un système sur 6 niveaux ce qui permet la formation d’équipe. Car oui, contrairement à un système de parrainage à un seul niveau où il faut se débrouiller seul, cela permet de développer l’esprit d’équipe, car aider son filleul reste intéressant. Je tiens à préciser que les fonds dédiés au système de parrainage sont uniquement des parties de bénéfices, ce n’est pas un système pyramidal qui est voué à l’échec.</p><p>faire fonctionner le bouche à oreille</p><p>un système de parrainage multi-niveaux</p><p>aider son filleul reste intéressant</p><p>uniquement des parties de bénéfices</p><p>   Etant donné que certains ne pourront pas se permettre de payer une Vodka artisanale qui est plus chère qu’une Vodka industrielle, et que dans tous les cas, même si j’essaie de réduire le prix au maximum, je ne pourrais pas arriver aux prix des industriels. J’ai décidé de créer ce système qui va permettre à ces personnes d’y accéder en récoltant des réductions, des bouteilles gratuites, voir des cadeaux de plusieurs centaines d’euros. Tout ça, juste en faisant marcher le bouche à oreille.</p><p>Vodka artisanale qui est plus chère qu’une Vodka industrielle</p><p>je ne pourrais pas arriver aux prix des industriels</p><p>réductions, des bouteilles gratuites, voir des cadeaux de plusieurs centaines d’euros</p><p>Coût détaillé d’une bouteille de 70cL à 40° vendue à 18,49€</p>','https://img.ulule.com/display/0dce5085c8a599d7b8e3d3ade67e303267d15538/thumbnail/640x360/presales/2/8/6/44682/photo-bouteille.R5jlkexLXbKu.jpg?upscale=1','2016-12-07','2017-02-16',3000,NULL,1385),(290,310,'CLASSE DE DECOUVERTE A PARIS','GRANDIR, DECOUVRIR, PARTAGER ET SE CREER DES SOUVENIRS INOUBLIABLES','<p>L\'école Pen ar Streat se situe à Brest, en réseau d\'éducation prioritaire ( REP )​.</p><p>Florence et Maryse, les enseignantes dynamiques et motivées des classes de C.M.1-C.M.2 et C.M.2, souhaitent faire découvrir à leurs élèves les richesses de notre capitale : PARIS !</p><p>Pour donner la chance à ces 41 enfants brestois ( dont la plupart n\'ont jamais visité Paris)  de connaître la Ville lumière, nous comptons sur votre soutien.</p><p>VOUS SOUVENEZ-VOUS AVEC BONHEUR DE VOS VOYAGES SCOLAIRES, MALGRE LES ANNEES QUI PASSENT ?</p><p>SI LA REPONSE EST OUI, N\'HESITEZ PLUS : PARTICIPEZ A CE PROJET !</p><p>VOUS NOUS AIDEREZ AINSI A CREER DES SOUVENIRS INOUBLIABLES DANS CES 41 TETES BLONDES ET BRUNES !</p><p>VOUS NOUS AIDEREZ AINSI A CREER DES SOUVENIRS INOUBLIABLES DANS CES 41 TETES BLONDES ET BRUNES </p><p>Par ce voyage, les enseignantes souhaitent :</p><p>- permettre aux enfants d\'accéder à la culture et au patrimoine français</p><p>- mettre en pratique, ailleurs et autrement, les compétences du vivre ensemble ( les règles de la vie collective, l\'autonomie, la responsabilité )</p><p>- développer chez les élèves l\'envie de découvrir et d\'apprendre</p><p>Ce séjour à Paris permettra d\'aborder concrètement les programmes scolaires d\'histoire, de géographie, de sciences, d\'histoire de l\'art, etc.</p><p>Il sera aussi une étape dans le parcours citoyen de chaque élève.</p><p>Il s\'agit d\'un séjour de 4 jours ( 3 nuits ) qui aura lieu fin avril 2017.</p><p>Le programme sera riche de découvertes et d\'émerveillements pour les enfants :</p><p>- la visite du château de Versailles</p><p>- la découverte des monuments parisiens au cours d\'une balade en bateau-mouche</p><p>la découverte des monuments parisiens au cours d\'une balade en bateau-mouche</p><p>- la visite du Museum d\'histoire naturelle</p><p>- la découverte, en cette année électorale, des lieux de pouvoir et de décision ( Hôtel de ville, Assemblée nationale, Sénat, Elysée )</p><p>- la visite de la Cité des sciences</p><p>- des promendes dans les rues et les jardins parisiens</p><p>Notre Association de Parents d’Elèves est toute nouvelle.</p><p>Depuis plusieurs mois, nous mettons en place des actions diverses ( vente de goûter, kermesse, marché de Noël, etc. ) dans le but de participer au financement de ce projet dont le coût total s\'élève à près de 13 000 € ( soit environ 300 € par élève) .</p><p>Malgré notre dynamisme et l\'aide précieuse de la municipalité, le budget n\'est pas bouclé !</p><p>- du fin fond de notre Bretagne, le trajet jusqu\'à la capitale nous coûte 3 200 €</p><p>- l\'hébergement en auberge de jeunesse s\'élève à environ 6 000 €</p><p>- pour remplir les ventres affamés de nos petits bretons, il faut 2 800 €</p><p>- le coût des visites est estimé à 1 000 €</p><p>Il nous faut donc élargir notre appel à la solidarité au-delà de notre quartier car les derniers euros sont les plus difficiles à trouver.</p><p>Votre aide permettra de réduire la participation demandée à chaque famille pour qu\'aucun enfant ne soit privé de ce séjour pour une raison financière.</p><p>Et si votre générosité dépasse notre objectif, nous espérons pouvoir nous offrir les services d’un car à Paris afin d’assurer pour les enseignantes des déplacements plus sereins dans la capitale.</p><p>​Une journée de car à Paris = 600 € supplémentaires</p><p>L\'Association des Parents d\'Eleves de l\'école Pen ar Streat soutient le projet fédérateur et motivant de ces deux enseignantes, Florence et Maryse.</p><p>Notre APE souhaite leur apporter l’aide financière nécessaire afin de donner la possibilité à nos enfants de vivre une expérience inoubliable !</p>','https://img.ulule.com/display/4b23f9f25fd641ca6174bc4356a5043927ebc0e0/thumbnail/640x360/presales/1/6/7/43761/img_9388.42cRghPF4Jy1.JPG?upscale=1','2016-12-15','2017-02-22',1800,NULL,1358),(292,312,'Editions Dyozol','Maison d\'édition jeunesse','<p>Consacrées à la littérature jeunesse de 0 à 9 ans, les éditions Dyozol ont reçu leur acte de naissance fin novembre - sous la forme d\'un numéro d\'enregistrement du tribunal de commerce -, MAIS une maison d\'édition n\'existe que par ses livres, ses auteurs et ses lecteurs !</p><p>ses livres, ses auteurs et ses lecteurs</p><p>Nous vous présentons en exclusivité nos deux premiers titres, en gestation depuis quelques mois, qui paraîtront en librairie les 23 février et 23 mars. Nous vous proposons de les découvrir ici, et, parce que nous avons besoin de votre soutien, d\'y souscrire dès à présent.</p><p>Chaque signe d\'adhésion de votre part, d\'amitié, de partage, encouragera l\'existence de ce projet.</p><p>Le catalogue s\'ouvre avec un album, Inukshuk de Camillelvis (à partir de 3 ans), et un tout-carton, Trio de Franc Bruneau, Ambrogio Sarfati et Camille Tartakowsky (pour les tout petits).</p><p>Trio de Franc Bruneau, Ambrogio Sarfati et Camille Tartakowsky</p><p>Une fable écologique drôle et émouvante, inspirée d’une légende inuite.</p><p>Ici, la banquise gelée et le soleil brûlant façonnent un paysage en éternel mouvement. Au dernier jour polaire, sur la glace qui chante, le petit homme Inukshuk et l’ours facétieux voient se métamorphoser leur univers blanc en ce noir océan de baleine aux grands yeux...</p><p>TRIO - Franc Bruneau - Ambrogio Sarfati - Camille Tartakowsky</p><p>Une métaphore géométrique qui illustre la richesse du vivre ensemble et un outil ludique d’apprentissage des formes et des couleurs.</p><p>Trio, le petit triangle, débarque avec ses parents dans un nouvel espace auquel il va devoir s’adapter. Dans sa classe, il y a surtout des ronds, et quelques carrés. Il se retrouve rapidement confronté à l’hostilité de Rondo, le grand rond. En invitant ses camarades à jouer avec la diversité des formes simples, ils vont élaborer un monde complexe et joyeux.</p><p>UN LIVRE RACONTE... DES RENCONTRES</p><p>Ces deux premiers titres inaugurent notre désir d\'éprouver le livre dans tous ses états, afin qu\'il puisse rencontrer chaque âge de l\'enfance, et accueillir chaque enfant dans ses problématiques intimes et singulières.</p><p>Pour être au plus juste de cette relation sensible, créative, entre l\'enfant et le livre, entre l\'intime et le monde, les éditions Dyozol se tournent vers des auteurs de tous les horizons et domaines artistiques (plasticiens, graphistes, comédiens, vidéastes, musiciens, metteurs en scène de théâtre, peintres, poètes).</p><p>Leurs pratiques artistiques personnelles nous permettent d\'être dans un échange d\'artisan à artisan, autour de l\'élaboration des projets.</p><p>Elles favorisent particulièrement une parole originale et libre, ainsi qu\'un dialogue entre l\'état d\'enfance et l\'état d\'adulte. Adulte qui accompagne par son regard, par sa mémoire, le mouvement d\'un être qui s\'épanouit à la vie.</p><p>le mouvement d\'un être qui s\'épanouit à la vie</p><p>Ainsi, par le livre, résonnent et se répondent le temps, l\'espace, les mots et les images, des grands et des petits.</p><p>Pour en savoir plus sur Inukshuk et Trio, n\'hésitez pas à nous suivre sur Facebook et notre site</p><p>L\'objectif de cette campagne de souscrition est de soutenir le lancement et la promotion des éditions Dyozol auprès des libraires et du grand public, en nous permettant :</p><p>soutenir le lancement et la promotion des éditions Dyozol auprès des libraires et du grand public</p><p>- de constituer un premier cercle de lecteurs amicaux et bienveillants,</p><p>- d\'acquérir du matériel de travail (scanner A3, logiciel...),</p><p>- de développer notre site internet et différents supports à venir (catalogues, affiches),</p><p>- de préparer des événements (participation à des salons, signatures, lectures, ateliers...).</p><p>Grâce à votre soutien, nous espérons péréniser ce projet éditorial plein de notre désir de partage et d\'ouverture. </p><p>Et continuer de développer de nouveaux titres cette année et les années à venir !</p><p>François Lantin et Magali Murbach s\'associent en 2017 pour créer les éditions Dyozol, maison d\'édition jeunesse à compte d\'éditeur.</p><p>Lui, a exercé pendant 15 ans différentes fonctions dans l\'édition et la presse (Rédacteur en chef adjoint, fabricant, maquettiste, jongleur de priorité dans la presse quotidienne...).</p><p>Elle, est scénographe-plasticienne, costumière, auteure. Elle propose aussi des ateliers de création auprès du jeune public (en particulier au sein du collectif I Am A Bird Now), et mène un atelier de scénographie à la faculté d\'Amiens.</p><p>https://www.facebook.com/magali.murbach</p><p>https://www.facebook.com/FrancoisYLantin</p>','https://img.ulule.com/display/db150865fe2a0f57f7b7a67af035825c2d4eafad/thumbnail/640x360/presales/6/7/4/44476/imageprincipale.Zll3o4OQ6ADz.jpg?upscale=1','2016-12-15','2017-02-27',2500,NULL,1280),(293,313,'Équipage G\'T en 4L !','Direction le 4L Trophy 2018...','<p>Chaque année, le 4L Trophy regroupe plus de 1200 équipages, soit 2400 participants, tous étudiants, issus de plus de 1460 écoles. Depuis la France, chaque équipage part avec sa 4L pour plus de 6000 kilomètres à travers la France, l’Espagne et le Maroc.</p><p>\nLe raid est une aventure humaine, sportive et solidaire où l’orientation sera primordiale afin d’arriver à Marrakech en ayant réalisé le moins de kilomètres lors de la traversée du désert marocain.</p><p>\nA bord des 4L, du matériel scolaire et sportif est transporté pour être distribué aux enfants les plus démunis du Maroc, en partenariat avec l’association «Enfants du désert».</p><p>Nous affronterons le désert marocain pendant 10 jours en février 2018 et nous comptons sur votre soutien !</p><p>Notre équipage est composé de Gabriel Grillet, originaire du Jura et Théo Savoi, originaire de l\'Ain. Nous avons passé notre BTS Géomètre-Topographe à Lyon et nous sommes à présent étudiants en cycle ingénieur à l\'Ecole Supérieure des  Géomètres et Topographes du Mans (72).</p><p>Nous avons rejoins l\'association 4L GT, qui regroupe les étudiants de l’école souhaitant participer aux éditions du 4L Trophy. L’association permet aux futurs équipages de bénéficier des précieux conseils de ceux déjà partis les années passées. Elle organise également plusieurs manifestations auprès des étudiants de l’école (soirées, tombola, etc.) pour financer une partie de l’aventure.</p><p>Vous pouvez suivre notre aventure sur notre page Facebook mais aussi sur notre site web où vous trouverez plein d\'informations supplémentaires sur notre projet !</p>','https://img.ulule.com/display/23955e40e2e624ef593d04c888a131a099b4801b/thumbnail/640x360/presales/3/1/3/44313/photo1.9Z3UYZNLWt9b.png?upscale=1','2016-12-15','2017-02-14',320,NULL,137),(294,314,'WILD KARMA \"FASTER LOUDER!\"','Financement du premier album de WILD KARMA','<p>Salut! Nous sommes WILD KARMA, groupe Rock\'n\'Roll du sud de la France. Avec presque 200 concerts depuis 2011, une démo en 2012, un EP en 2013, plus que jamais, ON A BESOIN DE VOUS pour notre prochaine production!!!</p><p>Ce projet nous tient à cœur depuis un moment et il n’a jamais été aussi prêt de se concrétiser. L\'enregistrement des 12 titres et le mixage sont déja payés par nos propres moyens mais comme nous avons choisi l\' autoproduction nous n\'avons aucune autre source d\'argent. Les 4000 € demandés vont nous servir à couvrir les frais d\'environ 65% du coût total du projet, autant vous dire que tout dépend de vous! (Si ca dépasse c\'est encore mieux hein, on vous freine pas!)</p><p>L’enregistrement et le mixage (Panda, LAS VEDAS Recording Studio) sont faits, le mastering est en cours, viendra ensuite le pressage (Vinyle 33t et CD) et tout le merchandising : Communication, T-shirts, Patchs, Affiches, Cartes postales, stickers, frais de graphisme, etc.</p><p>L’identité visuelle de WILD KARMA a une place importante au sein du groupe, visuels rétro, ambiance série B, la formule fait mouche et correspond bien à notre état d’esprit, comme toujours nous avons confié la partie graphisme au talentueux Gibet, membre à part entière de Wild Karma qui est déjà en train d’exhumer de son cerveau malade des visuels exclusifs pour vos contreparties !!!</p><p>La sortie de l\'album est prévu pour Avril 2017</p><p>LA CAMPAGNE DURE 45 JOURS, ON COMPTE SUR VOUS, LET\'S GO!!!!</p><p>Visuel de l\'album \"FASTER LOUDER!\"</p><p>- Des miettes pour Gibet, le graphiste</p><p>C’est sur les bancs du lycée que le trio se rencontre et s’adonne rapidement à une passion commune, la musique, réalisant ensemble un rêve, monter un groupe de rock, ce sera «Karma».</p><p>Malgré quelques essais avec d’autres membres, c’est en trio, guitare/chant, basse, batterie qu’ils demeurent le plus efficaces. Influencés par le grunge et le punk rock à leurs débuts, ils enchaînent les concerts énergiques et enregistrent eux-mêmes des morceaux qu’ils diffusent aux fans naissants.</p><p>Affirmant leur style au fil du temps, la technique musicale acquise les pousse à enfanter des morceaux de plus en plus sauvages et aboutis. Les sonorités changent aussi, modelées par les nouvelles influences des trois qui recherchent un son plus brut, plus originel. Les morceaux de plus en plus « grunge\'n\'roll » deviennent vite la marque de fabrique du groupe.</p><p>Six ans après ses débuts, «Karma», fort d’une expérience musicale live, passe la seconde et devient «Wild Karma», s’affirmant en groupe de rock’n’roll/rockabilly au rythme soutenu, troquant basse pour contrebasse, Gretsh sous le bras et batterie réduite à l’essentiel.</p><p>Cette transformation donnera rapidement une démo autoproduite de 4 titres en 2012 et un EP 6 titres (Rumble Trouble) en 2013 enregistré par Fred (Elastic Studio).</p><p>2 vidéoclips verront le jour la même année pour agrémenter ce disque « Radio Terrorist » réalisé par Yuri Elfassy et « What does not kill you eat » réalisé par Gibet.</p><p>Depuis lors, le power trio écume toutes les scènes, partageant parfois celles de groupes de renom (Hillbilly Moon Explosion, Demented Are Go, Frantic Flinstones, Jim Jones, Devil Dogs, etc), séduisant son public à grand coups de compositions suralimentés, enrichies de quelques standards.</p><p>Avec votre aide, WILD KARMA va passer la troisième, écraser la pédale et foncer comme il savent si bien le faire! tant qu’il y aura (de) l’essence!!!</p><p>Site internet : (bientôt à jour)</p><p>Page facebook : https://www.facebook.com/Wild-karma-340605764193/</p><p>https://www.facebook.com/Wild-karma-340605764193/</p><p>Page de Gibet (graphiste) : http://chezgibet.tumblr.com/  https://www.facebook.com/GIB3T/</p><p>https://www.facebook.com/GIB3T/</p><p>Merci pour l\'attention portée à ce projet! Keep on rockin\' !</p>','https://img.ulule.com/display/e5aa60f364cdeb75beaede71c6a4e2009dc1c421/thumbnail/640x360/presales/9/0/7/44709/bandeau-couv.lOcIPgp0IjFa.jpg?upscale=1','2016-12-11','2017-02-07',4000,NULL,3050),(295,315,'Possession','Saga d\'Urban fantasy Magdanaëlle James, tome 1.','<p>AMOUREUX DE VAMPIRES ET AUTRES </p><p>À vingt-sept ans, Magdanaëlle James est la seule survivante de l\'attaque meurtrière du 17 Novembre 2004. Encore traumatisée dix ans plus tard, elle découvre rapidement que son passé la rattrape lorsqu\'elle retrouve dans son jardin le corps d\'une jeune femme. Ce cadavre signe pour elle le début d\'une histoire particulièrement intense où les découvertes s’enchaînent et où le monde dans lequel elle évolue cache de nombreux secrets. Quand l’énigmatique Assnan Redarg frappe à sa porte, Magdanaëlle comprend vite l\'importance de sa vie aux yeux de certaines créatures... surnaturelles.</p><p>\"Possession\" est le premier tome de la série littéraire \"MagdanaëlleJames\" qui met en scène une jeune femme persécutée par des créatures fantastiques et qui va devoir se battre pour survivre mais aussi pour protéger sa famille.</p><p>Se déroulant à Nantes, l\'univers construit autour de l\'héroïne évolue au fil des pages et tout comme elle, nous découvrons des vampires, loups-garou et autres espèces surnaturelles qui rôdent la nuit dans les rues à la recherche de nouvelles proies.</p><p>En dehors du mystère qui plane au dessus du cadavre retrouvé chez elle, Magdanaëlle se rendra très vite compte de ses particularités qui la poussent à être si différente des autres femmes. Bien qu\'elle ait une peur bleue de la nuit, c\'est pourtant dans cette atmosphère que son don se met en place : La jeune femme a un pouvoir, celui d\'être capable de capter les créatures surnaturelles lorsque la nuit se présente à elle. Face à certaines situations, cette particularité pourrait se révéler assez utile.</p><p>Le but de ce projet est de permettre à ce premier tome de voir le jour en version papier, et de rendre cet objet le plus joli et le plus agréable possible. Le livre fera entre 355 et 390 pages (selon la mise en forme...).</p><p>Les contributions apportées permettront alors à l\'histoire d\'être lue et corrigée par un professionnel, elles aideront également à la commande de cinquante exemplaires destinés aux contributeurs (et plus si le besoin se présente), bien sûr, elles contribueront aux frais d\'envois liés aux commandes, ainsi qu\'à la commission prise par Ulule. </p><p> l\'histoire d\'être lue et corrigée par un professionnel</p><p>Ce second objectif est envisagé afin de promouvoir le livre avec l\'impression d\'une quinzaine d\'autres exemplaires ainsi (et surtout !) des petits goodies destinés aux contributeurs (badges, marque-page, flyers...). Il est envisagé aussi de faire imprimer une dizaine d\'exemplaires de mon premier ouvrage \"À ton cœur maudit\". </p><p>impression d\'une quinzaine d\'autres exemplaires</p><p>des petits goodies destinés aux contributeurs (badges, marque-page, flyers...)</p><p>Je m\'appelle Mélanie Groenwont, je vis en Loire-Atlantique. Actuellement étudiante en licence LLCE à l\'université de Nantes, je me passionne depuis toujours pour l\'écriture et la littérature.</p><p>Depuis mes quatorze ans, je publie des histoires sur des blogs textes (fan-fictions, fictions, nouvelles...) sous pseudonyme.</p><p>je publie des histoires sur des blogs textes (fan-fictions, fictions, nouvelles...)</p><p>En 2015, je prends la décision de publier l\'une de mes nouvelles \"À ton cœur maudit\" en version papier grâce à l\'auto-édition.</p><p>Peu de temps après, j\'ai démarré l\'écriture de la saga \"Magdanaëlle James\", une série d\'Urban Fantasy avec tout ce que j\'aime à l\'intérieur, des vampires, de l\'action et Nantes en décor. Ce n\'est qu\'à la fin de l\'année 2016 que j\'ai mis le point final au premier tome \"Possession\'. Actuellement en pleine écriture du second tome, j\'espère un jour pouvoir proposer mon univers à un plus grand public.</p><p>des vampires, de l\'action et Nantes en décor</p><p>J\'ai choisi de ne pas afficher mon prénom en tant qu\'auteur, M.G, c\'est la première lettre de mon prénom suivi de celle de ma grand-mère maternelle, la personne qui m\'a donné le goût de l\'écriture et de la littérature (et c\'est également mon deuxième prénom).</p><p>Pour me contacter, il y a plusieurs moyens :</p><p>INSTAGRAM : https://www.instagram.com/mggroenwont/</p><p>https://www.instagram.com/mggroenwont/</p><p>SITE : http://mggroenwont.wixsite.com/mggroenwont (qui est en mise à jour).</p><p>http://mggroenwont.wixsite.com/mggroenwont</p><p>BLOG TEXTE : http://fromthebox.skyrock.com/</p><p>PAGE WATTPAD : https://www.wattpad.com/user/MGGroenwont</p><p>https://www.wattpad.com/user/MGGroenwont</p>','https://img.ulule.com/display/32350f95407cbd4d36ebd743a2dc23cdf6d4a9a1/thumbnail/640x360/presales/4/6/8/45864/final-couverture-tome-1-version-640.c7aF3oSAO2gV.png?upscale=1','2016-12-11','2017-02-27',900,NULL,180),(296,316,'Réhabilitation sociale pour et par les jeunes','Contribuez à rendre autonome et à responsabiliser les jeunes de l\'OPDE-Rwanda','<p>Agée de 23 ans, je vis et étudie au Québec. Mon parcours académique comprend un diplôme d’étude collégial (DEC) en éducation à l’enfance suivi d’un baccalauréat en psychologie que je finalise cette année. En parallèle je prépare un certificat en intervention jeunesse  que je souhaite poursuivre par une maitrise en travail social. Ma clientèle cible est l’enfant. </p><p>À l’été 2017, je pars effectuer un stage en solidarité et coopération international au Rwanda avec l\'organisme l\'AMIE, afin de faire une formation de groupe dans le cadre du programme Québec sans frontières (QSF). Je partirai donc à Butare au Rwanda avec un projet bien précis, en lien avec mon domaine d’étude. Le stage de « réhabilitation sociale pour et par les jeunes de la rue de l’OPDE-Rwanda » sera d’une durée de deux mois et demi, soit 70 jours. La mission est d’autonomiser et de responsabiliser les jeunes de l’OPDE afin qu’ils s’appuient entre eux pour créer un système d’entraide pour les jeunes et par les jeunes. Je vais vivre cette expérience avec 7 autres merveilleuses personnes et une accompagnatrice qui elle revient tout juste de Butare. Nous sommes tous formés dans le domaine de la relation d\'aide (psychologie, éducation spécialisée, travail social, délinquance, etc.), certains sont étudiants et d’autres sont déjà sur le marché du travail.</p><p>stage en solidarité et coopération international </p><p>en lien avec mon domaine d’étude</p><p>formés dans le domaine de la relation d\'aide </p><p>Je suis ravie d’avoir été sélectionnée pour vivre cette magnifique aventure pour laquelle je vais être bien préparée ! Effectivement, j’ai plusieurs « fin de semaine » de formation pré-départ afin d’en connaître d’avantage sur le Rwanda, de me préparer au choc culturel, de dépasser la barrière de la langue (et oui ça parle le Kinyarwanda là-bas !!), d’avoir des informations santé, etc… A mon retour je dois avoir : une dernière formation, une soirée afin de présenter le projet que nous avons réalisé à l’OPDE avec mes collègues ainsi qu’une présentation que je devrais réaliser dans une école.</p><p>Le programme de Québec sans frontières permet à des Québécois âgés de 18 à 35 ans d’effectuer des formations en solidarité internationale. C’est un programme qui offre des stages en Afrique francophone, en Amérique latine, en Asie-Pacifique et dans les Antilles. Le ministère des Relations internationales et de la Francophonie (MRIF) et l’association québécoise des organismes de coopération internationale (AQOCI) financent et coordonnent le programme QSF. Aussi, le partage, la solidarité et l’engagement social sont des principes importants pour Québec sans frontières.</p><p>L’AMIE est un organisme sans but lucratif qui œuvre pour le mieux-être des enfants défavorisés dans le monde. Cet organisme s’est donné comme mandat de répondre aux besoins fondamentaux des enfants des pays en développement et de les aider à être autonomes. De plus, c’est un organisme qui sensibilise la société aux besoins, aux droits et aux différents moyens d’aider les enfants vivant dans les pays en développement. Pour l’AMIE, le volontariat solidaire, l’aide efficace, le respect des droits des enfants et le développement durable sont des principes qui aident à diriger les actions de l’organisme.</p><p>mandat de répondre aux besoins fondamentaux des enfants des pays en développement et de les aider à être autonomes</p><p>principes qui aident à diriger les actions de l’organisme</p><p>L’OPDE (œuvre humanitaire pour la protection et le développement de l’enfant en difficulté) de Butare, débute officiellement en 1997. L’objectif de cette association rwandaise est de secourir les enfants de la rue de Butare avec pour finalité la réinsertion dans la société. Actuellement, après beaucoup de travail, le centre de Butare s’occupe d’environ 70 enfants/adolescents qui sont répartis dans le foyer de Taba (pour les plus grands), celui de Rukira (pour les enfants) ainsi que dans des familles d’accueil. C’est donc à l’OPDE de Butare que je vais travailler et réaliser cette formation de deux mois et demi avec mes 7 collègues et l’accompagnatrice.</p><p>œuvre humanitaire pour la protection et le développement de l’enfant en difficulté</p><p>secourir les enfants de la rue de Butare</p><p>Ce stage d’une durée de 70 jours coûte environ 10 000$ par personne. L’AMIE nous demande d’effectuer une levée de fonds de 20% de la somme, soit 2 000$. Le reste du montant est pris en charge par le ministère des relations internationales et de la Francophonie du Québec (MRIF). En ce qui concerne la somme que je dois récolter,  elle servira à régler le billet d’avion et l’allocation à la famille d’accueil, c’est-à-dire la nourriture et le logement ainsi qu’un certain montant pour le fonds d’appui à la communauté de l’OPDE (des projets mis en place par la communauté selon leurs besoins.</p><p>A ce jour j’ai déjà réalisé quelques activités et effectué des demandes de dons. Il me reste 1 000 $ à collecter pour atteindre mon objectif. J’ai  décidé de fixer un montant de 800 $. Dans l’éventualité où mon but est atteint, j’essaierai d’atteindre les 1 000 $, afin d’arriver la somme totale demandée.</p><p>reste 1 000 $ à collecter pour atteindre mon objectif</p><p>Je suis une jeune femme extravertie, dynamique, ouverte d\'esprit et passionnée. Je suis également une fan de voyage et de découverte et j\'ai la conviction que voir et apprendre sur le monde est la meilleure façon d\'être un bon citoyen et une bonne personne qui a de bonnes valeurs. </p><p>« Sauver un enfant, c’est sauver le monde »</p><p>Merci de votre soutien, merci de parler de mon projet et merci de m\'aider à réaliser mon rêve !!! :)</p>','https://img.ulule.com/display/fe03903d21e779fc14879dc4eaf1e4c219f24a04/thumbnail/640x360/presales/8/7/3/45378/15909454_10154061637842623_681039795_n.35Oj5iofjygj.jpg?upscale=1','2016-12-12','2017-02-09',800,NULL,706),(297,317,'Cake Design, Salon de thé, Cours de pâte à sucre','Cake Design, Salon de thé, Cours de pâte à sucre','<p>Tout d\'abord, merci de vous arrêter sur mon projet afin d\'en prendre connaissance.</p><p>Cela fait maintenant plus de 3 ans que j\'ai eu cette envie et idée de création de boutique de Cake Design. Ma fille de 7 ans étant née avec des allergies alimentaires, cela m\'a appris à développer de nouvelles recettes et à adopter le 100% fait maison. J\'ai pris goût à la pâtisserie et j\'ai commencé à prendre des cours de cake design.</p><p>Maintenant diplômée en CAP Pâtisserie que j\'ai obtenu en candidat libre en juillet 2016, j\'ai maintenant toutes les formations et cartes en main pour me lancer dans la création de ma propre entreprise.</p><p>Je dispose de tout le matériel nécessaire mais il me manque le plus gros. Le laboratoire aux normes. Ces 2 500€ constitueraient la moitié de l\'apport nécessaire pour obtenir un prêt bancaire suffisant.</p><p>En effet, mon investissement matériel de départ devra être de 9 600€. Cela inclus les plans de travail inox, armoires refrigérées, four, lave vaisselle, comptoir réfrigéré, table réfrigérée, bac lave main, robot, balance, échelle pâtissière ainsi que tout le stock consommable à prévoir en début d\'activté. Viennent s\'ajouter les 1 000€ de matières premières necessaires pour débuter. Les frais d\'amménagement s\'élèvent à 7 000€ comprenant carrelage mural et au sol, amménagement plomberie et électricité, bonde centrale ainsi que la peinture alimentaire dans la partie cuisine.</p><p>En ajoutant à cela la peinture de la boutique, enseigne et décoration de la boutique, nous avoisinons les 20 000€ de besoin de prêt bancaire.</p><p>L\'ouverture de la boutique est prévu pour août 2017. Les 6 mois à venir seront necessaires à finaliser le projet auprès des banques, achat du matériel, décoration et installation de la boutiique !</p><p>Maman de 32 ans, je souhaite faire aboutir mon projet en ouvrant ma boutique.</p><p>Cette boutique sera spécialisée dans le cake design, les cup cakes, cake pops macarons.</p><p>Des mises à jour par thème selon les mois de l\'année et évènements particuliers (Noël, St Valentin, Pâques, Eté....) seront mis en place avec adaptation des décors sur la pâtisserie. Je serais en charge également des organisations d\'anniversaires avec mise en page des invitations personnalisées, décoration, sweet table, gâteau ... Egalement la création de wedding cakes.</p><p>Je suis et serais à l\'écoute de la clientèle pour toutes ces demandes personnalisées afin de les satisfaires du mieux possible. Le gâteau est la pièce finale d\'un repas, pièce qui reflete la personnalité d\'une personne et qui est calquée sur l\'évènement. Elle clotûre un repas et se doit d\'être irréprochable !</p><p>Salon de thé, bar à bonbons feront également le quotidien de la boutique.</p><p>Ainsi que des cours enfants et adultes seront mis en place dans la convivialité !</p><p>Voici quelques unes de mes créations.</p><p>Tout est visible sur ma page: https://www.facebook.com/NLSweetCookingbyGuyDemarle/?ref=aymt_homepage_panel</p><p>https://www.facebook.com/NLSweetCookingbyGuyDemarle/?ref=aymt_homepage_panel</p>','https://img.ulule.com/display/7d1c8da69b4fc201c1e151ff5ab22897e06fe4e3/thumbnail/640x360/presales/6/5/3/45356/layer-cake.zmgGxVEyOVJ6.jpg?upscale=1','2016-12-17','2017-02-11',2500,NULL,125),(298,318,'Benoît Springer - Mon carnet 2016','Livre de croquis et d\'illustrations de Benoît Springer','<p>English presentation available : click on the upper right corner (Fr) and choose English.</p><p>Mon carnet de croquis et d\'illustrations est comme l\'intérieur de ma tête : ça part dans tous les sens, au gré de mes envies. J\'y fais des croquis d\'observation, des recherches de personnages, des tentatives graphiques... J\'y réalise aussi des illustrations inspirées d\'expressions de la langue française, d\'une phrase entendue à la radio... Pendant un an, pratiquement tous les soirs, j\'ai rempli les pages de mon carnet. J\'aime beaucoup les images qu\'il contient et j\'aimerais vous les faire découvrir. </p><p>J\'utilise un carnet Moleskine pour mes \"illustrations du soir\". Les pages y sont fines, souples et douces. J\'aimerais qu\'entre vos mains, le livre imprimé lui ressemble. J\'ai donc choisi de le faire imprimer sur du papier recyclé dans un format 15 cm x 21 cm. Il comptera 62 illustrations choisies : des croquis, des dessins au pinceau, à la plume, des illustrations finies et d\'autres interrompues ou parfois abimées... Il reflètera la vie de mon vrai carnet.</p><p>Une affiche format A3, imprimée sur papier 300g avec grain et illustrant l\'expression \"dans le plus simple appareil\". L\'illustration est en cours de réalisation. </p><p>Les dessins originaux sont tous dans mon carnet, je ne peux donc pas vous les vendre individuellement. Je vous propose donc de vous redessiner l\'un d\'entre eux parmi une sélection de 3 dessins au format A5 et 2 dessins au format A4. Cette contrepartie est un dessin original et n\'inclut pas le livre imprimé. Mais vous pouvez bien sûr commander plusieurs contreparties.</p><p>Cette contrepartie est un dessin original et n\'inclut pas le livre imprimé.</p><p>Je suis illustrateur et auteur de bande dessinée depuis 20 ans. J\'ai exploré différents univers, l\'heroic-fantasy avec \"Terres d\'ombre\" (Christophe Gibelin au scénario), les histoires de vampires avec \"Volunteer\" (Muriel Sevestre au scénario), du polar-fantastique avec \"La Boussole\" et des histoires plus réalistes et intimistes comme \"Cécile\", \"On me l\'a enlevée\" (Séverine Lambour au scénario) ou \"Le beau voyage\" (Zidrou au scénario). Je suis également professeur de bande dessinée à l\'école Pivaut de Nantes.</p><p>Séverine Lambour a imaginé le projet et gèrera l\'aspect financier et logistique.</p>','https://img.ulule.com/display/adb19c39195c0fb39b6b1f1aa35c9bf0b84a87c4/thumbnail/640x360/presales/0/1/0/45010/couverture-facebook-sketchbook2.1CXruzX6lgeH.jpg?upscale=1','2016-12-14','2017-02-11',2500,NULL,2405),(299,319,'\"La Démence de ses Rêves\"','court métrage','<p>Nous sommes des personnes passionné(e)s de cinéma, pour la plupart étudiants/es, qui cherchons à réaliser très prochainement un court-métrage d\'environ vingt à trente minutes. Le tournage se déroulera principalement à Lille au mois de janvier 2017, pour une durée de cinq jours. Nous avons donc besoin d\'un budget que nous estimons à sept cent euros afin d\'assurer le matériel, plus spécifiquement pour la lumière puisqu\'elle celle-ci prend une large part dans l’histoire.</p><p>Ce tournage se veut amateur, le but de ce projet étant de faire passer un message tout en faisant rêver le spectateur et la spectatrice ! :)</p><p>Quelle est l\'histoire ? Marie est une jeune femme qui vit entre deux mondes : le monde réel et le monde de ses rêves. Seulement, voilà : le monde de ses rêves n\'est pas celui qu\'on croit. En fait, le monde qui est celui dans lequel elle vit est plein de couleurs, de lumières, de magie, alors que le monde de ses rêves est le monde de notre quotidien à nous, plutôt terne et dénué de toute magie. Les proches de Marie estiment ses rêves nuisibles, voire dangereux, puisqu\'ils s\'articulent autour d\'un monde qui ne ressemble pas au leur. Quelle idée de rêver d\'une terre sans magie ? Quel besoin a Marie de se passer de toutes ces belles choses qui font leur quotidien à elles et à eux ? C\'est contre l\'ordre établi.</p><p>Les proches de Marie sont prêts à la faire enfermer dans une maison de repos pendant quelques temps, mais la jeune femme s\'accroche, se bat pour rester libre. Elle jure qu\'elle va tout faire pour ne plus rêver de ce monde. Mais comment faire quand quelqu\'un profite de ses rêves... Marie doit-elle se battre pour avoir le droit de rêver ou doit-elle se ranger ? Malheureusement, personne ne peut contrôler les événements…</p><p>https://www.facebook.com/demencedesesreves/?skip_nax_wizard=true</p><p>Bien sûr, qui dit projet dit investissement et ici la règle ne déroge pas ! Il nous faut donc un minimum d\'équipements mais aussi apporter des forces aux comédiens/iennes du projet !</p><p>L’éclairage : pour le monde réel de Marie, plein de couleurs, de lumières et de formes.</p><p>Le son : pour les discours tourmentés de Marie face à ses partenaires (micro, enregistreur).</p><p>Le maquillage : dans le monde de magie, la poudre et l’eye-liner seront de la partie.</p><p>La nourriture : on travaille mieux le ventre plein !</p><p>Les costumes : très colorés à l’image du monde de magie.</p><p>Les décors : des cascades de voiles, de couleurs, de formes, une touche de fantaisie !</p><p>De ce fait, nous avons estimé tout le nécessaire à environ 700€, ce qui nous permet d\'avoir du matériel de bonne qualité et des accessoires à moindres coûts !</p><p>Hélène est actuellement en université de l\'image à Lille 3. Fan de théatre et de cinéma, son envie de créer son propre court-métrage grandissant, elle écrit plusieurs scénarios et donne sa chance à des comédiens/iennes afin de donner vie à ce qu\'elle écrit ! Ce projet a été intégralement écrit par Hélène.</p><p>Pour ma part, je fais beaucoup de figurations et fais du théatre depuis quelques années. J\'ai eu l\'opportunité de travailler avec Hélène sur ce projet, qui je l\'espère est le premier d\'une longue série. :) </p><p>Nous avons déjà réalisé deux projets ensemble, j\'étais acteur et Hélène actrice et réalisatrice : Là où sombre le danger, court-métrage en avril 2016, ainsi que des publicités en été 2016. Les publicités sont désormais visibles sur notre lien facebook cité un peu plus haut.</p><p>Notre but est de réaliser des films afin d\'acquérir de l\'expérience. Nous aimons plus que tout le cinéma et l\'expérience des tournages. Nous voulons lancer ce court-métrage dans plusieurs festivals.</p><p>Hélène jouera le role de Constance, mais c\'est aussi la réalisatrice de ce projet, qui a écrit le scénario, et l\'organisatrice du tournage ! Constance est une jeune femme qui cherche sans cesse à créer pour être reconnue par celles et ceux qui l\'entourent. Elle va alors profiter des rêves que fait Marie, et pénétrer dedans.</p><p>Marie interprétée par Marie, est une jeune fille qui vit dans un monde extravagant mais qui reve d\'un monde banal, notre quotidien, ce qui est mal vu par la société dans laquelle elle vit, où magie, couleurs et lumières sont omniprésentes ! Elle veut arrêter ses rêves qui ne feront que lui attirer des ennuis, mais quelqu\'un en profite et Marie devra se battre!</p><p>L\'acteur est interprété par Nicolas.Il n\'est pas vraiment réel, c\'est un acteur que Marie adore et qu\'elle transpose ainsi dans ses rêves ! Il n\'est pas présent à l\'intérieur du monde dans lequel elle vit, sauf sous forme de posters. Il apparaît comme une protection face aux autres qui rejettent l\'originalité de Marie, il est courageux et réfléchi.</p><p>Irène est interprétée par Romane.C\'est une femme de tête avec un caractère redoutable ! Elle représente la société mais à petite échelle. Elle veut envoyer Marie chez un psy afin d\'arrêter ses rêves ! Elle est directe et perd patience face à Marie, qui elle, espère que tout cela se passe.</p><p>Thibault interprète Baptiste, le petit ami de Marie, qui se montre impatient, sévère et dur. Il veut faire psychanalyser Marie et provoque chez elle la création d\'un personnage masculin protecteur dans ses rêves, sous les traits d\'un acteur qu\'elle adore et qu\'elle affiche dans sa chambre!</p><p>Louise est interprétée par Gwendoline. Soeur d\'Irène, amie proche de Marie, elle veut aider cette dernière à guérir, mais admire ses rêves en secret et lui demande parfois de lui raconter ce qui s\'y passe ! Malgré tout, elle n\'ose pas exprimer cette curiosité et se range derrière l\'avis d\'Irène et de la société !</p>','https://img.ulule.com/display/1b5579ef6f4590fdddf6b2e4f010cac42099a1f5/thumbnail/640x360/presales/0/3/9/44930/dsc_0177.3PtnoAfMLvoa.JPG?upscale=1','2016-12-10','2017-02-06',700,NULL,820),(300,320,'Luna Nostra Tome 2','Petit témoignage de vie lunienne à l\'attention d\'hypothétiques esprits terriens curieux','<p>Luna Nostra, qu\'est-ce que c\'est que cet O.L.N.I. *?\n(*Objet à Lire Non Identifié)</p><p>Luna Nostra, qu\'est-ce que c\'est que cet O.L.N.I. *?</p><p>Avec Luna Nostra, je fais partager la vie quotidienne de colons terriens installés sur la lune, au travers d’articles documentés avec précision, richement illustrés… et garantis 100% authentiques !</p><p>Cette petite encyclopédie lunienne, regroupe dans ses rubriques, des reportages instructifs, des fiches techniques, des recettes de cuisine, des mini-récits en bandes dessinés, des publicités et même des fiches bricolage...</p><p>Enfin bref, tout ce qu\'il faut à un lecteur terrien pour entrer en immersion totale dans un univers loufoque, parfois féroce et finalement pas si éloigné du sien.</p><p>Le ton de l\'ouvrage est scientifico-burlesque, parfois absurde, parfois grinçant. La science-fiction développée dans l’univers est plus poétique que technologique et le sourire l’emporte toujours.</p><p>En un coup d\'oeil, voici ce qui vous attend dans mes petits guides Luniens.</p><p>Le projet Luna Nostra est en deux tomes complémentaires mais pouvant se lire indépendamment.\nLe tome 1 est sorti en 2016, je vous propose de vous associer à la mise sur orbite du tome 2.</p><p>Luna Nostra Tome 2 est un livre de 32 pages couleurs. Son format est de 18 X 25,5 cm, broché, couverture souple et pelliculée en ”soft touch” pour un joli rendu. Il sera imprimé sur une presse numérique permettant un petit tirage de très belle qualité.</p><p>Un petit coup d\'œil sur le contenu ? Hop !</p><p>J\'ai tenu à développer ce projet en toute liberté, sans contrainte commerciale ou éditoriale. Le résultat est atypique mais je pense qu\'il est fun et très abordable. Sa réalisation s\'est étalée sur plusieurs années (les premiers croquis datent de 2008 !) après pas mal de tâtonnements et parfois de fausses routes, le voilà enfin prêt !</p><p>Je suis curieux et impatient de présenter directement Luna Nostra T2 à des lecteurs. J\'espère que vous vous approprierez ce projet en participant à son aboutissement. Je souhaite qu\'il vous donne autant de plaisir que moi, j\'en ai à le réaliser.</p><p>J\'ai volontairement placé le premier palier de la souscription au minimum de la faisabilité de l\'impression. Mais, bien sûr, les contributeurs pourront donner un peu plus de poids au projet en dépassant le premier niveau, si c’est le cas, j\'ajouterai des paliers (avec de nouveaux bonus !). Cela permettra d\'augmenter le tirage et la diffusion du bouquin.</p><p>Le financement servira à :\n• L’impression des bouquins et de ses bonus.\n• L’expédition.\n• Payer commission Ulule de 8% du total.</p><p>Je suis dessinateur et scénariste. Après des études aux Beaux-arts de Lyon et à l’école d\'Arts Appliqués “Émile Cohl”, mon parcours artistique m\'a permis de faire de l’illustration pour enfants, de la peinture murale ou encore du design graphique. Enfant et adolescent, je dévore tous les albums de BD qui me passent sous la main c\'est ainsi que me vient l\'envie de devenir un “raconteur ” d’histoires. Après plusieurs petits récits illustrés réalisés pour des besoins publicitaires ou simplement pour le plaisir, je scénarise l’album “Jason Silverstone” aux éditions Ankama. Je participe ensuite à l’ouvrage collectif ”Faucheurs volontaires” pour les Dessin’acteurs. “Partout et nulle part“, un artbook regroupant des illustrations et des courts récits parait en 2013 aux éditions Orleja. Depuis, c’est sur la lune que j\'ai installé ma table à dessin et mon ordinateur pour un projet singulier et burlesque qui alterne textes illustrés, photomontages et bandes dessinées : “Luna Nostra”. Mon Blog :\nhttp://jeanfi-vinson.blogspot.fr/</p>','https://img.ulule.com/display/505f9a5075a643d1d6e93673b04eb59c32a37380/thumbnail/640x360/presales/0/7/5/45570/ln-presentation-couv-t2.vUp4f0wgoGwF.jpg?upscale=1','2016-12-16','2017-03-04',650,NULL,45),(301,321,'Véhicule Ultra Performant','Participation au Shell Eco-Marathon','<p>Objectif : 1000km avec l\'équivalent énergétique d\'un litre d\'essence !</p><p>_______________________________________________________________________________</p><p>Nous sommes neuf étudiants de l’ENSTA ParisTech à avoir décidé de concevoir et de construire un prototype pour participer au Shell-Eco Marathon. L’objectif de cette compétition est la conception d’un véhicule une place consommant le moins possible, les meilleures équipes parvenant à parcourir plus de 1000km avec l\'équivalent énergétique d\'un seul litre d’essence. </p><p>un véhicule une place consommant le moins possible</p><p>Cette compétition mondiale permet aux étudiants qui y participent d’avoir une vision innovante et durable du transport automobile. Elle engendre des débats passionnants sur les solutions proposées et leur utilisation dans nos voitures réelles. Dans ce cadre, nous avons voulu participer à la catégorie « voiture électrique » afin de réfléchir aux moyens d’optimiser l’efficacité et surtout l\'endurance de ces voitures dont nous pensons qu’elles seront le mode de transport de demain. Encore dans l\'idée de préserver l\'environnement, nous réaliserons la carrosserie en fibre de lin, seul composite entièrement recyclable, suffisamment solide et léger !\nEnfin, l’ENSTA ParisTech est l’une des dernières écoles d’ingénieurs de France à ne pas participer au Shell Eco Marathon et nous souhaitons remédier à cela et défendre les couleurs de notre école !                                \n                                                            </p><p>une vision innovante et durable du transport automobile</p><p>seul composite entièrement recyclable</p><p> défendre les couleurs de notre école</p><p>Notre idée principale pour gagner est de pencher le véhicule dans les virages à la manière d’une moto afin de lutter contre la force centrifuge. Avec cela, nous aurons moins besoin de freiner dans les virages et donc moins besoin d’accélérer en sortie. Cette, certes petite, économie d’énergie par rapport à nos concurrents pourraient bien nous propulser en haut du classement tant cette compétition se joue sur des détails !</p><p>pencher le véhicule dans les virages à la manière d’une moto</p><p> cette compétition se joue sur des détails !</p><p>Pour cette année, nous souhaitons construire un prototype respectant au mieux le règlement du Shell Eco Marathon pour ensuite passer le relais aux étudiants de deuxième année (qui sont d’ailleurs déjà intégrés dans l’équipe) dès septembre 2017. L’objectif est de participer et d’être compétitif dès l’édition de juillet 2018.</p><p>              \n                     </p><p>Depuis septembre nous travaillons dans le but de pouvoir commencer la construction dès le mois de mars et nous avons très bien avancé. Nous sommes prêts à commencer la construction de la voiture ! Et pour cela, nous avons besoin de vous !</p><p>Nous sommes prêts à commencer la construction de la voiture ! Et pour cela, nous avons besoin de vous !</p><p>Le financement servira à commander les pièces nécessaires à la construction du véhicule. Avec 2000€ nous serions en mesure de construire la carrosserie (en fibre de lin) et le châssis (en aluminium) ainsi que d’acheter les roues et le moteur électrique. En effet, nous estimons le budget nécessaire cette année à 4000€ et nous avons déjà récolté 2000€ auprès de notre école et de la vie associative de celle-ci. Voici en détails le budget prévisionnel :</p><p>Tests en soufflerie (impression 3D des maquettes)\nMoules (moule mâle en bois et polystyrène, moule femelle en fibre de lin)\nCarrosserie (fibre de verre, résine époxy, vitre en polycarbonate)\nChâssis (tubes en aluminium, support conducteur, fixations)\nRoues (roues, pneus, freins)\nDirection (fusée, tringlerie, volant, câbles)\nMoteur (électrique 1200W, intégré à la roue arrière, roue inclue)\nBatterie (au lithium)\nTransmission (chaînes, pignons, plateaux)</p><p> + Divers 300€ (frais de livraisons, frais de déplacement)</p><p>Avec un budget plus important nous pourrions alors choisir différents matériaux (fibre de carbone par exemple) afin d’optimiser le poids et la solidité du véhicule pour être encore plus compétitifs.</p><p>Nous sommes neuf étudiants de troisième année de l’ENSTA ParisTech à participer à ce projet. Cela nous  tient vraiment à cœur car cela nous permet de mettre en pratique toutes les connaissances accumulées pendant notre formation. Ce projet transverse permet aussi de travailler en équipe avec des personnes de différentes filières. </p><p>Pour optimiser la gestion de notre projet, nous avons désigné un chef de projet et nous avons organisé le travail en quatre pôles (châssis, carrosserie, moteur et système embarqué). Des réunions hebdomadaires sont réalisées afin de mettre en commun l’avancée du travail.</p><p>Page Facebook Team ENSTA ParisTech</p>','https://img.ulule.com/display/2bc7bea5e4506e3bb7f758297ccf850dcae135d2/thumbnail/640x360/presales/5/4/4/45445/image-com.T9nmq5Scea1h.jpg?upscale=1','2016-12-10','2017-02-08',2000,NULL,570),(302,322,'Les Serres du Phénix','Ferme maraîchère musicale au Québec, Canada.','<p>>> N\'hésitez-pas à découvrir le projet, porté par la Baratte Culturelle <<</p><p>Ferme mara&amp;amp;amp;amp;amp;amp;amp;amp;amp;amp;amp;amp;amp;amp;amp;amp;amp;amp;amp;amp;amp;amp;amp;amp;amp;icirc;ch&amp;amp;amp;amp;amp;amp;amp;amp;amp;amp;amp;amp;amp;amp;amp;amp;amp;amp;amp;amp;amp;amp;amp;amp;amp;egrave;re musicale au Qu&amp;amp;amp;amp;amp;amp;amp;amp;amp;amp;amp;amp;amp;amp;amp;amp;amp;amp;amp;amp;amp;amp;amp;amp;amp;eacute;bec, Canada.</p><p>Nous avons établi le budget total nécessaire à la mise en marché puis à l’expansion des serres pour la saison 2017 : il s’élève à environ 15 600$. Celui-ci inclut les taxes et les frais d’envoi. Il comprend :</p><p>- les matériaux nécessaire à la production (semences,  terreau etc.): 1000$</p><p>- les investissements durables:</p><p> du matériel spécifique (semoir, sarcloir et grelinette, toile d’ensilage etc.) : 1 200$</p><p> du matériel d\'irrigation (système complet goutte à goutte, minuterie): 820$</p><p> un local de stockage (chambre froide : coolbot, climatiseur, isolant): 1 450$</p><p> du matériel de commercialisation (balance, caisses en bois etc.) : 1 300$</p><p> du matériel de lavage (baignoires usagées, arrosage) : 250$</p><p>- les charges de structure (les frais de location, d’électricité, de transports, de communication, la certification biologique, le numéro d’entreprise etc.): 5 000$</p><p>Ce qui fait un total d’environ 11 000$ pour le démarrage. Les 4 600$ restants concernent le remplacement des plastiques des 7 serres, qui n’est pas urgent cette année, mais serait tout de même bientôt nécessaire et bienvenue.</p><p>Ainsi, considérant d’une part que notre démarche d\'installation est progressive et notre apport personnel restreint et d’autre part que nous souhaiterions nous en sortir avec un emprunt bancaire le plus réduit possible pour limiter notre taux d’endettement, qui fragiliserait le lancement de notre activité, nous avons besoin de votre aide!</p><p>un emprunt bancaire le plus réduit possible </p><p>>> 5 000$ nous permettraient déjà de financer les semences, le matériel spécifique, le matériel d\'irrigation et une partie du local de stockage et également de prévoir la commission d\'Ulule et l\'envoi des contreparties.</p><p>>> 8 000$ nous permettraient de continuer à financer du matériel et de prendre en charge une bonne partie des charges de structure.</p><p>bonne partie des charges de structure.</p><p>>> Et allez, soyons fous, 11 000$ de soutiens nous éviterait l\'endettement et donnerait les MEILLEURES chances de réussite à notre projet!</p><p>>> Et allez, soyons fous, 11 000$ </p><p>les MEILLEURES chances de réussite</p><p>Ainsi, il n’y a pas de petit don ! Euros ou dollars, sesterces ou piastres, nous vous serons éternellement reconnaissant pour votre générosité et votre précieux soutien!</p>','https://img.ulule.com/display/dd2651a738e4d6a79ed4605746800eb5c057398a/thumbnail/640x360/presales/8/2/5/44528/merci.moNumv5tgkuI.png?upscale=1','2016-12-09','2017-02-18',5000,NULL,6935),(303,323,'La primaire de l\'Estemplette','Votez pour la décoration de l\'estafette de By Français','<p>Bonjour à tous et bienvenue sur la page de la primaire de l\'Estemplette.</p><p>bienvenue sur la page de la primaire de l\'Estemplette</p><p>Pour ceux qui ne connaissent pas encore Byfrançais, c\'est assez simple: nous sommes un site de vente en ligne de mode, maison, gastronomie pour grands et petits. Nous vendons uniquement des produits fabriqués en France.</p><p>Mais nous ne faisons pas que les vendre, nous vous informons sur les étapes de production, les lieux de fabrication, les emplois associés et parfois même, nous vous donnons le temps de travail que votre achat va générer. Chouette non? </p><p>Et alors la Primaire de l\'estemplette, c\'est quoi?</p><p>L\'Estemplette, c\'est la mascotte de By Français : un véhicule sympathique, attachant (un peu capricieux de temps en temps), à la fois ancré dans le passé et dans le futur. Mais, c\'est surtout un véhicule qui nous aidera à partir à votre rencontre, dans un premier temps en Alsace & Bourgogne Franche-Comté. Autour de l\'Estemplette partageons nos valeurs et nos convictions sur les savoir-faire et emplois français. Pour résumer, avec l\'Estemplette:</p><p>Nous valorisons tout ce que la France sait faire de beau, original et bon grâce à ses emplois.</p><p>Mais voilà, aujourd\'hui l’Estemplette est nue : c’est une simple estafette de 1980 qui ne demande qu’à retrouver fougue et vigueur pour devenir la Présidente de l’Emploi !</p><p>Comme pour toute élection présidentielle qui se respecte, plusieurs candidats se présentent pour donner des pouvoirs extraordinaires à l’estafette et qu’elle devienne l’Estemplette !</p><p>La primaire de l\'estemplette déterminera la décoration gagnante qui siègera à l\'Elys\'templette !</p><p>La primaire de l\'estemplette déterminera la décoration gagnante qui siègera à l\'Elys\'templette</p><p>By Français est une jeune entreprise qui promeut les savoir-faire et emplois sur le territoire français. A travers notre boutique en ligne, nous permettons depuis 2015 à chacun de consommer français et de découvrir l\'impact de ses achats sur l\'emploi.</p><p>Nos valeurs sont fondées sur la transparence et l\'information, nous voulons les transmettre avec sympathie sur le terrain grâce à l\'Estemplette qui sera l\'étendard de By Français.</p>','https://img.ulule.com/display/fc3ab6e3277a22c403c0e79a4ef39e3c800a2cec/thumbnail/640x360/presales/8/9/4/44498/accueil_campagne.XDvaLVHWzZmr.png?upscale=1','2016-12-12','2017-02-13',3000,NULL,1861),(304,324,'Ondine de Jean Giraudoux','Une création de la compagnie Rhinocéros','<p>Du 28 au 29 Janvier 2017 au Funambule Montmartre</p><p>Représentations d’Ondine de Jean Giraudoux par la compagnie Rhinocéros </p><p>“ LE CHAMBELLAND : Mon cher poète, quand vous aurez mon âge, vous trouverez la vie un théâtre par trop languissant. Elle manque de régie à un point incroyable. Je l’ai toujours vue retarder les scènes à faire, amortir les dénouements. Ceux qui doivent y mourir d’amour, quand ils y arrivent, c’est péniblement et dans leur vieillesse. Puisque j’ai un magicien sous la main, je vais enfin m’offrir le luxe de voir se dérouler la vie à la vitesse et à la mesure non seulement de la curiosité mais de la passion humaine. \"</p><p>Ecrite par Jean Giraudoux en 1939, et inspirée par les grands mythes germaniques, Ondine conte l’histoire d’une fille des eaux. Confiante dans la puissance de l\'amour qu\'elle éprouve pour le chevalier Hans Von Wittenstein zu Wittenstein, elle accepte le pacte du Roi des Ondins. Elle partira et vivra son amour humain mais, si Hans la trahit, il mourra et Ondine retournera au fond des eaux, perdant jusqu\'au souvenir de son existence terrestre.</p><p>Ecrite par Jean Giraudoux en 1939, et inspirée par les grands mythes germaniques, </p><p>Ondine a cette particularité d’avoir toujours été montée de manière à plonger le spectateur dans un état de profonde mélancolie romantique.</p><p>Ondine, nymphe parmi les nymphes, dans sa robe de flanelle bleu, les cheveux - blonds - en bataille, y fait le constat tragique de l’incon(si)stance des sentiments humains. Son désir d’absolu se heurte aux injonctions du monde social, qui font revêtir au monde un masque d’hypocrisie. Dans ces mises en scène, Ondine est coincée, prisonnière dans l’atemporalité du mythe éternel devenu intouchable. Elle est enfermée dans un temps imaginaire où les nymphes germaniques à la peau blanche naissent dans les eaux froides du Rhin.</p><p>Ondine, nymphe parmi les nymphes, dans sa robe de flanelle bleu, les cheveux - blonds - en bataille, y fait le constat tragique de l’incon(si)stance des sentiments humains</p><p>l’incon(si)stance des sentiments humains</p><p>Cette vision nous semble étriquée et résolument passéiste. Elle réduit le texte à une fable poétique, sorte de fantaisie nostalgique sur l’impossible réconciliation entre l’Homme, corrompu et la Nature, absolue.</p><p>Cette vision nous semble étriquée et résolument passéiste.</p><p>La pièce cependant, à tout d’une grande oeuvre. Elle ne saurait être réduite à un conte, abordant avec force la terrible imperfection des hommes et de leurs sentiments amoureux.</p><p>La pièce cependant, à tout d’une grande oeuvre</p><p>imperfection des hommes et de leurs sentiments amoureux</p><p>Elle n’est pas qu’une fantaisie, tant ses moments de souffle comiques suintent la satire sociale. Tout à la fois chronique des moeurs et des codes de la Cour et parodie de l’administration judiciaire, toute la flanelle et toute la poésie du monde ne sauraient effacer le propos incisif et railleur de Giraudoux. Il s’agit donc ici de redonner sa modernité à Ondine, puisant dans l’imagerie romantique comme dans celle médiatique contemporaine.</p><p>Elle n’est pas qu’une fantaisie, tant ses moments de souffle comiques suintent la satire sociale. Tout à la fois chronique des moeurs et des codes de la Cour et parodie de l’administration judiciaire, toute la flanelle et toute la poésie du monde ne sauraient effacer le propos incisif et railleur de Giraudoux. Il s’agit donc ici de </p><p>redonner sa modernité à Ondine</p><p>Ce n’est qu’en réintroduisant sa poésie dans le réel, en réconciliant le merveilleux et le prosaïsme, qu’on retrouvera la force mythique d’Ondine, nymphe passionnée par les hommes et leurs infirmités.</p><p>Nous souhaitons que notre création soit à la hauteur de nos ambitions, et pour cela, nous avons besoin de VOUS ! Un petit coup de pouce nous aiderait dans la réalisation de notre scénographie, ainsi que dans l\'achat des costumes et accessoires pour les vingt-trois rôles portés par nos douze valeureux acteurs!</p><p>Le projet est produit, porté et financé par l\'association Rhinocéros Sciences Po. Depuis 2008, elle est la compagnie de théâtre des étudiants de Sciences Po. A travers de nombreux projets innovants, créatifs et libres, le Rhinocéros porte haut les couleurs du théâtre étudiant. En septembre 2016, treize membres du troupeau se sont se sont jetés à l’eau, se retrouvant toutes les semaines afin de faire vivre l’aventure “Ondine”.</p><p>Salomé Attias, accompagnée de Laetitia Fabaron</p><p>Marcel Farge, Léna Mardi, Léna Moneme, Gaspard Baumhauer, Martin Nadal, Pauline Tremblay, Romane Bouguerouche, Yoléni André, Jordan Munoz, Suzanne Bourgault, Samuel Fedoroff, Emile Bertherat</p>','https://img.ulule.com/display/2fb8f8f3f193026b19079ba5ba027c49ed918f7c/thumbnail/640x360/presales/2/3/3/45332/ondine1.H05qrzC8mSnt.jpg?upscale=1','2016-12-14','2017-02-08',600,NULL,600),(305,325,'In The Fridge - 1er album','Aidez nous à réaliser un bon premier disque','<p>In The Fridge est un trio de jazz crée en 2015 par Mathias Berger-Forestier le pianiste de la formation, il est accompagné par Ivan Réchard (Contrebasse) et Corentin Rio (Batterie) dans cette aventure. Depuis sa création, le groupe s\'est produit dans les clubs de Jazz parisiens (Le Marcounet, le Baiser Salé, Le Sunset-Sunside...) et a peaufiné son répertoire exclusivement composé de créations originales. Aujourd\'hui, le trio veut réaliser son premier album pour partager encore un peu plus son univers et bien sûr pour aussi faire avancer le projet.</p><p>Nous allons enregistrer le 25 et le 26 Février, dans une ancienne usine car ce lieu atypique nous a séduit, la verrière donnant sur ce bâtiment industriel nous plonge dans une atmosphère créative et les deux vieux pianos qui « habitent » dans cette petite salle de réception, ont une âme que l’on entend à chaque note. Le second jour d’enregistrement sera divisé en deux parties, en fin d’après-midi, nous aurons le plaisir de faire dans cette même salle un concert  qui sera enregistré et dont certains morceaux pourront faire partie de notre album. Les « crownfonders » auront une place VIP (voir la rubrique les contreparties). Nous allons faire appel a un attaché de presse une fois le disque terminé pour nous aider à communiquer avec la presse, et avec les professionnels de ce milieu.</p><p> enregistrer le 25 et le 26 Février</p><p>L\'argent que vous allez nous donner va nous aider à financer les différents postes dont nous avons besoin pour réaliser notre album. En voici le décompte :</p><p>1000€ pour l’ingénieur du son et la prise de son</p><p>300€ pour la scéance d\'enregistrement des musiciens</p><p>304€ Pour les 8% que prends Ulule pour leur travail.</p><p>Voici un lien vers notre page Facebook :</p><p>https://www.facebook.com/inthefridge/</p><p>Ainsi que deux liens vers des vidéos Youtube réalisées au tout début d\'In The Fridge :</p><p>Petite Bio du groupe et des ses musiciens :</p><p>In The Fridge est un trio Jazz fondé au début de l’année 2015 à Paris, crée autour des compositions du pianiste, Mathias Berger-Forestier. Inspiré par EST, Brad Meldhau, Baptiste Trotignon, Debussy, Monk et bien d’autres, la musique du trio, est un jazz européen qui se souhaite accessible, presque pop. Le trio est composé de : Ivan Réchard à la contrebasse, de Corentin Rio à la batterie et donc de Mathias Berger-Forestier au piano. Ils se produisent sur différentes scènes parisiennes (Le 38 Riv, Le Marcounet, le Baiser Salé, Le Sunset-Sunside...) ainsi qu’en Normandie lors d’une tournée estivale en 2016. Ils préparent pour ce début d’année 2017 leur premier album.</p><p>Mathias Berger-Forestier débute le piano à l’age de 8 ans, mais c’est à 19 ans qu’il découvre le jazz et les musiques improvisées au C.I.M. puis au conservatoire du 9ème arrondissement à Paris. Il compose des musiques pour la télévision (documentaire pour Arte, mini-série pour Canal+, DVD pour enfants) et participe à d’autres formations de jazz (Aka Unit, accompagnement de la chanteuse Carole Simon…). Passionné de littérature et d’art en général, ses compositions racontent des histoires, décrivent des lieux, ou rendent hommage à des musiciens, des écrivains et même à des membres de sa famille. In The Fridge est le fruit de plus de 10 ans d’écriture musicale et c’est le projet le plus personnel dans lequel il s’est lancé.</p><p>Ivan Réchard, contrebassiste éclectique, aussi à l’aise dans le funk que dans le jazz est formé à L’IACP ainsi qu’au conservatoire de Montreuil. Il joue actuellement dans diverses formations : le quartet Tabasco, le groupe de la chanteuse gabonaise Tita Nzebi ainsi que le quartet rock de la chanteuse Magali D\'Authier \"Polly Magou\" et a notamment collaboré avec Ted Hawk, Simon Goubert, Hervé Meschinet, Eric Legnini, Jean-Paul Adam, David Sauzay… Il apporte à In The Fridge sa science de l’harmonie, sa présence scénique, quasi théâtral, son sens de l’arrangement et son goût pour une musique efficace.</p><p>Corentin Rio, batteur virtuose, complète ce trio. Il commence la batterie à 12 ans et rentre à 17 ans au conservatoire de Saint Brieuc. Il intègre ensuite le C.R.R. de Paris où il étudie l’analyse et l’écriture classiques et y obtient de nombreux diplômes. Parallèlement, Corentin se forme auprès de musiciens new-yorkais (Eric Harland, Marcus Gilmore, Justin Brown, Jochen Rueckert) lors de leurs passages à Paris. Il se produit avec divers groupes (Vincent Verger quintet, Talkin About John du guitariste Florent Souchet) et collabore avec Boris Blanchet, Romain Pilon, Robinson Khoury, Tony Tixier, Fiona Monbet en tant que sideman. Il sort en 2014 un album avec Waterbabies, un duo avec le pianiste Armel Dupas, qui reçoit de nombreuses distinctions. Corentin apporte à In The Fridge sa virtuosité, son sens de la polyrythmie, ses idées harmoniques et rythmiques, son perfectionnisme et son exigence musicale.</p>','https://img.ulule.com/display/aa65be9c9d8b7e7fd5f8c0eb8cadef7d8667023f/thumbnail/640x360/presales/6/2/7/45726/in-the-fridge-carre.HthqGtV2jonM.jpg?upscale=1','2016-12-17','2017-02-06',4104,NULL,850),(306,326,'Embarquez avec Aurélien sur la Mini Transat 2017','Un rêve, une aventure humaine, une expérience unique !','<p>Mon rêve de gosse :traverser l\'Atlantique en solitaire sur un bateau à voile de 6,50 mètres ! Le tout sans assistance et sans communication avec la terre..!</p><p>traverser l\'Atlantique en solitaire sur un bateau à voile de 6,50 mètres ! </p><p> Alors non je ne suis pas fou quoi que..?</p><p>La Mini Transat, course mythique qui rassemble tous les 2 ans depuis 1977, près de 80 bateaux et skippers amoureux de la mer pour une folle chevauchée de l\'Atlantique. </p><p>2 ans depuis 1977, près de 80 bateaux et skippers</p><p>Cette année elle ralliera La Rochelle au Marin en Martinique avec une escale aux Canaries.</p><p>Projet fou mais rondement mené, je vous propose d\'embarquer avec moi pour la Mini Transat !  </p><p>Plusieurs partenaires me soutiennent déjà, mais pour arriver à boucler mon budget, j\'ai besoin de vous !</p><p> pour la saison 2017 et la participation à la Mini Transat 2017 est de 37 000€.</p><p>50% du budget est aujourd\'hui bouclé,l\'objectif est donc d\'atteindre (et pouquoi pas dépasser ?!) les 6 000€ ici recherchés !</p><p>50% du budget est aujourd\'hui bouclé,</p><p>Acquérir de nouvelles voiles : 6 000€</p><p>M\'inscrire aux différentes courses de la saison : 1 800€</p><p>Rapatriement du bateau en cargo après la transat : 5 000€</p><p>où encore m\'acheter de bons petits plats lyophilisés ! mmmmh :-)</p><p>La voile ? La compétition ? Je baigne dedans depuis tout petit ! J\'ai commencé en voile légère et évolué sur de plus gros bateaux notamment sur le bateau familial.</p><p>Le goût de la compétition me vient de mon père, ex-coureur cycliste professionnel. Grâce à lui, j\'ai compris qu\'il fallait toujours croire en soi et ne jamais rien lâcher. </p><p>toujours croire en soi et ne jamais rien lâcher</p><p>J\'ai tiré mes premiers bords en Mini 6,50 il y\'a 10 ans déjà. En 2016, j\'ai l\'opportunité de courir toute la saison sur un bateau de série (8 ème du championnat de France de Course au Large 2016).</p><p>J\'ai tiré mes premiers bords en Mini 6,50 il y\'a 10 ans déjà</p><p>Cette année sera la bonne : je courrai la Mini Transat en prototype, catégorie phare de la Classe Mini !</p><p>Mon nouveau bateau, le 679 Roll My Chicken (plan Manuard pour les connaisseurs), a déjà fait ses preuves en participant 5 fois à la Mini Transat et je compte bien lui en faire faire une 6 ème !</p>','https://img.ulule.com/display/ce0929d8972635a724ba1cf1015a6c4937abe287/thumbnail/640x360/presales/4/8/3/45384/679.oZkXYrMwRpn6.jpg?upscale=1','2016-12-15','2017-02-06',6000,NULL,4468),(307,327,'Le chant des écluses','Bertrand Ravalard piano solo, épisode II','<p>Le Chant des écluses est mon second disque en piano solo. C\'est du jazz à la fois moderne et mélodique, oscillant entre danse et mélancolie, folklore et swing, folie andalouse et sagesse sud-africaine. </p><p>Dans ce disque, je me balade : Venise, Collioure, Le Cap, La Nouvelle-Orléans, San Bernardino (Yucatan), Pérouse, Essaouira, la Plaine Saint-Denis...</p><p>Après les \"Larmes de Pythagore\" en 2009, et plusieurs disques en trio (\"Extension du domaine du cha-cha-cha\") ou quartet (\"Near a forest\" avec le Polish Jazz Quartet), beaucoup de nouvelles compositions dormaient dans mes tiroirs, que j\'avais très envie d\'enregistrer...</p><p>Entre septembre 2016 et janvier 2017, j\'ai posté sur Facebook 16 extraits des morceaux qui seront sur l\'album. Le moment est venu de les entendre en entier !</p><p>Photo d\'arrière-plan : Georges Vrignaud</p><p>Actuellement nous en sommes au mixage de l\'album. Il reste donc encore de nombreuses étapes : le mastering (la touche finale apportée au son du disque), la réalisation de la pochette (à base de photographies originales), l\'enregistrement des compositions à la Sacem et à la SDRM, et enfin la fabrication du CD en entreprise. C\'est pour toutes ces étapes que je sollicite votre aide.</p><p>Je suis pianiste, arrangeur et compositeur. J\'accompagne chanteurs (Ana Isoux, Sandra Aliberti, Allan Vermeer) et chorales (Choeur et mouvement de Drancy, Accrod\'jazz, Les Tournesols d\'Antony, la Chanteraine...), mais aussi troupes de théâtre (Comédiens et compagnie, Théâtre du Barouf...) et humoristes (Yvette Leglaire, depuis 11 ans au Point Virgule !).</p><p>J\'ai enregistré plusieurs disques</p><p>2015 : Extension du domaine du cha-cha-cha (B. RAVALARD TRIO : Georges Correia, Romain Bessin) </p><p>Extension du domaine du cha-cha-cha</p><p>2013 : Near a forest (POLISH JAZZ QUARTET : Emile Parisien, Jean-Claude Oleksiak, Antoine Paganotti) – Le petit label</p><p>2013 : Vents contraires (ALLAN VERMEER) en tant que directeur artistique et arrangeur</p><p>2009 : Les larmes de Pythagore (piano jazz solo) </p><p>2000 : Bertrand Ravalard Trio (Vincent Pereira, Christian Duperray) </p><p>https://soundcloud.com/ravalard</p><p>https://www.facebook.com/profile.php?id=100012065204269</p><p>Sur Youtube : chaîne PolishJazzQuartet</p>','https://img.ulule.com/display/45a634f0f819d037e9a063f19d606ecd84dc1550/thumbnail/640x360/presales/6/0/4/45406/_dsc7844.6JThJiJPcKPc.jpg?upscale=1','2016-12-08','2017-02-25',2500,NULL,340),(308,328,'Nos ptites abeilles bourguignonnes','Une famille, des abeilles, un projet','<p>17/01/2017 : plus que 10 jours pour participer à notre aventure MAIS NOUS SOMMES TOUT PROCHE DE L\'OBJECTIF grâce à de belles contributions ce weekend. Plus que 241€ à récolter avant de récolter du miel ;)</p><p>plus que 10 jours pour participer à notre aventure MAIS NOUS SOMMES TOUT PROCHE DE L\'OBJECTIF grâce à de belles contributions ce weekend. Plus que </p><p> à récolter avant de récolter du miel ;)</p><p>--------------------------------------------------------------------------------------------------------------------------------</p><p>Il y a quelques années, nous sommes tombés sous le charme d’un petit monde passionnant, celui des abeilles.</p><p>« Pépé Jean », le grand père, avait déjà des ruches mais nous étions trop jeunes à l’époque pour nous y intéresser et peu motivés par nos parents. Aujourd’hui, après avoir beaucoup lu sur le sujet, notre famille a décidé de se lancer dans ce projet passionnant : élever des abeilles et  produire notre propre miel !</p><p>Implanter 4 ruches cette année et agrandir notre rucher les années suivantes.</p><p>Les enfants et nous même avons envie de suivre l’évolution des abeilles (la larve deviendra t’elle Reine ou ouvrière ?), de comprendre leur hiérarchie, leur travail, leur mode de vie. Nous voulons également produire notre propre miel, le déguster et partager l\'aventure avec le plus grand nombre.</p><p>Nous avons envie de faire « quelque chose » pour ce monde si fascinant et utile, qui se meurt petit à petit à cause des pesticides utilisés en agriculture.</p><p>A nous 4, nous ne changerons que peu de choses, c’est une certitude, mais nous souhaitons agir et partager notre passion avec notre entourage dans un premier temps mais aussi avec les habitants de notre commune. Nous souhaitons donc mettre en place, en partenariat avec la Mairie, des animations : découverte du rucher, suivi et entretien d’une ruche tout au long de l’année, extraction de la cire et du miel… Nous souhaitons également associer les écoles à ce projet via des actions pédagogiques.</p><p>Vous l’aurez compris, notre projet n’est pas uniquement familial !</p><p>Afin de mettre en place tout ceci, nous avons créé un Blog. Nous souhaitons montrer aux personnes qui nous suivent :</p><p>Nos démarches quotidiennes / L’évolution du projet / Toutes les étapes de la création du rucher à la récolte du miel</p><p>Avec pour espoir de donner envie à d’autre de se lancer dans la même démarche.</p><p>Où en sommes-nous aujourd’hui ?</p><p>. Nous avons trouvé notre « parrain ». Apiculteur local et aguerri, il va nous conseiller et nous accompagner dans nos premières actions.</p><p>. Le terrain, nous l’avons ! La motivation, nous l’avons ! Les idées, nous les avons ! La patience, nous l’avons !</p><p>Ce qu’il nous manque à ce jour, c’est un soutien financier car ce beau projet ne se réalisera que si nous réunissons les conditions nécessaires.</p><p>A installer notre rucher et démarrer l’activité mais pour ceci il nous faut :</p><p>. 3 ruches Dadant 10 cadres avec hausses : 3X150€ = 450€ (notre choix s’étant  naturellement porté sur la ruche Dadant pour sa praticité d’utilisation, les résultats quelle apporte et la sécurité de ses occupants).</p><p>. 2 tenues complètes avec gants : 2X115€ = 230€</p><p>. Brosse à abeille en crin : 6€</p><p>Soit 1561€ +8% de participation reversée à Ulule pour leur précisuese aide : 125€</p><p>Et si nous dépassons ce budget ?</p><p>Nous aurons la possibilité de pouvoir implanter plus de 4 ruches !</p><p>Si objectif atteint entre 125% et 150% : votre pot de miel avec étiquette personnalisée</p><p>Si 150% de l\'objectif atteint et plus : une photo de nous déguisés en abeille :)</p><p>En complément de l\'immense aide apportée à une famille autour de son projet de vie et du miel que vous dégusterez, nous vous proposons :</p><p>. De contribuer au développement d’animations locales pour toute la famille</p><p>. De participer à la sauvegarde de l’environnement</p><p>. De favoriser la pollinisation</p><p>. De faire découvrir notre travail et permettre aux indécis de se lancer.</p><p>Quel que soit votre participation à ce projet, votre aide sera pour nous immense !</p><p>Nous sommes la famille Borios, composée d’une super petite Marylou de 5 ans, d’un grand Louis de 9 ans, d’un top papa Romain de 35 ans, d’une géniale maman Patricia de 40 ans et nous habitons en Bourgogne, très belle région, riche en agriculture - élevages - vignobles, sans oublier son patrimoine culturel et gastronomique de renommée mondiale !</p><p>Suivez nous sur notre Blog : nosptitesabeilles.over-blog.com</p><p>nosptitesabeilles.over-blog.com</p><p>Vous pourrez également nous suivre sur : www.facebook.com/patricia.juraszekborios</p><p>www.facebook.com/patricia.juraszekborios</p>','https://img.ulule.com/display/cab283d7ee2989bcdf97550b44c8566a21241f7e/thumbnail/640x360/presales/9/4/9/43949/animaux-insectes-abeille-455318.yYMLkNVncXDd.png?upscale=1','2016-12-10','2017-02-17',1686,NULL,1525),(309,329,'Equipage 4L Dente','4L Trophy 2017','<p>Nous sommes l\'équipage 4L Dente qui participe au Raid 4L Trophy 2017, deux étudiants de l\'école Centrale Paris en soif d\'aventure et d\'actions solidaires !\nLe Raid auquel nous participons a pour objectif de livrer plusieurs tonnes de fournitures scolaires et d\'affaires de sports aux enfants défavorisés du désert Marocain. Pour cela nous nous y rendrons en Renault R4 préparée spécialement pour cette course d\'orientation longue de 6000 kms fendant l\'Espagne et le Maroc, le tout s\'étalant sur 10 jours de route. La course se déroulera pendant la deuxième quinzaine de février 2017 et nous avons besoin de votre soutien pour réaliser cette performance tant solidaire envers les populations défavorisées que sportive !</p><p>deux étudiants de l\'école Centrale Paris</p><p>livrer plusieurs tonnes de fournitures scolaires et d\'affaires de sports </p><p>Le principe du tout ou rien :\nAvec Ulule, on fait une campagne de financement participatif superbe, avec un objectif chiffré, une deadline, mais que se passe-t-il si l\'objectif n\'est pas atteint au 12 février ? Et bien tous les donateurs seront simplement remboursés et nous ne toucherons rien de la cagnote déjà constituée. Alors certes, notre objectif est élevé, mais nous faisons confiance à la masse de petits donateurs , car comme les déserts marrocains nous l\'ont appris, ce sont les plus petits grains de sable qui finissent par former les dunes les plus majestueuses ;)\n </p><p>L\'objectif du Trophy est avant tout d\'apporter un maximum de matériel utile aux enfants sur place. La logistique de la course, l\'achat et la préparation de la 4L sont à notre charge mais ce que nous souhaitons financer par cette campagne c\'est l\'ensemble des fournitures et des projets que nous allons réaliser avec l\'association Les Enfants du Désert pour aider aux mieux ces enfants défavorisés ! Cela représente également les frais du transport (essence et péages) pendant le Raid en lui même.\nConcrètement nous prévoyons d\'emmener avec nous plus de 50 kg de fournitures scolaires en tout genre (cahiers, stylos, crayons) ainsi que des affaires de sport (ballons).</p><p>Tous les deux bénévoles pour fournir des services alimentaires aux résidents du campus de notre école (Centrale Paris), c\'est notre amitié et notre soif d\'aventure qui nous ont poussés à nous lancer dans ce projet incroyable !  Loin d\'être de grands mécaniciens (pour ne pas dire débutants), c\'est avant tout l\'envie d\'aider l\'autre qui nous a poussé à participer, ainsi qu\'un désir profond de se dépasser à travers un challenge comme le 4L Trophy !</p><p>Prenons 5 minutes pour expliquer le nom d\'équipage; nous sommes tous les deux en charges de certains services de restauration sur le campus Edouard à la Cafétéria pour le repas du midi, et moi (Vincent) à la Coopérative de la Résidence (une épicerie qui sert de goûter après les cours en bref). C\'est ce qui occupe nos journées d\'étudiants d\'où l\'attachement à l\'expression \"Al Dente\" qui est devenue 4L Dente ! :)</p><p>N\'hésitez pas à consulter notre page Facebook que nous tiendrons à jour pendant le Trophy ! Shokran bzzaf !Equipage 4L Dente  </p>','https://img.ulule.com/display/5afcba50b65617e084c2878ca2dc98f1f2d74b61/thumbnail/640x360/presales/6/4/0/45046/feferulule.67SQAnwlwcB0.jpg?upscale=1','2016-12-11','2017-02-20',1500,NULL,495),(310,330,'Polar Kiss : 1er disque EP','Pressage du CD pop rock \"For The Win\" et réalisation d\'un clip vidéo','<p>Hello, moi c\'est Rémi ! Je viens d\'enregistrer sous le nom \"Polar Kiss\" un premier disque intitulé \"For The Win\" : 5 morceaux pop rock originaux impatients d\'être gravés sur un CD, scintillant dans son beau boîtier digipack, prêt à rejoindre ta collection. L\'un d\'entre eux aurait même la prétention de figurer dans un clip vidéo sur Youtube. En retour de ton coup de pouce : ma reconnaissance, mon album et plein de contreparties personnalisées. Merci pour eux </p><p>Laisse-moi te présenter le projet en détail et découvre les titres en écoute gratuite.</p><p>découvre les titres en écoute gratuite</p><p>--------------------------------------------------------------------------------</p><p>\"Polar Kiss\" est un projet de groupe amateur lancé en 2015 sur l\'envie de proposer mes titres dans un style pop rock accessible à tous, et tout du moins à mes amis autour du monde. Ayant mené ce projet seul jusque-là, des musiciens me rejoindront bientôt dans l\'aventure pour donner au groupe sa pleine identité. Si les guitares rock seront encore au menu des futurs morceaux, les sons électro devraient prendre une place de plus en plus prépondérante dans les arrangements.</p><p>style pop rock accessible à tous</p><p>Exceptionnellement, je vais te donner ma signification du nom \"Polar Kiss\", mais chacun reste bien entendu libre de se faire sa propre idée. C\'est scientifique, les pôles de nature contraire s\'attirent dans un champ magnétique. L\'expérience m\'a prouvé que ce principe s\'appliquait aussi dans la vie quotidienne : les êtres opposés qui nous fascinent, les chemins contraires que nous empruntons, les vies paradoxales que nous embrassons... Mais l\'idée d\'un baiser polaire au premier degré reste assez rafraichissante.</p><p>les pôles de nature contraire s\'attirent</p><p>Le logo représente ces opposés qui s\'attirent et a été réalisé par une amie graphiste à Lyon, la talentueuse Manon Launay.</p><p>Et toi que perçois-tu dans le nom du groupe et son logo ? Donne-moi ta propre vision en commentaires !</p><p>EP est un acronyme pour \"Extended Play\" : c\'est un mini album composé de 3 à 7 titres.</p><p>\"For The Win\" est un EP de 5 titres qui illustrent différentes facettes de mon univers musical. Il aborde des thèmes tels que le jeu, la séduction et la détermination, qui s\'entremêlent au travers des morceaux. Quatre d\'entre eux sont en anglais, langue de partage avec le monde, et un en français pour le plaisir de jouer avec ma langue maternelle.</p><p>\"For The Win\" a été enregistré et mixé en avril 2016 par François Ageorges, dont je loue la patience face à mes exigences, dans son studio au 54A rue de Clichy à Paris. Le mastering, la cerise sur le gâteau, a été réalisé par Nicolas Mieral (Neemis Mastering) en décembre dernier. Je ne saurai assez les remercier d\'avoir aussi bien mis en valeur mes compositions.</p><p>Sur la pochette s\'affiche au premier plan une chouette, symbole de sagesse et d\'intelligence. \"For The Win\" signifie \"pour la victoire\" et c\'est une victoire de l\'esprit que l\'illustration traduit : toucher les étoiles par l\'apprentissage et l\'assimilation. Je dois ce magnifique dessin à Michelle Graves, illustratrice dans une boîte de jeux vidéo à Baltimore. Mille mercis aussi à Audrey Engel pour la mise en page de la pochette !</p><p>Tu décèles d\'autres choses sur l\'illustration de la pochette... Comment ça ? C\'est étrange ! Raconte-moi ce que tu as vu en commentaires.</p><p>Wow c\'est plutôt intime ça... car même si je tiens toujours à rester fictif dans mes chansons, elles se servent aussi de mon expérience personnelle. Mais, si tu es prêt à me soutenir, je peux bien me dévoiler un peu et te révéler quelques secrets en \"spoiler\" ;-)</p><p>Un jeu d\'amour et de séduction. Mon personnage, représentant de la loi à la carrière fulgurante, se fait prendre sous couverture à son propre jeu en tombant amoureux d\'une voleuse d\'art aussi fascinante qu\'agaçante. S\'en suit un dilemme où cet amour paradoxal va triompher. L\'idée initiale m\'est venue devant un épisode de \"White Collar\". Le titre est rythmé et sautillant dans les couplets avec quelques passages aériens, traduisant les songes intérieurs du personnage, ce désir qui le dévore. Les refrains lui font lâcher prise et il ne peut que se demander ce qui lui est arrivé.</p><p>Les talents gâchés. Une jeune personne pleine de potentiel perd pied et épuise toutes les deuxièmes chances qui lui sont données sous les yeux de mon personnage. Il croit encore en elle et à sa capacité à réagir. Elle reste pourtant persuadée que la responsabilité de ses échecs ne lui incombe pas. Nombreux sont les caractères fictifs ou réels qui m\'ont inspiré cette chanson. La chanson est assez sombre. On peut ressentir le poids de l\'échec et des reproches dans la musique. Les refrains condamnent sans circonstances atténuantes, avec toutefois des pointes de regrets.</p><p>La victoire avant tout. Avant de revenir à la musique, j\'ai passé des centaines d\'heures sur les jeux vidéo en ligne. Je ne renie pas cette période et ai même eu envie d\'écrire une chanson qui me la rappelle. Mon personnage est un pro-gamer (ou PGM) qui en toute humilité n\'a pas peur de crier qu\'il est le meilleur. Obnubilé par la compétition, tout ce qui pourrait se mettre entre lui et la victoire est balayé sans hésitation : les autres joueurs comme les petites copines. Côté musique, ce titre ne te laisse pas reprendre ton souffle. Très rock, il intègre aussi beaucoup de sons électro.</p>','https://img.ulule.com/display/45229a08109b83f22677c1183fb0bc4c98bcb008/thumbnail/640x360/presales/5/7/3/45375/ulule-640-360-2.GLxo8MJuObV9.jpg?upscale=1','2016-12-09','2017-02-25',1000,NULL,780);
/*!40000 ALTER TABLE `project` ENABLE KEYS */;
UNLOCK TABLES;

--
-- Table structure for table `projectcategory`
--

DROP TABLE IF EXISTS `projectcategory`;
/*!40101 SET @saved_cs_client     = @@character_set_client */;
/*!40101 SET character_set_client = utf8 */;
CREATE TABLE `projectcategory` (
  `project_id` int(11) NOT NULL,
  `category_id` int(11) NOT NULL,
  PRIMARY KEY (`project_id`,`category_id`),
  KEY `projectcategory_category_idx` (`category_id`),
  CONSTRAINT `projectcategory_category` FOREIGN KEY (`category_id`) REFERENCES `category` (`id`) ON DELETE NO ACTION ON UPDATE NO ACTION,
  CONSTRAINT `projectcategory_project` FOREIGN KEY (`project_id`) REFERENCES `project` (`id`) ON DELETE NO ACTION ON UPDATE NO ACTION
) ENGINE=InnoDB DEFAULT CHARSET=utf8 COLLATE=utf8_esperanto_ci;
/*!40101 SET character_set_client = @saved_cs_client */;

--
-- Dumping data for table `projectcategory`
--

LOCK TABLES `projectcategory` WRITE;
/*!40000 ALTER TABLE `projectcategory` DISABLE KEYS */;
INSERT INTO `projectcategory` VALUES (239,1),(246,1),(252,1),(257,1),(267,1),(269,1),(282,1),(296,1),(304,1),(306,1),(309,1),(252,2),(255,2),(257,2),(267,2),(270,2),(272,2),(276,2),(277,2),(284,2),(288,2),(302,2),(304,2),(308,2),(231,3),(261,3),(262,3),(263,3),(268,3),(272,3),(279,3),(293,3),(296,3),(297,3),(255,4),(258,4),(265,4),(268,4),(275,4),(282,4),(301,4),(233,5),(247,5),(249,5),(253,5),(256,5),(258,5),(266,5),(270,5),(273,5),(294,5),(303,5),(305,5),(230,6),(232,6),(234,6),(241,6),(242,6),(247,6),(251,6),(256,6),(281,6),(283,6),(293,6),(297,6),(298,6),(301,6),(309,6),(232,7),(236,7),(266,7),(276,7),(281,7),(283,7),(287,7),(298,7),(299,7),(305,7),(230,8),(231,8),(238,8),(239,8),(240,8),(252,8),(255,8),(260,8),(266,8),(267,8),(268,8),(271,8),(275,8),(277,8),(280,8),(285,8),(297,8),(298,8),(302,8),(229,9),(242,9),(243,9),(245,9),(250,9),(254,9),(275,9),(284,9),(286,9),(235,10),(240,10),(246,10),(264,10),(281,10),(285,10),(305,10),(240,11),(257,11),(261,11),(263,11),(265,11),(283,11),(288,11),(289,11),(292,11),(295,11),(303,11),(310,11),(230,12),(237,12),(239,12),(247,12),(288,12),(294,12),(237,13),(238,13),(248,13),(269,13),(274,13),(285,13),(290,13),(294,13),(300,13),(307,13);
/*!40000 ALTER TABLE `projectcategory` ENABLE KEYS */;
UNLOCK TABLES;

--
-- Table structure for table `projecttag`
--

DROP TABLE IF EXISTS `projecttag`;
/*!40101 SET @saved_cs_client     = @@character_set_client */;
/*!40101 SET character_set_client = utf8 */;
CREATE TABLE `projecttag` (
  `project_id` int(11) NOT NULL,
  `tag_id` int(11) NOT NULL,
  PRIMARY KEY (`project_id`,`tag_id`),
  KEY `projecttag_tag_idx` (`tag_id`),
  CONSTRAINT `projecttag_project` FOREIGN KEY (`project_id`) REFERENCES `project` (`id`) ON DELETE NO ACTION ON UPDATE NO ACTION,
  CONSTRAINT `projecttag_tag` FOREIGN KEY (`tag_id`) REFERENCES `tag` (`id`) ON DELETE NO ACTION ON UPDATE NO ACTION
) ENGINE=InnoDB DEFAULT CHARSET=utf8 COLLATE=utf8_esperanto_ci;
/*!40101 SET character_set_client = @saved_cs_client */;

--
-- Dumping data for table `projecttag`
--

LOCK TABLES `projecttag` WRITE;
/*!40000 ALTER TABLE `projecttag` DISABLE KEYS */;
INSERT INTO `projecttag` VALUES (229,299),(232,299),(233,299),(236,299),(256,299),(261,299),(292,299),(229,300),(233,300),(236,300),(256,300),(261,300),(266,300),(277,300),(281,300),(292,300),(295,300),(298,300),(300,300),(230,301),(245,301),(249,301),(253,301),(263,301),(273,301),(279,301),(284,301),(230,302),(234,302),(235,302),(236,302),(254,302),(300,302),(303,302),(230,303),(245,303),(249,303),(263,303),(273,303),(284,303),(299,303),(230,304),(232,304),(243,304),(231,305),(241,305),(247,305),(274,305),(290,305),(309,305),(231,306),(233,306),(250,306),(267,306),(301,306),(232,307),(233,307),(235,307),(237,307),(240,307),(242,307),(247,307),(248,307),(250,307),(253,307),(258,307),(265,307),(277,307),(288,307),(289,307),(297,307),(302,307),(303,307),(232,308),(243,308),(253,308),(265,308),(234,309),(237,309),(238,309),(239,309),(242,309),(252,309),(254,309),(255,309),(258,309),(271,309),(272,309),(293,309),(296,309),(303,309),(234,310),(237,310),(239,310),(240,310),(241,310),(247,310),(249,310),(252,310),(254,310),(255,310),(257,310),(258,310),(271,310),(272,310),(275,310),(280,310),(287,310),(290,310),(293,310),(296,310),(302,310),(303,310),(306,310),(308,310),(309,310),(234,311),(241,311),(252,311),(255,311),(262,311),(293,311),(296,311),(235,312),(250,312),(260,312),(235,313),(250,313),(260,313),(236,314),(240,314),(242,314),(243,314),(252,314),(256,314),(262,314),(274,314),(290,314),(293,314),(309,314),(237,315),(238,315),(253,315),(263,315),(265,315),(301,315),(238,316),(239,317),(271,317),(239,318),(240,319),(265,319),(301,319),(241,320),(247,320),(254,320),(262,320),(269,320),(275,320),(280,320),(292,320),(296,320),(297,320),(242,321),(248,321),(261,321),(271,321),(274,321),(301,321),(302,321),(308,321),(243,322),(287,322),(299,322),(248,323),(283,323),(288,323),(289,323),(297,323),(248,324),(288,324),(289,324),(249,325),(273,325),(285,325),(299,325),(256,326),(258,326),(283,326),(297,326),(257,327),(262,327),(267,327),(306,327),(263,328),(267,328),(277,328),(266,329),(281,329),(266,330),(266,331),(281,331),(298,331),(300,331),(269,332),(275,332),(280,332),(285,332),(274,333),(279,333),(283,333),(275,334),(277,335),(295,335),(308,335),(298,336),(300,336),(302,337);
/*!40000 ALTER TABLE `projecttag` ENABLE KEYS */;
UNLOCK TABLES;

--
-- Table structure for table `projectview`
--

DROP TABLE IF EXISTS `projectview`;
/*!40101 SET @saved_cs_client     = @@character_set_client */;
/*!40101 SET character_set_client = utf8 */;
CREATE TABLE `projectview` (
  `user_id` int(11) NOT NULL,
  `project_id` int(11) NOT NULL,
  `date` datetime NOT NULL,
  PRIMARY KEY (`user_id`,`project_id`,`date`),
  KEY `projectview_project_idx` (`project_id`),
  CONSTRAINT `projectview_project` FOREIGN KEY (`project_id`) REFERENCES `project` (`id`) ON DELETE NO ACTION ON UPDATE NO ACTION,
  CONSTRAINT `projectview_user` FOREIGN KEY (`user_id`) REFERENCES `user` (`id`) ON DELETE NO ACTION ON UPDATE NO ACTION
) ENGINE=InnoDB DEFAULT CHARSET=utf8 COLLATE=utf8_esperanto_ci;
/*!40101 SET character_set_client = @saved_cs_client */;

--
-- Dumping data for table `projectview`
--

LOCK TABLES `projectview` WRITE;
/*!40000 ALTER TABLE `projectview` DISABLE KEYS */;
/*!40000 ALTER TABLE `projectview` ENABLE KEYS */;
UNLOCK TABLES;

--
-- Table structure for table `tag`
--

DROP TABLE IF EXISTS `tag`;
/*!40101 SET @saved_cs_client     = @@character_set_client */;
/*!40101 SET character_set_client = utf8 */;
CREATE TABLE `tag` (
  `id` int(11) NOT NULL AUTO_INCREMENT,
  `name` varchar(30) COLLATE utf8_esperanto_ci NOT NULL,
  PRIMARY KEY (`id`)
) ENGINE=InnoDB AUTO_INCREMENT=338 DEFAULT CHARSET=utf8 COLLATE=utf8_esperanto_ci;
/*!40101 SET character_set_client = @saved_cs_client */;

--
-- Dumping data for table `tag`
--

LOCK TABLES `tag` WRITE;
/*!40000 ALTER TABLE `tag` DISABLE KEYS */;
INSERT INTO `tag` VALUES (299,' Edition & Journal.'),(300,' Livres'),(301,' Musique'),(302,' Insolite'),(303,' Clips'),(304,' Documentaire'),(305,' Enfance & Educ.'),(306,' Design'),(307,' Entrepreneuriat'),(308,' Journalisme'),(309,' Solidaire & Citoyen'),(310,' Solidarité'),(311,' Humanitaire'),(312,' Mode & Design'),(313,' Mode'),(314,' Voyage'),(315,' Technologeek'),(316,' Hacktivisme'),(317,' Espaces'),(318,' Politique'),(319,' Technologie'),(320,' Enfance'),(321,' Écologie'),(322,' Film et vidéo'),(323,' Artisanat & Cuisine'),(324,' Artisanat'),(325,' Danse'),(326,' Cuisine'),(327,' Sports'),(328,' DIY'),(329,' Art & Photo'),(330,' Photographie'),(331,' Beaux Arts'),(332,' Spectacle vivant'),(333,' Animation'),(334,' Cirque'),(335,' Autres projets'),(336,' BD'),(337,' Patrimoine');
/*!40000 ALTER TABLE `tag` ENABLE KEYS */;
UNLOCK TABLES;

--
-- Table structure for table `transaction`
--

DROP TABLE IF EXISTS `transaction`;
/*!40101 SET @saved_cs_client     = @@character_set_client */;
/*!40101 SET character_set_client = utf8 */;
CREATE TABLE `transaction` (
  `id` int(11) NOT NULL AUTO_INCREMENT,
  `amount` int(11) NOT NULL,
  `paymentdate` date NOT NULL,
  `repaymentdate` date DEFAULT NULL,
  `user_id` int(11) NOT NULL,
  `project_id` int(11) NOT NULL,
  `paymentmethod_id` int(11) NOT NULL,
  PRIMARY KEY (`id`),
  KEY `transaction_user_idx` (`user_id`),
  KEY `transaction_project_idx` (`project_id`),
  KEY `transaction_paymentmethod_idx` (`paymentmethod_id`),
  CONSTRAINT `transaction_paymentmethod` FOREIGN KEY (`paymentmethod_id`) REFERENCES `paymentmethod` (`id`) ON DELETE NO ACTION ON UPDATE NO ACTION,
  CONSTRAINT `transaction_project` FOREIGN KEY (`project_id`) REFERENCES `project` (`id`) ON DELETE NO ACTION ON UPDATE NO ACTION,
  CONSTRAINT `transaction_user` FOREIGN KEY (`user_id`) REFERENCES `user` (`id`) ON DELETE NO ACTION ON UPDATE NO ACTION
) ENGINE=InnoDB AUTO_INCREMENT=2983 DEFAULT CHARSET=utf8 COLLATE=utf8_esperanto_ci;
/*!40101 SET character_set_client = @saved_cs_client */;

--
-- Dumping data for table `transaction`
--

LOCK TABLES `transaction` WRITE;
/*!40000 ALTER TABLE `transaction` DISABLE KEYS */;
INSERT INTO `transaction` VALUES (2165,69,'2017-01-04',NULL,3,229,1),(2166,469,'2017-01-01',NULL,8,229,3),(2167,94,'2017-01-03',NULL,7,229,2),(2168,166,'2017-01-14',NULL,2,229,1),(2169,176,'2016-12-26',NULL,9,229,2),(2170,67,'2017-01-10',NULL,9,229,2),(2171,19,'2017-01-12',NULL,1,230,3),(2172,192,'2017-01-13',NULL,6,230,3),(2173,369,'2017-01-12',NULL,7,230,3),(2174,347,'2016-12-27',NULL,2,230,2),(2175,172,'2016-12-25',NULL,2,230,1),(2176,141,'2016-12-25',NULL,5,230,3),(2177,298,'2016-12-26',NULL,4,230,2),(2178,442,'2017-01-13',NULL,4,230,2),(2179,125,'2016-12-23',NULL,10,230,3),(2180,136,'2017-01-04',NULL,6,230,2),(2181,25,'2016-12-24',NULL,7,230,2),(2182,89,'2017-01-02',NULL,9,230,1),(2183,372,'2017-01-05',NULL,4,230,2),(2184,177,'2017-01-15',NULL,10,230,3),(2185,47,'2017-01-06',NULL,8,230,3),(2186,277,'2016-12-23',NULL,6,230,3),(2187,417,'2017-01-04',NULL,6,230,3),(2188,265,'2016-12-29',NULL,6,230,1),(2189,364,'2017-01-05',NULL,6,230,3),(2190,16,'2017-01-12',NULL,6,230,2),(2191,261,'2016-12-20',NULL,6,230,3),(2192,399,'2017-01-11',NULL,4,230,2),(2193,479,'2016-12-23',NULL,2,230,3),(2194,298,'2017-01-04',NULL,7,230,3),(2195,399,'2016-12-21',NULL,2,230,3),(2196,84,'2016-12-27',NULL,4,230,2),(2197,393,'2016-12-24',NULL,4,230,1),(2198,130,'2016-12-27',NULL,1,230,1),(2199,336,'2017-01-07',NULL,6,230,1),(2200,312,'2017-01-11',NULL,6,230,2),(2201,105,'2017-01-10',NULL,4,230,1),(2202,9,'2016-12-21',NULL,7,230,1),(2203,71,'2017-01-10',NULL,6,230,3),(2204,90,'2016-12-29',NULL,10,230,1),(2205,111,'2017-01-13',NULL,1,230,1),(2206,430,'2017-01-13',NULL,5,230,1),(2207,101,'2016-12-30',NULL,4,230,3),(2208,410,'2017-01-15',NULL,7,230,3),(2209,412,'2017-01-03',NULL,5,230,2),(2210,402,'2017-01-09',NULL,5,230,3),(2211,425,'2017-01-04',NULL,9,230,1),(2212,281,'2017-01-03',NULL,6,230,1),(2213,16,'2017-01-08',NULL,6,230,2),(2214,420,'2017-01-05',NULL,7,230,2),(2215,52,'2016-12-26',NULL,2,230,3),(2216,198,'2016-12-24',NULL,7,230,2),(2217,410,'2016-12-31',NULL,4,230,2),(2218,484,'2017-01-02',NULL,2,230,3),(2219,469,'2017-01-01',NULL,1,230,1),(2220,162,'2017-01-12',NULL,10,230,2),(2221,106,'2017-01-07',NULL,10,230,1),(2222,100,'2016-12-31',NULL,9,230,1),(2223,189,'2016-12-25',NULL,8,230,2),(2224,173,'2017-01-03',NULL,5,230,2),(2225,97,'2016-12-31',NULL,3,230,3),(2226,257,'2016-12-30',NULL,8,230,1),(2227,203,'2017-01-02',NULL,2,230,1),(2228,230,'2016-12-26',NULL,3,230,1),(2229,383,'2017-01-09',NULL,3,230,1),(2230,461,'2016-12-30',NULL,9,230,1),(2231,16,'2016-12-28',NULL,3,230,2),(2232,333,'2016-12-20',NULL,3,230,3),(2233,467,'2017-01-04',NULL,10,230,3),(2234,216,'2016-12-31',NULL,2,230,1),(2235,123,'2017-01-07',NULL,1,230,3),(2236,483,'2017-01-12',NULL,5,230,2),(2237,21,'2017-01-14',NULL,4,230,2),(2238,448,'2016-12-24',NULL,9,231,1),(2239,178,'2017-01-17',NULL,10,231,2),(2240,384,'2017-01-01',NULL,2,232,1),(2241,78,'2017-01-06',NULL,7,232,1),(2242,402,'2017-01-08',NULL,8,232,3),(2243,288,'2017-01-14',NULL,4,232,2),(2244,401,'2017-01-17',NULL,10,232,1),(2245,168,'2016-12-29',NULL,7,232,3),(2246,256,'2017-01-07',NULL,8,232,2),(2247,91,'2016-12-26',NULL,4,232,2),(2248,339,'2017-01-13',NULL,8,232,1),(2249,428,'2017-01-12',NULL,2,232,3),(2250,32,'2017-01-14',NULL,8,232,3),(2251,64,'2016-12-30',NULL,8,232,2),(2252,201,'2017-01-17',NULL,6,232,2),(2253,363,'2016-12-22',NULL,1,232,3),(2254,226,'2017-01-01',NULL,8,232,2),(2255,208,'2016-12-27',NULL,7,232,3),(2256,480,'2017-01-01',NULL,3,232,2),(2257,468,'2016-12-24',NULL,5,232,3),(2258,343,'2016-12-26',NULL,8,232,1),(2259,27,'2017-01-17',NULL,1,232,1),(2260,187,'2016-12-23',NULL,10,232,3),(2261,248,'2017-01-17',NULL,4,232,3),(2262,383,'2016-12-29',NULL,7,232,1),(2263,16,'2017-01-01',NULL,10,232,2),(2264,311,'2016-12-23',NULL,7,232,1),(2265,199,'2017-01-06',NULL,7,232,1),(2266,345,'2017-01-09',NULL,6,232,3),(2267,176,'2017-01-09',NULL,3,232,1),(2268,359,'2016-12-30',NULL,3,232,3),(2269,319,'2016-12-20',NULL,5,232,2),(2270,229,'2016-12-30',NULL,5,232,1),(2271,10,'2017-01-10',NULL,1,232,3),(2272,328,'2017-01-15',NULL,9,232,1),(2273,115,'2016-12-25',NULL,8,232,3),(2274,36,'2016-12-28',NULL,3,232,1),(2275,14,'2017-01-05',NULL,4,232,2),(2276,220,'2017-01-10',NULL,5,232,1),(2277,81,'2016-12-24',NULL,5,232,2),(2278,262,'2017-01-04',NULL,1,232,2),(2279,190,'2016-12-24',NULL,1,232,2),(2280,35,'2017-01-13',NULL,10,232,2),(2281,217,'2017-01-14',NULL,8,232,1),(2282,409,'2016-12-20',NULL,9,232,3),(2283,39,'2017-01-04',NULL,3,232,1),(2284,268,'2016-12-27',NULL,5,232,3),(2285,28,'2016-12-31',NULL,4,232,3),(2286,480,'2017-01-12',NULL,6,232,2),(2287,59,'2017-01-09',NULL,10,232,1),(2288,424,'2017-01-15',NULL,10,232,2),(2289,9,'2017-01-09',NULL,6,232,2),(2290,473,'2017-01-14',NULL,3,232,2),(2291,250,'2017-01-08',NULL,1,232,2),(2292,6,'2017-01-14',NULL,4,232,3),(2293,161,'2017-01-12',NULL,2,232,2),(2294,388,'2016-12-26',NULL,10,232,2),(2295,115,'2016-12-31',NULL,7,232,2),(2296,7,'2016-12-23',NULL,8,232,2),(2297,483,'2017-01-08',NULL,3,232,2),(2298,226,'2017-01-13',NULL,6,232,3),(2299,151,'2017-01-14',NULL,8,232,3),(2300,426,'2017-01-07',NULL,2,232,1),(2301,480,'2016-12-29',NULL,9,232,2),(2302,483,'2017-01-10',NULL,2,232,1),(2303,357,'2016-12-25',NULL,3,232,1),(2304,272,'2017-01-01',NULL,5,232,1),(2305,152,'2017-01-10',NULL,9,232,3),(2306,166,'2017-01-16',NULL,8,232,2),(2307,237,'2016-12-27',NULL,3,232,3),(2308,40,'2017-01-03',NULL,9,232,3),(2309,489,'2017-01-16',NULL,4,232,3),(2310,267,'2016-12-31',NULL,4,232,3),(2311,213,'2016-12-23',NULL,8,232,1),(2312,365,'2017-01-04',NULL,8,233,1),(2313,169,'2016-12-25',NULL,2,233,3),(2314,64,'2016-12-27',NULL,7,233,3),(2315,284,'2017-01-15',NULL,6,233,2),(2316,317,'2017-01-12',NULL,4,233,3),(2317,395,'2016-12-21',NULL,2,233,2),(2318,8,'2016-12-30',NULL,6,233,2),(2319,379,'2017-01-13',NULL,7,233,2),(2320,5,'2016-12-26',NULL,10,233,2),(2321,110,'2017-01-05',NULL,8,233,3),(2322,184,'2017-01-06',NULL,5,233,3),(2323,458,'2017-01-02',NULL,3,233,3),(2324,421,'2017-01-11',NULL,8,233,1),(2325,305,'2017-01-10',NULL,10,233,1),(2326,96,'2016-12-20',NULL,6,233,3),(2327,25,'2017-01-09',NULL,6,233,1),(2328,78,'2017-01-04',NULL,6,233,2),(2329,485,'2017-01-06',NULL,8,233,3),(2330,241,'2017-01-05',NULL,7,233,2),(2331,74,'2017-01-07',NULL,4,233,1),(2332,463,'2016-12-31',NULL,5,233,3),(2333,154,'2016-12-22',NULL,2,233,2),(2334,123,'2016-12-28',NULL,9,233,1),(2335,106,'2016-12-25',NULL,8,233,3),(2336,89,'2017-01-02',NULL,6,233,1),(2337,303,'2016-12-26',NULL,2,233,3),(2338,237,'2016-12-24',NULL,2,233,3),(2339,123,'2017-01-01',NULL,9,233,1),(2340,443,'2017-01-08',NULL,7,233,3),(2341,436,'2016-12-20',NULL,7,233,3),(2342,87,'2016-12-25',NULL,6,233,1),(2343,125,'2016-12-28',NULL,5,233,1),(2344,38,'2016-12-20',NULL,9,233,3),(2345,58,'2017-01-03',NULL,9,233,2),(2346,171,'2016-12-31',NULL,1,233,2),(2347,111,'2017-01-13',NULL,7,233,1),(2348,361,'2017-01-04',NULL,2,233,1),(2349,161,'2017-01-06',NULL,7,233,3),(2350,486,'2017-01-09',NULL,7,233,3),(2351,82,'2016-12-21',NULL,5,233,2),(2352,421,'2016-12-25',NULL,6,233,2),(2353,248,'2016-12-30',NULL,10,233,1),(2354,42,'2016-12-26',NULL,4,233,3),(2355,37,'2017-01-14',NULL,9,233,3),(2356,217,'2016-12-20',NULL,1,233,1),(2357,319,'2017-01-12',NULL,10,233,3),(2358,327,'2017-01-14',NULL,2,233,3),(2359,76,'2016-12-31',NULL,9,233,3),(2360,306,'2017-01-12',NULL,9,234,2),(2361,20,'2016-12-31',NULL,4,234,2),(2362,327,'2017-01-17',NULL,10,234,2),(2363,31,'2016-12-23',NULL,5,234,2),(2364,173,'2017-01-12',NULL,9,234,3),(2365,54,'2017-01-06',NULL,1,234,1),(2366,217,'2017-01-04',NULL,2,234,1),(2367,242,'2016-12-22',NULL,10,234,1),(2368,481,'2016-12-26',NULL,6,235,3),(2369,284,'2016-12-22',NULL,3,235,3),(2370,295,'2017-01-15',NULL,8,235,3),(2371,127,'2016-12-23',NULL,9,235,3),(2372,118,'2017-01-08',NULL,10,235,2),(2373,368,'2016-12-26',NULL,7,236,3),(2374,75,'2017-01-02',NULL,2,236,3),(2375,134,'2016-12-31',NULL,9,236,1),(2376,358,'2016-12-27',NULL,9,236,2),(2377,88,'2016-12-20',NULL,2,237,3),(2378,9,'2017-01-04',NULL,6,237,1),(2379,426,'2017-01-01',NULL,6,237,2),(2380,82,'2017-01-13',NULL,6,237,3),(2381,450,'2016-12-31',NULL,1,237,1),(2382,275,'2016-12-27',NULL,1,237,1),(2383,36,'2016-12-23',NULL,3,237,3),(2384,2,'2016-12-23',NULL,7,237,2),(2385,437,'2016-12-22',NULL,1,238,1),(2386,363,'2017-01-07',NULL,1,238,3),(2387,291,'2016-12-22',NULL,7,238,1),(2388,21,'2016-12-21',NULL,6,238,2),(2389,95,'2017-01-02',NULL,2,238,2),(2390,311,'2017-01-16',NULL,10,238,3),(2391,220,'2017-01-03',NULL,3,238,1),(2392,117,'2017-01-07',NULL,9,238,2),(2393,47,'2016-12-31',NULL,9,238,1),(2394,306,'2016-12-29',NULL,1,238,2),(2395,444,'2017-01-01',NULL,7,238,1),(2396,259,'2016-12-27',NULL,4,238,2),(2397,294,'2017-01-13',NULL,4,238,1),(2398,348,'2017-01-09',NULL,5,238,1),(2399,466,'2017-01-14',NULL,8,238,2),(2400,448,'2017-01-15',NULL,1,238,1),(2401,339,'2017-01-12',NULL,6,238,2),(2402,435,'2016-12-23',NULL,10,238,2),(2403,286,'2017-01-14',NULL,6,238,1),(2404,187,'2017-01-06',NULL,10,238,2),(2405,183,'2016-12-29',NULL,5,238,1),(2406,74,'2017-01-05',NULL,8,238,2),(2407,401,'2016-12-31',NULL,1,238,2),(2408,299,'2016-12-28',NULL,2,238,3),(2409,8,'2017-01-16',NULL,6,239,2),(2410,154,'2017-01-07',NULL,7,239,3),(2411,43,'2016-12-20',NULL,3,239,1),(2412,280,'2017-01-03',NULL,4,239,3),(2413,229,'2017-01-16',NULL,3,239,3),(2414,495,'2017-01-12',NULL,8,239,3),(2415,442,'2017-01-16',NULL,2,239,2),(2416,179,'2017-01-13',NULL,5,239,2),(2417,62,'2016-12-29',NULL,9,239,1),(2418,200,'2017-01-13',NULL,3,239,1),(2419,454,'2016-12-28',NULL,10,239,2),(2420,435,'2016-12-22',NULL,9,239,1),(2421,500,'2016-12-23',NULL,3,239,3),(2422,262,'2017-01-12',NULL,1,239,1),(2423,77,'2016-12-21',NULL,6,239,2),(2424,55,'2016-12-27',NULL,6,239,2),(2425,54,'2016-12-29',NULL,6,239,1),(2426,184,'2017-01-08',NULL,3,239,2),(2427,306,'2016-12-26',NULL,10,239,3),(2428,31,'2016-12-29',NULL,7,239,1),(2429,213,'2017-01-16',NULL,7,239,2),(2430,463,'2017-01-02',NULL,8,239,1),(2431,147,'2017-01-11',NULL,3,239,3),(2432,364,'2016-12-29',NULL,1,239,2),(2433,480,'2017-01-17',NULL,6,239,3),(2434,106,'2016-12-24',NULL,6,239,1),(2435,96,'2017-01-10',NULL,4,239,3),(2436,62,'2016-12-25',NULL,9,239,1),(2437,359,'2016-12-31',NULL,4,239,3),(2438,106,'2017-01-10',NULL,8,239,1),(2439,154,'2016-12-23',NULL,4,239,3),(2440,116,'2017-01-17',NULL,10,239,2),(2441,348,'2016-12-26',NULL,1,239,1),(2442,462,'2016-12-26',NULL,4,239,1),(2443,320,'2017-01-15',NULL,2,239,3),(2444,30,'2017-01-09',NULL,5,239,1),(2445,444,'2017-01-02',NULL,6,239,2),(2446,183,'2017-01-07',NULL,2,239,3),(2447,99,'2016-12-23',NULL,9,239,3),(2448,301,'2016-12-28',NULL,3,239,1),(2449,153,'2016-12-23',NULL,9,239,2),(2450,260,'2017-01-16',NULL,5,239,3),(2451,483,'2017-01-09',NULL,4,239,3),(2452,433,'2017-01-12',NULL,5,239,3),(2453,467,'2016-12-24',NULL,1,239,3),(2454,198,'2016-12-24',NULL,10,239,2),(2455,478,'2017-01-09',NULL,7,239,2),(2456,425,'2016-12-26',NULL,10,239,3),(2457,393,'2017-01-06',NULL,1,239,3),(2458,492,'2016-12-27',NULL,10,239,2),(2459,87,'2016-12-23',NULL,9,239,2),(2460,277,'2017-01-04',NULL,8,239,2),(2461,428,'2017-01-02',NULL,9,239,3),(2462,151,'2016-12-28',NULL,2,239,1),(2463,300,'2017-01-15',NULL,9,239,1),(2464,486,'2017-01-11',NULL,10,239,2),(2465,75,'2017-01-10',NULL,7,239,3),(2466,166,'2016-12-26',NULL,8,239,1),(2467,125,'2016-12-24',NULL,8,239,1),(2468,60,'2017-01-15',NULL,5,239,3),(2469,326,'2016-12-31',NULL,2,239,1),(2470,42,'2016-12-21',NULL,8,239,2),(2471,59,'2017-01-11',NULL,5,239,3),(2472,486,'2017-01-16',NULL,4,239,3),(2473,191,'2017-01-03',NULL,6,239,3),(2474,274,'2017-01-12',NULL,1,239,2),(2475,101,'2017-01-12',NULL,1,239,2),(2476,276,'2017-01-15',NULL,6,239,1),(2477,163,'2017-01-17',NULL,8,239,3),(2478,367,'2017-01-02',NULL,7,239,3),(2479,252,'2016-12-27',NULL,5,239,1),(2480,423,'2017-01-10',NULL,1,239,1),(2481,244,'2017-01-14',NULL,9,239,3),(2482,320,'2016-12-20',NULL,7,239,2),(2483,16,'2016-12-22',NULL,8,239,3),(2484,431,'2017-01-03',NULL,10,239,2),(2485,434,'2016-12-25',NULL,8,239,3),(2486,36,'2017-01-03',NULL,10,239,3),(2487,409,'2017-01-09',NULL,5,240,1),(2488,83,'2016-12-29',NULL,5,240,1),(2489,309,'2016-12-22',NULL,1,240,3),(2490,267,'2017-01-11',NULL,7,240,3),(2491,375,'2017-01-08',NULL,3,240,3),(2492,308,'2017-01-05',NULL,3,240,2),(2493,484,'2017-01-09',NULL,8,240,3),(2494,82,'2017-01-14',NULL,2,240,2),(2495,16,'2017-01-01',NULL,5,240,2),(2496,456,'2016-12-21',NULL,1,240,2),(2497,334,'2016-12-22',NULL,10,240,2),(2498,315,'2016-12-28',NULL,7,240,2),(2499,322,'2017-01-16',NULL,2,240,1),(2500,30,'2017-01-13',NULL,8,240,1),(2501,354,'2016-12-27',NULL,7,240,2),(2502,467,'2017-01-16',NULL,2,240,1),(2503,81,'2016-12-25',NULL,4,241,3),(2504,186,'2017-01-15',NULL,9,241,1),(2505,491,'2017-01-01',NULL,6,241,3),(2506,485,'2017-01-02',NULL,8,241,3),(2507,327,'2016-12-23',NULL,9,241,1),(2508,53,'2017-01-01',NULL,6,242,3),(2509,25,'2016-12-20',NULL,8,242,2),(2510,248,'2016-12-20',NULL,1,242,1),(2511,24,'2017-01-17',NULL,3,242,1),(2512,392,'2017-01-16',NULL,5,242,2),(2513,133,'2017-01-02',NULL,6,242,2),(2514,365,'2016-12-21',NULL,8,243,2),(2515,234,'2017-01-14',NULL,10,243,2),(2516,373,'2016-12-20',NULL,6,243,2),(2517,394,'2017-01-17',NULL,5,243,3),(2518,159,'2017-01-06',NULL,9,243,3),(2519,214,'2016-12-29',NULL,7,243,2),(2520,45,'2017-01-15',NULL,3,245,2),(2521,440,'2016-12-24',NULL,9,245,3),(2522,287,'2016-12-24',NULL,2,245,2),(2523,6,'2016-12-24',NULL,2,245,3),(2524,7,'2017-01-16',NULL,4,245,1),(2525,411,'2017-01-07',NULL,10,246,3),(2526,97,'2016-12-22',NULL,6,246,2),(2527,232,'2017-01-13',NULL,7,246,1),(2528,104,'2017-01-05',NULL,10,246,2),(2529,224,'2017-01-05',NULL,9,247,3),(2530,255,'2017-01-05',NULL,1,247,3),(2531,243,'2017-01-02',NULL,7,247,2),(2532,233,'2016-12-28',NULL,9,247,3),(2533,25,'2017-01-07',NULL,5,247,2),(2534,161,'2017-01-01',NULL,6,247,2),(2535,439,'2016-12-28',NULL,1,247,3),(2536,410,'2016-12-25',NULL,1,247,1),(2537,369,'2017-01-09',NULL,2,247,3),(2538,361,'2017-01-13',NULL,9,247,3),(2539,186,'2016-12-24',NULL,7,247,1),(2540,386,'2017-01-07',NULL,9,247,3),(2541,263,'2017-01-13',NULL,2,247,1),(2542,360,'2017-01-12',NULL,9,247,1),(2543,475,'2016-12-20',NULL,6,247,1),(2544,160,'2017-01-06',NULL,5,247,3),(2545,201,'2017-01-17',NULL,5,247,2),(2546,439,'2017-01-12',NULL,7,248,1),(2547,407,'2017-01-05',NULL,6,248,3),(2548,241,'2017-01-10',NULL,4,248,2),(2549,52,'2017-01-10',NULL,8,248,1),(2550,195,'2017-01-03',NULL,2,248,1),(2551,282,'2016-12-31',NULL,6,248,2),(2552,175,'2016-12-30',NULL,1,248,2),(2553,478,'2017-01-11',NULL,7,248,1),(2554,59,'2017-01-05',NULL,6,248,1),(2555,19,'2016-12-24',NULL,9,248,1),(2556,218,'2016-12-31',NULL,6,248,1),(2557,190,'2017-01-10',NULL,9,248,2),(2558,210,'2017-01-10',NULL,6,249,2),(2559,133,'2016-12-24',NULL,5,249,1),(2560,144,'2016-12-31',NULL,8,249,2),(2561,414,'2016-12-27',NULL,9,249,3),(2562,369,'2016-12-20',NULL,9,249,1),(2563,180,'2017-01-01',NULL,1,249,1),(2564,265,'2017-01-12',NULL,6,249,3),(2565,299,'2017-01-15',NULL,8,249,1),(2566,204,'2016-12-21',NULL,7,249,3),(2567,150,'2017-01-17',NULL,7,249,2),(2568,61,'2017-01-17',NULL,9,249,2),(2569,106,'2017-01-13',NULL,6,249,3),(2570,208,'2017-01-13',NULL,9,249,2),(2571,42,'2017-01-12',NULL,3,249,2),(2572,26,'2017-01-16',NULL,6,249,3),(2573,331,'2016-12-21',NULL,4,249,2),(2574,164,'2017-01-02',NULL,7,249,2),(2575,236,'2017-01-15',NULL,3,250,3),(2576,442,'2017-01-03',NULL,2,250,2),(2577,244,'2017-01-03',NULL,3,250,3),(2578,371,'2016-12-22',NULL,8,250,1),(2579,311,'2017-01-15',NULL,1,250,2),(2580,241,'2016-12-23',NULL,5,250,2),(2581,466,'2017-01-08',NULL,9,251,3),(2582,477,'2016-12-22',NULL,6,251,2),(2583,366,'2017-01-09',NULL,7,251,3),(2584,430,'2016-12-20',NULL,9,251,2),(2585,217,'2016-12-23',NULL,4,251,3),(2586,22,'2017-01-02',NULL,9,251,1),(2587,388,'2016-12-24',NULL,8,251,1),(2588,122,'2017-01-08',NULL,6,251,1),(2589,262,'2016-12-22',NULL,6,251,1),(2590,110,'2017-01-15',NULL,5,251,2),(2591,209,'2016-12-24',NULL,6,251,3),(2592,357,'2016-12-30',NULL,5,251,3),(2593,106,'2017-01-06',NULL,5,251,3),(2594,244,'2016-12-30',NULL,3,251,3),(2595,324,'2017-01-08',NULL,1,251,3),(2596,143,'2016-12-22',NULL,6,251,1),(2597,244,'2017-01-07',NULL,1,251,3),(2598,425,'2017-01-13',NULL,3,251,3),(2599,238,'2017-01-09',NULL,4,251,2),(2600,471,'2017-01-13',NULL,10,251,1),(2601,181,'2016-12-25',NULL,5,251,1),(2602,157,'2016-12-29',NULL,5,251,2),(2603,446,'2016-12-28',NULL,3,251,1),(2604,350,'2017-01-06',NULL,6,251,2),(2605,412,'2016-12-28',NULL,6,251,3),(2606,431,'2017-01-14',NULL,10,251,2),(2607,452,'2017-01-01',NULL,10,251,2),(2608,275,'2017-01-01',NULL,4,251,1),(2609,442,'2017-01-15',NULL,4,251,1),(2610,255,'2017-01-02',NULL,6,251,3),(2611,252,'2016-12-21',NULL,4,251,3),(2612,39,'2017-01-15',NULL,2,252,1),(2613,287,'2017-01-03',NULL,7,252,1),(2614,169,'2016-12-29',NULL,8,252,1),(2615,10,'2016-12-30',NULL,1,252,3),(2616,236,'2017-01-12',NULL,10,253,1),(2617,99,'2017-01-12',NULL,2,253,2),(2618,26,'2017-01-16',NULL,10,254,1),(2619,309,'2016-12-31',NULL,7,254,2),(2620,206,'2016-12-23',NULL,5,255,2),(2621,74,'2017-01-03',NULL,9,255,1),(2622,271,'2016-12-21',NULL,5,255,1),(2623,39,'2017-01-11',NULL,4,255,2),(2624,262,'2016-12-25',NULL,4,256,1),(2625,164,'2017-01-07',NULL,10,256,1),(2626,136,'2017-01-16',NULL,8,256,3),(2627,36,'2016-12-22',NULL,10,256,2),(2628,471,'2017-01-01',NULL,6,256,1),(2629,307,'2017-01-14',NULL,7,256,1),(2630,151,'2017-01-14',NULL,4,256,3),(2631,358,'2016-12-28',NULL,9,256,1),(2632,44,'2017-01-05',NULL,1,256,2),(2633,63,'2017-01-05',NULL,3,256,1),(2634,27,'2017-01-09',NULL,4,256,1),(2635,291,'2017-01-16',NULL,6,256,3),(2636,470,'2017-01-06',NULL,10,256,2),(2637,423,'2017-01-07',NULL,7,256,1),(2638,259,'2017-01-02',NULL,6,256,1),(2639,135,'2017-01-17',NULL,2,256,3),(2640,476,'2016-12-31',NULL,1,257,3),(2641,109,'2017-01-03',NULL,4,257,1),(2642,404,'2016-12-24',NULL,1,257,3),(2643,292,'2017-01-08',NULL,1,257,3),(2644,438,'2017-01-11',NULL,10,257,3),(2645,269,'2017-01-11',NULL,7,257,3),(2646,137,'2017-01-01',NULL,7,257,2),(2647,344,'2017-01-11',NULL,9,258,2),(2648,375,'2016-12-30',NULL,3,258,2),(2649,420,'2017-01-08',NULL,8,258,1),(2650,465,'2016-12-28',NULL,2,258,3),(2651,245,'2017-01-01',NULL,4,258,2),(2652,241,'2017-01-10',NULL,1,258,3),(2653,189,'2016-12-31',NULL,3,258,1),(2654,75,'2017-01-17',NULL,8,258,1),(2655,130,'2017-01-10',NULL,5,258,3),(2656,339,'2016-12-28',NULL,10,258,2),(2657,439,'2017-01-11',NULL,5,258,3),(2658,414,'2017-01-13',NULL,5,258,2),(2659,496,'2017-01-09',NULL,1,258,1),(2660,174,'2017-01-17',NULL,10,258,1),(2661,177,'2017-01-12',NULL,2,258,1),(2662,489,'2017-01-14',NULL,3,258,1),(2663,351,'2016-12-29',NULL,4,258,1),(2664,242,'2017-01-12',NULL,1,258,1),(2665,396,'2017-01-03',NULL,5,258,1),(2666,301,'2016-12-21',NULL,2,258,1),(2667,189,'2017-01-06',NULL,3,258,3),(2668,46,'2017-01-12',NULL,3,258,2),(2669,103,'2017-01-13',NULL,4,258,3),(2670,345,'2016-12-30',NULL,2,258,1),(2671,13,'2017-01-04',NULL,7,258,1),(2672,83,'2017-01-16',NULL,6,258,1),(2673,291,'2017-01-13',NULL,9,258,1),(2674,126,'2017-01-13',NULL,3,258,2),(2675,317,'2016-12-22',NULL,7,258,1),(2676,352,'2016-12-27',NULL,10,258,3),(2677,463,'2017-01-03',NULL,10,258,2),(2678,139,'2017-01-03',NULL,4,258,1),(2679,109,'2016-12-29',NULL,4,258,1),(2680,357,'2017-01-10',NULL,4,258,3),(2681,124,'2017-01-13',NULL,7,258,2),(2682,385,'2016-12-28',NULL,7,258,3),(2683,382,'2016-12-26',NULL,6,258,2),(2684,99,'2016-12-30',NULL,10,258,3),(2685,265,'2017-01-12',NULL,10,258,1),(2686,368,'2016-12-26',NULL,1,258,3),(2687,144,'2017-01-12',NULL,4,258,3),(2688,74,'2016-12-24',NULL,7,258,1),(2689,391,'2017-01-01',NULL,8,258,2),(2690,86,'2016-12-29',NULL,5,258,1),(2691,386,'2016-12-20',NULL,9,258,3),(2692,281,'2016-12-22',NULL,4,258,3),(2693,5,'2017-01-10',NULL,3,258,2),(2694,38,'2017-01-06',NULL,1,258,2),(2695,116,'2017-01-14',NULL,9,258,2),(2696,225,'2016-12-24',NULL,3,258,2),(2697,100,'2017-01-08',NULL,4,258,1),(2698,222,'2016-12-20',NULL,7,258,1),(2699,327,'2016-12-31',NULL,5,258,3),(2700,401,'2017-01-01',NULL,2,258,2),(2701,179,'2016-12-27',NULL,10,258,3),(2702,142,'2017-01-06',NULL,5,258,1),(2703,26,'2017-01-05',NULL,7,258,3),(2704,313,'2017-01-12',NULL,2,258,3),(2705,242,'2017-01-04',NULL,3,258,1),(2706,295,'2016-12-29',NULL,3,258,1),(2707,206,'2016-12-31',NULL,5,258,3),(2708,458,'2016-12-31',NULL,4,258,1),(2709,291,'2017-01-01',NULL,1,258,1),(2710,184,'2016-12-26',NULL,2,258,2),(2711,371,'2017-01-14',NULL,9,258,2),(2712,340,'2016-12-23',NULL,6,258,3),(2713,323,'2016-12-20',NULL,5,258,3),(2714,306,'2016-12-27',NULL,2,258,1),(2715,24,'2016-12-21',NULL,8,258,2),(2716,454,'2017-01-17',NULL,9,258,3),(2717,340,'2016-12-26',NULL,6,258,1),(2718,164,'2017-01-02',NULL,4,258,3),(2719,157,'2017-01-13',NULL,4,258,2),(2720,304,'2016-12-20',NULL,3,258,1),(2721,342,'2016-12-23',NULL,2,258,1),(2722,255,'2017-01-13',NULL,6,258,3),(2723,275,'2016-12-28',NULL,6,258,2),(2724,388,'2016-12-25',NULL,8,258,2),(2725,328,'2017-01-07',NULL,4,258,1),(2726,82,'2016-12-29',NULL,9,258,1),(2727,378,'2017-01-01',NULL,4,258,3),(2728,207,'2017-01-04',NULL,4,258,3),(2729,299,'2017-01-13',NULL,2,258,2),(2730,142,'2016-12-20',NULL,3,258,2),(2731,238,'2016-12-25',NULL,7,258,3),(2732,486,'2017-01-10',NULL,1,260,1),(2733,4,'2016-12-30',NULL,8,260,2),(2734,36,'2016-12-31',NULL,4,261,3),(2735,427,'2017-01-07',NULL,3,261,2),(2736,267,'2016-12-21',NULL,2,261,1),(2737,408,'2017-01-03',NULL,2,261,2),(2738,462,'2017-01-01',NULL,3,261,3),(2739,291,'2017-01-10',NULL,7,261,1),(2740,499,'2017-01-12',NULL,4,261,3),(2741,450,'2017-01-04',NULL,7,261,1),(2742,253,'2016-12-31',NULL,5,261,1),(2743,4,'2016-12-26',NULL,10,261,1),(2744,180,'2016-12-25',NULL,7,262,1),(2745,439,'2017-01-15',NULL,5,262,1),(2746,181,'2016-12-28',NULL,1,262,2),(2747,442,'2016-12-28',NULL,3,263,3),(2748,13,'2017-01-09',NULL,8,263,2),(2749,85,'2016-12-20',NULL,1,264,3),(2750,134,'2017-01-17',NULL,2,265,1),(2751,311,'2016-12-30',NULL,1,265,1),(2752,231,'2017-01-01',NULL,6,265,3),(2753,499,'2017-01-06',NULL,5,265,2),(2754,479,'2017-01-10',NULL,2,265,3),(2755,280,'2016-12-28',NULL,5,265,2),(2756,258,'2016-12-23',NULL,8,265,2),(2757,26,'2017-01-09',NULL,9,265,3),(2758,7,'2017-01-14',NULL,1,265,2),(2759,235,'2017-01-09',NULL,2,266,1),(2760,164,'2017-01-04',NULL,3,267,2),(2761,16,'2016-12-25',NULL,1,267,3),(2762,100,'2017-01-06',NULL,8,268,3),(2763,160,'2016-12-20',NULL,3,268,1),(2764,146,'2017-01-06',NULL,5,268,2),(2765,103,'2017-01-02',NULL,5,268,3),(2766,327,'2016-12-23',NULL,10,268,3),(2767,97,'2017-01-05',NULL,3,268,3),(2768,148,'2016-12-24',NULL,7,269,3),(2769,31,'2017-01-07',NULL,1,269,3),(2770,169,'2016-12-24',NULL,5,269,2),(2771,285,'2017-01-07',NULL,2,269,3),(2772,357,'2017-01-09',NULL,6,270,2),(2773,200,'2017-01-02',NULL,8,270,3),(2774,84,'2016-12-20',NULL,2,270,2),(2775,429,'2017-01-07',NULL,8,270,2),(2776,412,'2016-12-24',NULL,9,270,3),(2777,452,'2017-01-11',NULL,6,270,1),(2778,224,'2016-12-29',NULL,3,270,3),(2779,147,'2016-12-23',NULL,10,270,2),(2780,46,'2017-01-13',NULL,2,270,3),(2781,148,'2017-01-12',NULL,6,271,1),(2782,198,'2017-01-11',NULL,7,271,2),(2783,33,'2017-01-12',NULL,2,272,1),(2784,293,'2016-12-30',NULL,6,272,2),(2785,154,'2017-01-16',NULL,3,272,1),(2786,324,'2016-12-20',NULL,9,273,3),(2787,46,'2017-01-11',NULL,4,274,1),(2788,179,'2017-01-02',NULL,6,274,2),(2789,44,'2016-12-22',NULL,7,274,3),(2790,59,'2017-01-15',NULL,9,274,3),(2791,395,'2017-01-10',NULL,5,274,3),(2792,478,'2017-01-12',NULL,5,274,2),(2793,169,'2017-01-16',NULL,5,274,2),(2794,300,'2016-12-22',NULL,2,275,1),(2795,213,'2016-12-25',NULL,1,276,1),(2796,289,'2016-12-29',NULL,9,276,1),(2797,481,'2016-12-31',NULL,9,276,1),(2798,400,'2017-01-12',NULL,2,276,3),(2799,312,'2017-01-03',NULL,10,276,1),(2800,41,'2016-12-20',NULL,5,277,3),(2801,200,'2016-12-25',NULL,3,279,3),(2802,52,'2016-12-24',NULL,3,279,2),(2803,274,'2017-01-11',NULL,8,279,3),(2804,109,'2016-12-23',NULL,10,279,1),(2805,35,'2017-01-14',NULL,3,279,3),(2806,130,'2016-12-26',NULL,10,279,3),(2807,27,'2016-12-25',NULL,7,280,1),(2808,295,'2017-01-05',NULL,1,280,1),(2809,102,'2017-01-06',NULL,8,280,3),(2810,236,'2017-01-11',NULL,8,280,3),(2811,230,'2016-12-23',NULL,1,280,1),(2812,242,'2016-12-27',NULL,1,281,3),(2813,78,'2017-01-12',NULL,7,281,2),(2814,367,'2017-01-16',NULL,8,282,3),(2815,393,'2017-01-04',NULL,5,282,2),(2816,431,'2016-12-27',NULL,5,282,1),(2817,401,'2016-12-29',NULL,9,282,3),(2818,1,'2017-01-06',NULL,10,282,2),(2819,225,'2016-12-27',NULL,7,283,2),(2820,85,'2016-12-22',NULL,6,283,1),(2821,208,'2016-12-22',NULL,2,283,1),(2822,82,'2017-01-16',NULL,1,283,3),(2823,436,'2017-01-12',NULL,3,283,3),(2824,261,'2016-12-29',NULL,6,283,1),(2825,287,'2017-01-08',NULL,9,283,3),(2826,498,'2017-01-03',NULL,8,283,3),(2827,135,'2017-01-17',NULL,5,283,3),(2828,174,'2017-01-10',NULL,6,283,1),(2829,351,'2017-01-16',NULL,1,283,1),(2830,155,'2016-12-27',NULL,6,283,3),(2831,315,'2017-01-12',NULL,3,283,3),(2832,319,'2016-12-28',NULL,7,283,3),(2833,399,'2017-01-13',NULL,9,283,3),(2834,44,'2016-12-23',NULL,6,283,1),(2835,479,'2016-12-28',NULL,7,283,2),(2836,200,'2016-12-20',NULL,9,283,2),(2837,432,'2017-01-01',NULL,4,283,2),(2838,166,'2016-12-25',NULL,6,283,2),(2839,132,'2017-01-01',NULL,7,283,2),(2840,157,'2017-01-14',NULL,3,283,2),(2841,349,'2016-12-26',NULL,4,284,1),(2842,184,'2017-01-17',NULL,6,285,3),(2843,262,'2017-01-01',NULL,8,285,3),(2844,487,'2017-01-03',NULL,1,285,1),(2845,470,'2017-01-05',NULL,5,285,1),(2846,72,'2017-01-06',NULL,1,285,3),(2847,394,'2017-01-16',NULL,9,285,2),(2848,304,'2017-01-04',NULL,3,285,1),(2849,407,'2017-01-11',NULL,10,285,3),(2850,68,'2017-01-06',NULL,5,285,2),(2851,182,'2016-12-30',NULL,4,285,2),(2852,78,'2016-12-26',NULL,4,286,1),(2853,315,'2016-12-23',NULL,3,286,1),(2854,207,'2016-12-25',NULL,2,286,1),(2855,300,'2016-12-27',NULL,6,286,3),(2856,402,'2016-12-25',NULL,4,287,3),(2857,263,'2016-12-26',NULL,10,287,1),(2858,449,'2017-01-11',NULL,7,288,1),(2859,430,'2016-12-24',NULL,8,288,2),(2860,57,'2017-01-05',NULL,2,288,1),(2861,197,'2016-12-21',NULL,1,288,2),(2862,260,'2016-12-29',NULL,8,289,3),(2863,73,'2016-12-27',NULL,8,289,1),(2864,18,'2017-01-03',NULL,6,289,1),(2865,449,'2017-01-15',NULL,5,289,1),(2866,484,'2017-01-14',NULL,4,289,1),(2867,101,'2016-12-31',NULL,4,289,1),(2868,446,'2017-01-17',NULL,3,290,2),(2869,256,'2017-01-10',NULL,3,290,1),(2870,76,'2017-01-07',NULL,6,290,1),(2871,326,'2017-01-15',NULL,3,290,3),(2872,183,'2016-12-30',NULL,8,290,3),(2873,67,'2016-12-27',NULL,10,290,3),(2874,4,'2016-12-31',NULL,4,290,3),(2875,374,'2017-01-14',NULL,7,292,2),(2876,134,'2016-12-28',NULL,1,292,1),(2877,412,'2017-01-04',NULL,3,292,3),(2878,326,'2016-12-22',NULL,3,292,1),(2879,34,'2017-01-12',NULL,4,292,3),(2880,137,'2017-01-09',NULL,10,293,2),(2881,498,'2017-01-15',NULL,5,294,3),(2882,291,'2017-01-14',NULL,3,294,2),(2883,195,'2016-12-24',NULL,5,294,2),(2884,257,'2017-01-13',NULL,5,294,1),(2885,276,'2017-01-01',NULL,9,294,2),(2886,297,'2017-01-17',NULL,9,294,2),(2887,120,'2017-01-17',NULL,3,294,2),(2888,287,'2017-01-03',NULL,3,294,1),(2889,100,'2016-12-20',NULL,6,294,1),(2890,102,'2017-01-07',NULL,4,294,1),(2891,92,'2017-01-12',NULL,4,294,1),(2892,115,'2017-01-07',NULL,8,294,2),(2893,420,'2017-01-07',NULL,5,294,2),(2894,11,'2017-01-08',NULL,3,295,2),(2895,169,'2016-12-28',NULL,5,295,2),(2896,178,'2016-12-31',NULL,5,296,3),(2897,334,'2017-01-17',NULL,6,296,3),(2898,194,'2017-01-14',NULL,4,296,3),(2899,125,'2017-01-05',NULL,9,297,1),(2900,369,'2017-01-10',NULL,8,298,1),(2901,216,'2017-01-15',NULL,5,298,1),(2902,51,'2017-01-08',NULL,4,298,2),(2903,415,'2016-12-21',NULL,8,298,1),(2904,116,'2017-01-06',NULL,4,298,1),(2905,192,'2016-12-29',NULL,3,298,3),(2906,441,'2017-01-11',NULL,4,298,3),(2907,414,'2017-01-17',NULL,8,298,3),(2908,191,'2017-01-03',NULL,2,298,1),(2909,5,'2016-12-31',NULL,2,299,3),(2910,440,'2017-01-10',NULL,8,299,2),(2911,276,'2016-12-26',NULL,9,299,2),(2912,99,'2016-12-25',NULL,6,299,1),(2913,45,'2016-12-26',NULL,10,300,1),(2914,476,'2016-12-27',NULL,6,301,3),(2915,94,'2016-12-23',NULL,3,301,3),(2916,182,'2017-01-14',NULL,2,302,3),(2917,276,'2017-01-14',NULL,2,302,1),(2918,95,'2017-01-08',NULL,5,302,1),(2919,427,'2017-01-09',NULL,9,302,3),(2920,328,'2016-12-22',NULL,6,302,2),(2921,93,'2016-12-28',NULL,2,302,1),(2922,264,'2016-12-31',NULL,10,302,2),(2923,143,'2017-01-14',NULL,7,302,2),(2924,273,'2017-01-12',NULL,6,302,2),(2925,452,'2017-01-10',NULL,4,302,3),(2926,232,'2017-01-07',NULL,2,302,2),(2927,401,'2016-12-22',NULL,8,302,3),(2928,16,'2016-12-22',NULL,4,302,3),(2929,362,'2016-12-25',NULL,8,302,2),(2930,494,'2017-01-01',NULL,1,302,3),(2931,210,'2016-12-28',NULL,10,302,1),(2932,53,'2017-01-14',NULL,9,302,2),(2933,318,'2017-01-08',NULL,4,302,3),(2934,59,'2017-01-10',NULL,7,302,2),(2935,66,'2017-01-05',NULL,5,302,2),(2936,385,'2016-12-26',NULL,1,302,2),(2937,321,'2016-12-26',NULL,2,302,1),(2938,414,'2017-01-05',NULL,10,302,2),(2939,464,'2017-01-14',NULL,2,302,1),(2940,20,'2016-12-22',NULL,1,302,3),(2941,370,'2017-01-11',NULL,3,302,2),(2942,72,'2017-01-16',NULL,10,302,3),(2943,145,'2016-12-25',NULL,1,302,1),(2944,490,'2017-01-02',NULL,3,303,1),(2945,126,'2016-12-23',NULL,4,303,3),(2946,281,'2017-01-06',NULL,4,303,1),(2947,70,'2016-12-31',NULL,1,303,1),(2948,346,'2016-12-30',NULL,10,303,2),(2949,227,'2017-01-15',NULL,7,303,3),(2950,67,'2017-01-17',NULL,8,303,2),(2951,254,'2017-01-15',NULL,9,303,1),(2952,192,'2016-12-22',NULL,2,304,3),(2953,408,'2016-12-27',NULL,8,304,1),(2954,361,'2016-12-29',NULL,6,305,2),(2955,258,'2016-12-23',NULL,4,305,1),(2956,231,'2016-12-30',NULL,6,305,1),(2957,74,'2017-01-08',NULL,6,306,2),(2958,456,'2016-12-23',NULL,7,306,1),(2959,395,'2016-12-23',NULL,4,306,3),(2960,496,'2016-12-21',NULL,7,306,1),(2961,124,'2017-01-14',NULL,9,306,3),(2962,378,'2017-01-17',NULL,8,306,2),(2963,128,'2016-12-27',NULL,9,306,1),(2964,473,'2016-12-23',NULL,8,306,3),(2965,282,'2017-01-03',NULL,10,306,1),(2966,161,'2017-01-11',NULL,3,306,1),(2967,464,'2017-01-13',NULL,1,306,1),(2968,310,'2016-12-23',NULL,2,306,1),(2969,54,'2017-01-03',NULL,10,306,2),(2970,300,'2017-01-01',NULL,2,306,2),(2971,373,'2017-01-12',NULL,3,306,1),(2972,182,'2017-01-08',NULL,10,307,1),(2973,158,'2017-01-09',NULL,3,307,2),(2974,359,'2017-01-12',NULL,10,308,2),(2975,186,'2016-12-20',NULL,4,308,3),(2976,476,'2017-01-13',NULL,8,308,2),(2977,471,'2017-01-03',NULL,3,308,3),(2978,33,'2017-01-07',NULL,4,308,1),(2979,219,'2016-12-29',NULL,9,309,3),(2980,276,'2016-12-23',NULL,5,309,3),(2981,360,'2017-01-04',NULL,4,310,1),(2982,420,'2016-12-25',NULL,6,310,1);
/*!40000 ALTER TABLE `transaction` ENABLE KEYS */;
UNLOCK TABLES;
/*!50003 SET @saved_cs_client      = @@character_set_client */ ;
/*!50003 SET @saved_cs_results     = @@character_set_results */ ;
/*!50003 SET @saved_col_connection = @@collation_connection */ ;
/*!50003 SET character_set_client  = utf8mb4 */ ;
/*!50003 SET character_set_results = utf8mb4 */ ;
/*!50003 SET collation_connection  = utf8mb4_general_ci */ ;
/*!50003 SET @saved_sql_mode       = @@sql_mode */ ;
/*!50003 SET sql_mode              = 'NO_AUTO_VALUE_ON_ZERO' */ ;
DELIMITER ;;
/*!50003 CREATE*/ /*!50017 DEFINER=`root`@`localhost`*/ /*!50003 TRIGGER `project_transactionsum_increment` AFTER INSERT ON `transaction` FOR EACH ROW BEGIN
    UPDATE project
    SET transactionsum = transactionsum + NEW.amount
    WHERE id = NEW.project_id;
  END */;;
DELIMITER ;
/*!50003 SET sql_mode              = @saved_sql_mode */ ;
/*!50003 SET character_set_client  = @saved_cs_client */ ;
/*!50003 SET character_set_results = @saved_cs_results */ ;
/*!50003 SET collation_connection  = @saved_col_connection */ ;
/*!50003 SET @saved_cs_client      = @@character_set_client */ ;
/*!50003 SET @saved_cs_results     = @@character_set_results */ ;
/*!50003 SET @saved_col_connection = @@collation_connection */ ;
/*!50003 SET character_set_client  = utf8mb4 */ ;
/*!50003 SET character_set_results = utf8mb4 */ ;
/*!50003 SET collation_connection  = utf8mb4_general_ci */ ;
/*!50003 SET @saved_sql_mode       = @@sql_mode */ ;
/*!50003 SET sql_mode              = 'NO_AUTO_VALUE_ON_ZERO' */ ;
DELIMITER ;;
/*!50003 CREATE*/ /*!50017 DEFINER=`root`@`localhost`*/ /*!50003 TRIGGER `project_transactionsum_decrement` AFTER DELETE ON `transaction` FOR EACH ROW BEGIN
    UPDATE project
    SET transactionsum = transactionsum - OLD.amount
    WHERE id = OLD.project_id;
  END */;;
DELIMITER ;
/*!50003 SET sql_mode              = @saved_sql_mode */ ;
/*!50003 SET character_set_client  = @saved_cs_client */ ;
/*!50003 SET character_set_results = @saved_cs_results */ ;
/*!50003 SET collation_connection  = @saved_col_connection */ ;

--
-- Table structure for table `user`
--

DROP TABLE IF EXISTS `user`;
/*!40101 SET @saved_cs_client     = @@character_set_client */;
/*!40101 SET character_set_client = utf8 */;
CREATE TABLE `user` (
  `id` int(11) NOT NULL AUTO_INCREMENT,
  `password` varchar(20) COLLATE utf8_esperanto_ci NOT NULL,
  `name` varchar(90) COLLATE utf8_esperanto_ci NOT NULL,
  `firstname` varchar(90) COLLATE utf8_esperanto_ci NOT NULL,
  `birthdate` date NOT NULL,
  `email` varchar(45) COLLATE utf8_esperanto_ci NOT NULL,
  `sex` varchar(1) COLLATE utf8_esperanto_ci NOT NULL,
  `adress` varchar(45) COLLATE utf8_esperanto_ci NOT NULL,
  `postcode` int(11) NOT NULL,
  `city` varchar(20) COLLATE utf8_esperanto_ci NOT NULL,
  `country_id` int(11) NOT NULL,
  `phone` varchar(11) COLLATE utf8_esperanto_ci DEFAULT NULL,
  `photo` varchar(255) COLLATE utf8_esperanto_ci DEFAULT NULL,
  `facebookid` varchar(90) COLLATE utf8_esperanto_ci DEFAULT NULL,
  `facebooktoken` varchar(255) COLLATE utf8_esperanto_ci DEFAULT NULL,
  `subscriptiondate` date NOT NULL,
  `confirmed` tinyint(1) NOT NULL DEFAULT '0',
  `desactivated` tinyint(1) NOT NULL DEFAULT '0',
  `usertype_id` int(11) NOT NULL,
  `passwordrecovercode` varchar(255) COLLATE utf8_esperanto_ci DEFAULT NULL,
  PRIMARY KEY (`id`),
  UNIQUE KEY `email_UNIQUE` (`email`),
  KEY `user_country_idx` (`country_id`),
  KEY `user_usertype_idx` (`usertype_id`),
  CONSTRAINT `user_country` FOREIGN KEY (`country_id`) REFERENCES `country` (`id`) ON DELETE NO ACTION ON UPDATE NO ACTION,
  CONSTRAINT `user_usertype` FOREIGN KEY (`usertype_id`) REFERENCES `usertype` (`id`) ON DELETE NO ACTION ON UPDATE NO ACTION
) ENGINE=InnoDB AUTO_INCREMENT=332 DEFAULT CHARSET=utf8 COLLATE=utf8_esperanto_ci;
/*!40101 SET character_set_client = @saved_cs_client */;

--
-- Dumping data for table `user`
--

LOCK TABLES `user` WRITE;
/*!40000 ALTER TABLE `user` DISABLE KEYS */;
INSERT INTO `user` VALUES (1,'password','Valentine','Quinn','1999-07-24','scelerisque.lorem.ipsum@nascetur.net','M','962-8383 Vulputate, Chemin',94024,'Blois',75,'0438909116',NULL,NULL,NULL,'2014-07-12',0,0,1,NULL),(2,'password','Mathis','Ivan','1990-11-01','Phasellus@nonante.ca','F','Appartement 896-1423 Lacinia Av.',75311,'Saint-Lô',75,'0680399980',NULL,NULL,NULL,'2017-03-04',0,0,1,NULL),(3,'password','Holcomb','Cara','1988-06-06','adipiscing@ametmetusAliquam.org','M','Appartement 210-5475 Purus, Route',56080,'Paris',75,'0265883340',NULL,NULL,NULL,'2014-09-07',0,0,1,NULL),(4,'password','Mcintyre','Duncan','1983-07-09','a.sollicitudin@laoreetlectus.com','M','Appartement 362-6091 Ante Rd.',71097,'Schiltigheim',75,'0149355894',NULL,NULL,NULL,'2016-05-23',0,0,1,NULL),(5,'password','Brennan','Todd','1994-05-03','enim@pedeblandit.ca','M','Appartement 763-8299 Ipsum Av.',71885,'Rennes',75,'0167414367',NULL,NULL,NULL,'2015-04-15',0,0,1,NULL),(6,'password','Barlow','Christopher','1995-06-09','eget@Aliquamfringilla.com','F','CP 311, 7001 Condimentum Chemin',11421,'Bayswater',75,'0125407965',NULL,NULL,NULL,'2016-12-21',0,0,1,NULL),(7,'password','Coffey','Jasmine','1987-12-24','Sed@risusIn.ca','F','7669 Ante Chemin',80050,'Port Augusta',75,'0807823772',NULL,NULL,NULL,'2015-02-08',0,0,1,NULL),(8,'password','Sheppard','Richard','1999-07-15','cursus.et@scelerisque.org','F','Appartement 281-2028 Amet Avenue',37807,'Bayonne',75,'0263849481',NULL,NULL,NULL,'2017-01-13',0,0,1,NULL),(9,'password','Dalton','Zephr','1984-03-19','risus@tincidunttempus.edu','F','5015 Aenean Rue',26072,'La Rochelle',75,'0731230276',NULL,NULL,NULL,'2016-12-18',0,0,1,NULL),(10,'password','Clark','Calvin','1987-08-05','hymenaeos.Mauris.ut@turpisNulla.com','F','708-8984 Feugiat. Chemin',81886,'Sarreguemines',75,'0926230037',NULL,NULL,NULL,'2016-04-14',0,0,1,NULL),(21,'password','Valentin','Quinn','1999-07-24','admin@gmail.com','M','962-8383 Vulputate, Chemin',94024,'Blois',75,'0438909116',NULL,NULL,NULL,'2014-07-12',0,0,3,NULL),(22,'password','lkj','mklj,','1988-10-21','test@test.com','M','dsfmlk',31400,'Toulouse',75,'671608526','',NULL,NULL,'2016-11-06',1,0,1,NULL),(28,'As353,13','Asensi','Samuel','1988-10-21','asensi.samuel@gmail.com','M','qsdkj',31400,'Toulouse',1,'',NULL,'10209584987294564','EAAZAAF1611MoBAIf57kqsexbRO18nZCZBDSArt3RJ3wEOTjM8REuBwFFzqagANqmETkGZAznTejkSZBbb7JcwPhagqBliPX11ZBmNUCixlFa63EHeU3jEi4MTCZCsdfUmdBFbVC269yKSY3mHJ0BYBT','2016-11-16',1,0,1,NULL),(248,'password','Jessy','K.','1972-03-21','JessyK@gmail.com','M','38 rue de la Pomme',88000,'Rennes',75,'0612345678','https://img.ulule.com/display/9d4721cdf125e8b845c939edabc87128d38445cf/thumbnail/75x75/avatars/2016/11/13/jessyk.174740.174755.jpg',NULL,NULL,'2017-01-18',1,0,2,NULL),(249,'password','PV','Nova','1977-08-07','PVNova@gmail.com','F','38 rue de la Pomme',79000,'Paris',75,'0612345678','https://img.ulule.com/display/4f4fd0ab0001f1a427d6d9e284ce198156dbfa0b/thumbnail/75x75/avatars/2017/01/09/pvnova.082800.082818.jpg',NULL,NULL,'2017-01-18',1,0,2,NULL),(250,'password','Danièle','Dumont, Vincent Moustey','1970-09-21','DanileDumontVincentMoustey@gmail.com','F','38 rue de la Pomme',5000,'Dijon',75,'0612345678','https://img.ulule.com/display/f193b954f7e2791ce38248da25542cae7d483b99/thumbnail/75x75/avatars/2016/12/23/dumont_moustey.074646.074652.png',NULL,NULL,'2017-01-18',1,0,2,NULL),(251,'password','joel',' ronez','1978-05-23','joelronez@gmail.com','F','38 rue de la Pomme',47000,'Paris',75,'0612345678','https://img.ulule.com/display/02fa7a20bf0087040c80ab5dcc1189b95090e1a9/thumbnail/75x75/avatars/2015/12/17/ronez.134856.jpg',NULL,NULL,'2017-01-18',1,0,2,NULL),(252,'password','M3','Journal - Méthode 3','1979-02-07','MJournalMthode@gmail.com','M','38 rue de la Pomme',1000,'Paris',75,'0612345678','https://img.ulule.com/display/7e6bde05d6eb628218315baae1d1d63dae25ba13/thumbnail/75x75/avatars/2016/11/03/methode3.221949.222002.jpg',NULL,NULL,'2017-01-18',1,0,2,NULL),(253,'password','ronroncafereims','Anonyme','1980-08-02','ronroncafereims@gmail.com','F','38 rue de la Pomme',71000,'Reims',75,'0612345678','https://img.ulule.com/display/0f7b06daa8934e80feb49f519485eb62e8923d1d/thumbnail/75x75/avatars/2015/12/01/ronroncafe.160738.160721.png',NULL,NULL,'2017-01-18',1,0,2,NULL),(254,'password','Miroir','de Muses','1983-08-26','MiroirdeMuses@gmail.com','F','38 rue de la Pomme',25000,'Paris',75,'0612345678','https://img.ulule.com/display/1d3345ad73c75da12695da28f915c3c378c8b5b9/thumbnail/75x75/avatars/2017/01/16/miroirdemuses.132751.132806.jpg',NULL,NULL,'2017-01-18',1,0,2,NULL),(255,'password','Escapade','Carbet','1988-10-20','EscapadeCarbet@gmail.com','M','38 rue de la Pomme',72000,'Guyane',75,'0612345678','https://img.ulule.com/display/f2fa8bc99d6eb1961fe0e67efdf4b8e292581687/thumbnail/75x75/avatars/2017/01/13/escapade_carbet.143812.143825.png',NULL,NULL,'2017-01-18',1,0,2,NULL),(256,'password','animalost','Anonyme','1980-07-06','animalost@gmail.com','M','38 rue de la Pomme',77000,'Lyon',75,'0612345678','https://img.ulule.com/display/98343e2f76994dfc19075f47ffd217eb8db35bdf/thumbnail/75x75/avatars/2016/09/19/animalost.124738.124741.png',NULL,NULL,'2017-01-18',1,0,2,NULL),(257,'password','La','Doume','1972-12-20','LaDoume@gmail.com','M','38 rue de la Pomme',5000,'Clermont-Ferrand',75,'0612345678','https://img.ulule.com/display/40883ef382a41797dfff30c927f98de9e5bc0da8/thumbnail/75x75/avatars/2016/11/14/la_doume.112427.112445.jpg',NULL,NULL,'2017-01-18',1,0,2,NULL),(258,'password','lebarcommun','Anonyme','1983-02-09','lebarcommun@gmail.com','F','38 rue de la Pomme',48000,'Paris',75,'0612345678','https://img.ulule.com/display/8d6b9afd515aca8f926d289ec8f3ac09ae812a44/thumbnail/75x75/avatars/2016/11/23/lebarcommun.234055.234103.png',NULL,NULL,'2017-01-18',1,0,2,NULL),(259,'password','Mickael','Cn','1986-10-13','MickaelCn@gmail.com','F','38 rue de la Pomme',57000,'Londres',75,'0612345678','https://img.ulule.com/display/7818d296242d448ba4fa30929071215dd98797a3/thumbnail/75x75/avatars/2016/11/22/mickaelcn.194035.jpg',NULL,NULL,'2017-01-18',1,0,2,NULL),(260,'password','David','THERY','1982-04-26','DavidTHERY@gmail.com','F','38 rue de la Pomme',4000,'TROYES',75,'0612345678','https://img.ulule.com/display/46f0b6dab349a6483f459d5fca7effaf20c88d6e/thumbnail/75x75/avatars/2016/12/19/monfrerepaslautre.220207.220213.jpg',NULL,NULL,'2017-01-18',1,0,2,NULL),(261,'password','Voz','Orgánica','1979-03-17','VozOrgnica@gmail.com','F','38 rue de la Pomme',35000,'Paris',75,'0612345678','https://img.ulule.com/display/3aed87647d58d587ff029d0a7805f4aa557ebb52/thumbnail/75x75/avatars/2017/01/10/voz-organica.163406.163412.png',NULL,NULL,'2017-01-18',1,0,2,NULL),(262,'password','Nanfray','Lefrais','1985-07-05','NanfrayLefrais@gmail.com','M','38 rue de la Pomme',58000,'Bordeaux',75,'0612345678','https://img.ulule.com/display/2aec130967245a7747f7d3c13951a507e1a2268e/thumbnail/75x75/avatars/2017/01/15/nanfray.175235.175240.jpg',NULL,NULL,'2017-01-18',1,0,2,NULL),(264,'password','charleenmusic','Anonyme','1988-01-03','charleenmusic@gmail.com','F','38 rue de la Pomme',14000,'Lyon',75,'0612345678','https://img.ulule.com/display/a56abf318b67c31d36a83bd0dca953ce736112ea/thumbnail/75x75/avatars/2017/01/11/charleenmusic.204951.205000.jpg',NULL,NULL,'2017-01-18',1,0,2,NULL),(265,'password','jouwa','Anonyme','1990-08-24','jouwa@gmail.com','M','38 rue de la Pomme',65000,'Shebrooke',75,'0612345678','https://img.ulule.com/display/c7604b856f08a795407fd71404c3f5d5842e9720/thumbnail/75x75/avatars/2017/01/11/phonz.185729.185732.jpg',NULL,NULL,'2017-01-18',1,0,2,NULL),(266,'password','KOKORO','lingua','1971-07-20','KOKOROlingua@gmail.com','F','38 rue de la Pomme',85000,'Neuchâtel',75,'0612345678','https://img.ulule.com/display/e710bc91b6ffc91fd60e982ad850b42d451aa49b/thumbnail/75x75/avatars/2016/12/29/nathalielesselin.121318.121337.png',NULL,NULL,'2017-01-18',1,0,2,NULL),(267,'password','stephanie','lebouteux','1976-07-02','stephanielebouteux@gmail.com','F','38 rue de la Pomme',60000,'BEAUMONT LES AUTELS',75,'0612345678','https://img.ulule.com/display/b7c87372793080942f42b1548c1cf82b2f108d54/thumbnail/75x75/avatars/2017/01/06/slebouteux.154103.154130.jpg',NULL,NULL,'2017-01-18',1,0,2,NULL),(268,'password','Association','Orion','1971-10-02','AssociationOrion@gmail.com','F','38 rue de la Pomme',21000,'Poitiers',75,'0612345678','https://img.ulule.com/display/179a0c3c52235e12110ec89a395709ba11f0bd17/thumbnail/75x75/avatars/2016/10/17/associationorion.090848.090900.jpg',NULL,NULL,'2017-01-18',1,0,2,NULL),(269,'password','wendy-20','Anonyme','1984-10-25','wendy@gmail.com','M','38 rue de la Pomme',31000,'Paris (75)',75,'0612345678','https://img.ulule.com/display/a9ac47fb3892f6c71ca721926a321ecaabdf9b16/thumbnail/75x75/avatars/2016/12/31/wendy-20.112908.112923.jpg',NULL,NULL,'2017-01-18',1,0,2,NULL),(270,'password','aroche','Anonyme','1983-05-02','aroche@gmail.com','F','38 rue de la Pomme',18000,'alain.roche@neuf.fr',75,'0612345678','https://img.ulule.com/display/2edc265f2f847dcafe5156a8202715fa13be6086/thumbnail/75x75/avatars/2016/11/20/roche-31.090826.090840.jpg',NULL,NULL,'2017-01-18',1,0,2,NULL),(271,'password','Caroline','Plumejeau','1980-05-01','CarolinePlumejeau@gmail.com','F','38 rue de la Pomme',51000,'Toulouse',75,'0612345678','https://img.ulule.com/display/4c07976e61a1862a03e46e901c76f354e9523207/thumbnail/75x75/avatars/2016/12/17/plumsworldtour.215659.215702.jpg',NULL,NULL,'2017-01-18',1,0,2,NULL),(273,'password','All','Rock TV','1985-05-01','AllRockTV@gmail.com','M','38 rue de la Pomme',66000,'Paris',75,'0612345678','https://img.ulule.com/display/980e9704cbb1c771c9d1032039b1244a981d18af/thumbnail/75x75/avatars/2017/01/13/allrocktv.121825.121847.jpg',NULL,NULL,'2017-01-18',1,0,2,NULL),(274,'password','Handismile','54630','1977-09-18','Handismile@gmail.com','F','38 rue de la Pomme',43000,'Flavigny-sur-Moselle',75,'0612345678','https://img.ulule.com/display/ae0b952939d3b4b728297e4dd25239c5777e21c7/thumbnail/75x75/avatars/2017/01/13/handismile.163211.163323.jpg',NULL,NULL,'2017-01-18',1,0,2,NULL),(275,'password','AdC36','Anonyme','1983-05-10','AdC@gmail.com','F','38 rue de la Pomme',53000,'argenton-sur-creuse',75,'0612345678','https://img.ulule.com/display/53e868a326f52fc7ec07ef70f581c0a52f712af9/thumbnail/75x75/avatars/2017/01/04/ludovicduris.095726.095731.jpg',NULL,NULL,'2017-01-18',1,0,2,NULL),(276,'password','Emmanuel','Guillemain d\'Echon','1974-06-22','EmmanuelGuillemaindEchon@gmail.com','F','38 rue de la Pomme',14000,'Paris',75,'0612345678','https://img.ulule.com/display/ede7ffac42e49ce646b732e21e7b99ada12cdc80/thumbnail/75x75/avatars/2016/12/21/eguillemain.120844.120916.jpg',NULL,NULL,'2017-01-18',1,0,2,NULL),(277,'password','Nas','Tasia','1980-02-25','NasTasia@gmail.com','M','38 rue de la Pomme',75000,'paris',75,'0612345678','https://img.ulule.com/display/d15850946c47a8845a1bac05a9ffcfb1f5ae7d0b/thumbnail/75x75/avatars/2017/01/11/plotkacssmp.124654.124657.jpg',NULL,NULL,'2017-01-18',1,0,2,NULL),(278,'password','lescuistotsmigrateurs','Anonyme','1987-11-05','lescuistotsmigrateurs@gmail.com','F','38 rue de la Pomme',61000,'Paris',75,'0612345678','https://img.ulule.com/display/d1e0a81aec1367e6866326ee163ee7a8837340f2/thumbnail/75x75/avatars/2016/11/28/lescuistotsmigrateurs.152757.152800.png',NULL,NULL,'2017-01-18',1,0,2,NULL),(280,'password','Ced','Drt','1978-07-23','CedDrt@gmail.com','F','38 rue de la Pomme',88000,'Herlies',75,'0612345678','https://img.ulule.com/display/06bd45ad060f92b209686be39e8b13d4ede87736/thumbnail/75x75/avatars/2016/11/30/cd-45.172726.172748.jpg',NULL,NULL,'2017-01-18',1,0,2,NULL),(281,'password','aurelily-3','Anonyme','1985-04-15','aurelily@gmail.com','M','38 rue de la Pomme',32000,'1 projet créé',75,'0612345678','https://img.ulule.com/display/5330c676a48a9e5a10c55d18e5c7d95471457f76/thumbnail/75x75/avatars/2016/11/23/aurelily-3.103641.103645.jpg',NULL,NULL,'2017-01-18',1,0,2,NULL),(282,'password','grimpeursdailleurs','Anonyme','1973-01-11','grimpeursdailleurs@gmail.com','F','38 rue de la Pomme',20000,'Grenoble, Chambéry.',75,'0612345678','https://img.ulule.com/display/259b88a5f5a20bc95ba91857cee325bda26d5d8e/thumbnail/75x75/avatars/2016/11/27/grimpeursdailleurs.200240.200250.png',NULL,NULL,'2017-01-18',1,0,2,NULL),(283,'password','SWUSH','Anonyme','1976-07-15','SWUSH@gmail.com','M','38 rue de la Pomme',43000,'Paris',75,'0612345678','https://img.ulule.com/display/20c360f57f64cfaaa4c2a669b6ab1d3661eeedee/thumbnail/75x75/avatars/2016/11/27/valentinaubert.101802.jpg',NULL,NULL,'2017-01-18',1,0,2,NULL),(284,'password','lesdevezes2017','Anonyme','1986-10-04','lesdevezes@gmail.com','M','38 rue de la Pomme',58000,'Alignan du Vent',75,'0612345678','https://img.ulule.com/display/31f65993b169547548af76e158cd6002766558d4/thumbnail/75x75/avatars/2017/01/13/lesdevezes2017.131533.131537.jpg',NULL,NULL,'2017-01-18',1,0,2,NULL),(285,'password','armandtaieb7','Anonyme','1985-01-26','armandtaieb@gmail.com','F','38 rue de la Pomme',86000,'France',75,'0612345678','https://img.ulule.com/display/b24e05821772c82a0a122b52316d445e8af5283b/thumbnail/75x75/avatars/2016/11/23/armandtaieb7.221204.221217.jpg',NULL,NULL,'2017-01-18',1,0,2,NULL),(286,'password','Claude','Martin-Rainaud','1974-03-27','ClaudeMartinRainaud@gmail.com','F','38 rue de la Pomme',75000,'Arles',75,'0612345678','https://img.ulule.com/display/2b17766bccd5ef1e53e8b5007174bf802d2ecf32/thumbnail/75x75/avatars/2017/01/07/claudemartinrainaud.194205.194225.jpg',NULL,NULL,'2017-01-18',1,0,2,NULL),(287,'password','Victor','Meyer','1979-08-11','VictorMeyer@gmail.com','M','38 rue de la Pomme',19000,'Cannes',75,'0612345678','https://img.ulule.com/display/68971d1acf5b94bb9720e256e1b0baed6f24f887/thumbnail/75x75/avatars/2016/12/23/victormeyer.161953.jpg',NULL,NULL,'2017-01-18',1,0,2,NULL),(288,'password','Ramirez','Céline','1987-01-12','RamirezCline@gmail.com','M','38 rue de la Pomme',13000,'Paris',75,'0612345678','https://img.ulule.com/display/f4f3e3e842d572ffe320ecfd7625351219944dde/thumbnail/75x75/avatars/2016/12/18/celineram.172807.172816.png',NULL,NULL,'2017-01-18',1,0,2,NULL),(289,'password','jeux_de_famille','Anonyme','1970-01-14','jeuxdefamille@gmail.com','F','38 rue de la Pomme',64000,'Vancouver',75,'0612345678','https://img.ulule.com/display/32d27359c885ddbf118c8e1e63d0c408c849b54b/thumbnail/75x75/avatars/2017/01/02/ana_p.045410.045506.jpg',NULL,NULL,'2017-01-18',1,0,2,NULL),(290,'password','Bertrand','Devendeville','1986-01-18','BertrandDevendeville@gmail.com','F','38 rue de la Pomme',89000,'Amiens',75,'0612345678','https://img.ulule.com/display/95c80f962e1c5a2ab13fda459334388bda00a342/thumbnail/75x75/avatars/2016/12/08/bertranddevendeville.125248.125255.jpg',NULL,NULL,'2017-01-18',1,0,2,NULL),(291,'password','Les','Lézards de Dakar ASE-SN','1985-10-16','LesLzardsdeDakarASESN@gmail.com','M','38 rue de la Pomme',55000,'Dakar, Senegal',75,'0612345678','https://img.ulule.com/display/98a6342770ffbacf2df239b023b3d0d3b01dbf52/thumbnail/75x75/avatars/2017/01/12/lezards_de_dakar.222016.222046.png',NULL,NULL,'2017-01-18',1,0,2,NULL),(292,'password','lmcortes','Anonyme','1983-06-25','lmcortes@gmail.com','M','38 rue de la Pomme',61000,'Marseille',75,'0612345678','https://img.ulule.com/display/dec0476a588ad9c12fcd575b977d6019e0297b3b/thumbnail/75x75/avatars/2016/12/20/cortes-6.124834.124845.png',NULL,NULL,'2017-01-18',1,0,2,NULL),(293,'password','be4t_slicer','Anonyme','1982-06-17','betslicer@gmail.com','M','38 rue de la Pomme',72000,'Lille',75,'0612345678','https://img.ulule.com/display/f851f66f4ff576c1130f6d49b0393ce0e951fba9/thumbnail/75x75/avatars/2016/12/18/be4t_slicer.143008.143014.jpg',NULL,NULL,'2017-01-18',1,0,2,NULL),(294,'password','Stav-Carmeu','Anonyme','1986-02-08','StavCarmeu@gmail.com','M','38 rue de la Pomme',69000,'Digne',75,'0612345678','https://img.ulule.com/display/ecaa43ff77ddb647562a2ce63c1d6fb684ca5e03/thumbnail/75x75/avatars/2016/12/02/lycee-carmejane.153217.153219.jpg',NULL,NULL,'2017-01-18',1,0,2,NULL),(295,'password','extra-imaginarium','Anonyme','1979-04-01','extraimaginarium@gmail.com','F','38 rue de la Pomme',89000,'Paris',75,'0612345678','https://img.ulule.com/display/4b1c889fa30b188518dc56cbbf1faff86e038616/thumbnail/75x75/avatars/2017/01/15/extra-imaginarium.184756.184800.jpg',NULL,NULL,'2017-01-18',1,0,2,NULL),(296,'password','Peter','Auer-Grumbach','1988-06-21','PeterAuerGrumbach@gmail.com','F','38 rue de la Pomme',75000,'METZ',75,'0612345678','https://img.ulule.com/display/2ec8c00946e9b662bc3c39902eb5fcfadc1c53a1/thumbnail/75x75/avatars/2016/11/27/pete9145.233103.233107.jpg',NULL,NULL,'2017-01-18',1,0,2,NULL),(297,'password','PÉNIBLES','Anonyme','1974-02-12','PNIBLES@gmail.com','M','38 rue de la Pomme',67000,'Paris',75,'0612345678','https://img.ulule.com/display/3f911b8d3b8ddd819e8810ba86e2621ed846dff9/thumbnail/75x75/avatars/2016/12/07/penibles_magazine.203224.203230.png',NULL,NULL,'2017-01-18',1,0,2,NULL),(299,'password','Benoit','Dubu','1986-09-06','BenoitDubu@gmail.com','M','38 rue de la Pomme',15000,'Genève',75,'0612345678','https://img.ulule.com/display/0b444aae19ad69c6f04a8a55afdb3780b45bb177/thumbnail/75x75/avatars/2017/01/14/benoit-dubu.230337.230351.png',NULL,NULL,'2017-01-18',1,0,2,NULL),(300,'password','la_rigole','Anonyme','1984-07-20','larigole@gmail.com','M','38 rue de la Pomme',88000,'Brest',75,'0612345678','https://img.ulule.com/display/71d698aa2d47f763f03ee62c93a91190b8c5c22d/thumbnail/75x75/avatars/2016/12/14/la_rigole.145710.145731.bmp',NULL,NULL,'2017-01-18',1,0,2,NULL),(301,'password','wanchtran','Anonyme','1988-07-04','wanchtran@gmail.com','F','38 rue de la Pomme',66000,'GHLIN',75,'0612345678','https://img.ulule.com/display/b2be3b2bd3224b5e14a1159dc96998592c3f0e76/thumbnail/75x75/avatars/2013/02/09/wanchtran.jpg',NULL,NULL,'2017-01-18',1,0,2,NULL),(302,'password','Aurélien','Fillion','1990-04-13','AurlienFillion@gmail.com','F','38 rue de la Pomme',15000,'Dranouter',75,'0612345678','https://img.ulule.com/display/fec9b043d5452c35539dc95ee8f86554840562ca/thumbnail/75x75/avatars/2016/12/29/aurelienfillion.110141.jpg',NULL,NULL,'2017-01-18',1,0,2,NULL),(303,'password','Mister','Y','1973-11-24','MisterY@gmail.com','F','38 rue de la Pomme',72000,'Besançon',75,'0612345678','https://img.ulule.com/display/a17798bb7933ac680d81ec0dcce4b2e7e777bf1c/thumbnail/75x75/avatars/2016/11/05/mister_y-2.121628.121635.jpg',NULL,NULL,'2017-01-18',1,0,2,NULL),(304,'password','Ginger','Spanking','1988-05-02','GingerSpanking@gmail.com','M','38 rue de la Pomme',4000,'Toulouse',75,'0612345678','https://img.ulule.com/display/443cfd12ad95f4182b2d58aa4be0cf28d2da5afb/thumbnail/75x75/avatars/2016/12/02/gingerspanking.145734.145736.jpg',NULL,NULL,'2017-01-18',1,0,2,NULL),(305,'password','27_saville_theatre','Anonyme','1978-05-09','savilletheatre@gmail.com','M','38 rue de la Pomme',13000,'Paris',75,'0612345678','https://img.ulule.com/display/81c9784e75705a8130d004c4ef407a65c10ba431/thumbnail/75x75/avatars/2016/12/01/27_saville_theatre.114324.114327.jpg',NULL,NULL,'2017-01-18',1,0,2,NULL),(306,'password','Days','In Orbit','1979-04-12','DaysInOrbit@gmail.com','M','38 rue de la Pomme',39000,'Paris',75,'0612345678','https://img.ulule.com/display/35e6530a71814fcbf67fb028ebabc6ddda04173b/thumbnail/75x75/avatars/2017/01/10/daysinorbit.213449.213454.jpg',NULL,NULL,'2017-01-18',1,0,2,NULL),(307,'password','emilie-298','Anonyme','1985-05-04','emilie@gmail.com','M','38 rue de la Pomme',48000,'Epinay-sur-Orge',75,'0612345678','https://img.ulule.com/display/e8a67a9ebb7481da421eaab69b931b64218290f0/thumbnail/75x75/avatars/2017/01/15/emilie-298.213235.213242.jpg',NULL,NULL,'2017-01-18',1,0,2,NULL),(308,'password','nora-9','Anonyme','1981-02-28','nora@gmail.com','F','38 rue de la Pomme',68000,'Paris',75,'0612345678','https://img.ulule.com/display/64f8c9708474f6247661c27c1aba047e98c41d69/thumbnail/75x75/avatars/2016/10/28/nora-9.110424.110443.jpeg',NULL,NULL,'2017-01-18',1,0,2,NULL),(309,'password','Cédric','Saulais','1977-03-13','CdricSaulais@gmail.com','F','38 rue de la Pomme',2000,'Amanlis',75,'0612345678','https://img.ulule.com/display/60d79790403ad0c680605f2628dcef8f362f35cb/thumbnail/75x75/avatars/2016/12/06/breizh-cool.094701.094706.png',NULL,NULL,'2017-01-18',1,0,2,NULL),(310,'password','ape-pen-ar-streat','Anonyme','1971-08-10','apepenarstreat@gmail.com','M','38 rue de la Pomme',8000,'BREST',75,'0612345678','https://img.ulule.com/display/da7fc2d5477604005c7a3fcbd944bb522b6aa457/thumbnail/75x75/avatars/2016/12/05/ape-pen-ar-streat.112643.112703.jpg',NULL,NULL,'2017-01-18',1,0,2,NULL),(312,'password','François','Lantin','1990-03-23','FranoisLantin@gmail.com','F','38 rue de la Pomme',25000,'Pantin',75,'0612345678','https://img.ulule.com/display/7afe443c45b3cb8ca1ddc5b73334ff165393a496/thumbnail/75x75/avatars/2017/01/09/editions-dyozol.121209.121230.jpg',NULL,NULL,'2017-01-18',1,0,2,NULL),(313,'password','G\'T','en 4L','1983-07-03','GTenL@gmail.com','M','38 rue de la Pomme',5000,'Le Mans',75,'0612345678','https://img.ulule.com/display/83dc3cd099a9e416ff5c00516e04647a3e7031a9/thumbnail/75x75/avatars/2016/11/30/gten4l.184135.184138.jpg',NULL,NULL,'2017-01-18',1,0,2,NULL),(314,'password','Wild','Karma','1977-03-01','WildKarma@gmail.com','M','38 rue de la Pomme',77000,'Octon',75,'0612345678','https://img.ulule.com/display/60a562c7def7147aa5309874bb88a8adf7175e31/thumbnail/75x75/avatars/2016/12/08/wild_karma.123213.123220.jpg',NULL,NULL,'2017-01-18',1,0,2,NULL),(315,'password','mggroenwont','Anonyme','1978-06-24','mggroenwont@gmail.com','M','38 rue de la Pomme',21000,'Nantes',75,'0612345678','https://img.ulule.com/display/1b858d7a847fdd7c04b7793d40d4179b29276fe9/thumbnail/75x75/avatars/2017/01/15/mggroenwont.183116.183129.jpeg',NULL,NULL,'2017-01-18',1,0,2,NULL),(316,'password','Morgane','Monteagudo','1987-11-02','MorganeMonteagudo@gmail.com','F','38 rue de la Pomme',79000,'Chicoutimi',75,'0612345678','https://img.ulule.com/display/617aedd5fd4d381737189042a4e1f2290dfa9695/thumbnail/75x75/avatars/2016/11/29/morganem-5.164302.164312.jpg',NULL,NULL,'2017-01-18',1,0,2,NULL),(317,'password','Amélie','Chambrillon','1984-08-04','AmlieChambrillon@gmail.com','M','38 rue de la Pomme',52000,'Saintes',75,'0612345678','https://img.ulule.com/display/402d40888b22870f834f973c6dae47b0196102d7/thumbnail/75x75/avatars/2016/12/30/ameliechambrillon.210354.jpg',NULL,NULL,'2017-01-18',1,0,2,NULL),(318,'password','Benoit','Springer','1980-08-27','BenoitSpringer@gmail.com','M','38 rue de la Pomme',23000,'Nantes (44)',75,'0612345678','https://img.ulule.com/display/aa56bdae548deaad37f5361998919f34f70fdef1/thumbnail/75x75/avatars/2016/12/20/benoitspringer.100744.100804.jpg',NULL,NULL,'2017-01-18',1,0,2,NULL),(319,'password','Nicolas','Hardy','1989-11-20','NicolasHardy@gmail.com','F','38 rue de la Pomme',73000,'Saulzoir',75,'0612345678','https://img.ulule.com/display/256857b5075eed82f6a1cc18114e4251355db46f/thumbnail/75x75/avatars/2017/01/10/nicolene.110244.110305.jpg',NULL,NULL,'2017-01-18',1,0,2,NULL),(320,'password','Jeanfi','Anonyme','1983-01-19','Jeanfi@gmail.com','M','38 rue de la Pomme',2000,'Saint-Beauzire',75,'0612345678','https://img.ulule.com/display/9865e6287a61a23510d72e6daf1a4b088b2636ec/thumbnail/75x75/avatars/2016/03/03/jean-philippevinson.105725.jpg',NULL,NULL,'2017-01-18',1,0,2,NULL),(321,'password','team-ensta','Anonyme','1987-08-02','teamensta@gmail.com','M','38 rue de la Pomme',75000,'Palaiseau',75,'0612345678','https://img.ulule.com/display/c027e161cc352886ecc785c80bca23db2653fd5e/thumbnail/75x75/avatars/2017/01/05/team-ensta.142952.142955.jpg',NULL,NULL,'2017-01-18',1,0,2,NULL),(322,'password','Gabrielle','Perrou','1974-04-25','GabriellePerrou@gmail.com','M','38 rue de la Pomme',51000,'Rimouski',75,'0612345678','https://img.ulule.com/display/34dbf294e947ce7d334bd1939f28cd3453fb94b4/thumbnail/75x75/avatars/2016/11/24/gabricot7.212027.jpg',NULL,NULL,'2017-01-18',1,0,2,NULL),(323,'password','By','Francais','1988-08-17','ByFrancais@gmail.com','F','38 rue de la Pomme',89000,'Montbéliard',75,'0612345678','https://img.ulule.com/display/2162d1046faf762c91f4a879d4fd49343918af46/thumbnail/75x75/avatars/2017/01/09/byfrancais.122801.122806.jpg',NULL,NULL,'2017-01-18',1,0,2,NULL),(324,'password','Salomé','Attias','1982-06-19','SalomAttias@gmail.com','M','38 rue de la Pomme',36000,'Paris',75,'0612345678','https://img.ulule.com/display/7a67e01eedb9c4a1da9281fa6e8313ed880ec406/thumbnail/75x75/avatars/2017/01/02/ondine_lapiece.174805.174813.jpg',NULL,NULL,'2017-01-18',1,0,2,NULL),(325,'password','Mathias','Berger-forestier','1974-06-11','MathiasBergerforestier@gmail.com','F','38 rue de la Pomme',58000,'Romainville',75,'0612345678','https://img.ulule.com/display/53ed25f6b4a59abed2f5c2c0ca0658296f90b78c/thumbnail/75x75/avatars/2015/07/16/mathiasberger-forestier.183742.jpg',NULL,NULL,'2017-01-18',1,0,2,NULL),(326,'password','Aurélien','Poisson','1990-03-15','AurlienPoisson@gmail.com','F','38 rue de la Pomme',35000,'Plouharnel',75,'0612345678','https://img.ulule.com/display/f267082947944f9043fafd8a3b23493168aad7bf/thumbnail/75x75/avatars/2017/01/04/yenyen-2.185817.185833.jpg',NULL,NULL,'2017-01-18',1,0,2,NULL),(327,'password','bertrandravalard','Anonyme','1970-12-22','bertrandravalard@gmail.com','M','38 rue de la Pomme',82000,'PARIS',75,'0612345678','https://img.ulule.com/display/d59d1e99c0ffa1cefc0cb673ed38a5461258944b/thumbnail/75x75/avatars/2015/02/05/bertrandravalard..191036.191043.jpg',NULL,NULL,'2017-01-18',1,0,2,NULL),(328,'password','patricia-144','Anonyme','1990-02-02','patricia@gmail.com','F','38 rue de la Pomme',51000,'Chatenoy le royal',75,'0612345678','https://img.ulule.com/display/a1e92241073f63cf0da8560110e51a72ec13a962/thumbnail/75x75/avatars/2016/11/13/patricia-144.212608.212701.jpg',NULL,NULL,'2017-01-18',1,0,2,NULL),(329,'password','Vincent','Rizzo','1980-04-22','VincentRizzo@gmail.com','F','38 rue de la Pomme',50000,'Chatenay Malabry',75,'0612345678','https://img.ulule.com/display/71e2ac0789c37b1b6f07d046cafd98161ecf136b/thumbnail/75x75/avatars/2016/12/19/4l_dente.203753.203843.jpg',NULL,NULL,'2017-01-18',1,0,2,NULL),(330,'password','Rémi','Cotrait','1983-12-07','RmiCotrait@gmail.com','F','38 rue de la Pomme',94000,'1 projet créé',75,'0612345678','https://img.ulule.com/display/980067b8d5ee548328735294ccd2b4b125ee232c/thumbnail/75x75/avatars/2017/01/03/remicotrait.174235.174239.jpg',NULL,NULL,'2017-01-18',1,0,2,NULL);
/*!40000 ALTER TABLE `user` ENABLE KEYS */;
UNLOCK TABLES;

--
-- Table structure for table `usertype`
--

DROP TABLE IF EXISTS `usertype`;
/*!40101 SET @saved_cs_client     = @@character_set_client */;
/*!40101 SET character_set_client = utf8 */;
CREATE TABLE `usertype` (
  `id` int(11) NOT NULL AUTO_INCREMENT,
  `name` varchar(20) CHARACTER SET utf8 NOT NULL,
  PRIMARY KEY (`id`)
) ENGINE=InnoDB AUTO_INCREMENT=4 DEFAULT CHARSET=utf8 COLLATE=utf8_esperanto_ci;
/*!40101 SET character_set_client = @saved_cs_client */;

--
-- Dumping data for table `usertype`
--

LOCK TABLES `usertype` WRITE;
/*!40000 ALTER TABLE `usertype` DISABLE KEYS */;
INSERT INTO `usertype` VALUES (1,'financeur'),(2,'créateur'),(3,'administrateur');
/*!40000 ALTER TABLE `usertype` ENABLE KEYS */;
UNLOCK TABLES;

--
-- Table structure for table `video`
--

DROP TABLE IF EXISTS `video`;
/*!40101 SET @saved_cs_client     = @@character_set_client */;
/*!40101 SET character_set_client = utf8 */;
CREATE TABLE `video` (
  `id` int(11) NOT NULL AUTO_INCREMENT,
  `url` varchar(255) COLLATE utf8_esperanto_ci NOT NULL,
  `project_id` int(11) NOT NULL,
  PRIMARY KEY (`id`),
  KEY `video_project_idx` (`project_id`),
  CONSTRAINT `video_project` FOREIGN KEY (`project_id`) REFERENCES `project` (`id`) ON DELETE NO ACTION ON UPDATE NO ACTION
) ENGINE=InnoDB AUTO_INCREMENT=291 DEFAULT CHARSET=utf8 COLLATE=utf8_esperanto_ci;
/*!40101 SET character_set_client = @saved_cs_client */;

--
-- Dumping data for table `video`
--

LOCK TABLES `video` WRITE;
/*!40000 ALTER TABLE `video` DISABLE KEYS */;
INSERT INTO `video` VALUES (176,'/video/placeholder.mp4',229),(177,'/video/placeholder.mp4',229),(178,'/video/placeholder.mp4',229),(179,'/video/placeholder.mp4',230),(180,'/video/placeholder.mp4',231),(181,'/video/placeholder.mp4',232),(182,'/video/placeholder.mp4',232),(183,'/video/placeholder.mp4',233),(184,'/video/placeholder.mp4',234),(185,'/video/placeholder.mp4',234),(186,'/video/placeholder.mp4',234),(187,'/video/placeholder.mp4',235),(188,'/video/placeholder.mp4',235),(189,'/video/placeholder.mp4',237),(190,'/video/placeholder.mp4',237),(191,'/video/placeholder.mp4',237),(192,'/video/placeholder.mp4',238),(193,'/video/placeholder.mp4',238),(194,'/video/placeholder.mp4',239),(195,'/video/placeholder.mp4',239),(196,'/video/placeholder.mp4',239),(197,'/video/placeholder.mp4',241),(198,'/video/placeholder.mp4',241),(199,'/video/placeholder.mp4',241),(200,'/video/placeholder.mp4',242),(201,'/video/placeholder.mp4',242),(202,'/video/placeholder.mp4',243),(203,'/video/placeholder.mp4',245),(204,'/video/placeholder.mp4',246),(205,'/video/placeholder.mp4',246),(206,'/video/placeholder.mp4',248),(207,'/video/placeholder.mp4',250),(208,'/video/placeholder.mp4',250),(209,'/video/placeholder.mp4',250),(210,'/video/placeholder.mp4',251),(211,'/video/placeholder.mp4',251),(212,'/video/placeholder.mp4',252),(213,'/video/placeholder.mp4',252),(214,'/video/placeholder.mp4',252),(215,'/video/placeholder.mp4',254),(216,'/video/placeholder.mp4',255),(217,'/video/placeholder.mp4',255),(218,'/video/placeholder.mp4',256),(219,'/video/placeholder.mp4',256),(220,'/video/placeholder.mp4',257),(221,'/video/placeholder.mp4',257),(222,'/video/placeholder.mp4',257),(223,'/video/placeholder.mp4',258),(224,'/video/placeholder.mp4',260),(225,'/video/placeholder.mp4',262),(226,'/video/placeholder.mp4',262),(227,'/video/placeholder.mp4',263),(228,'/video/placeholder.mp4',264),(229,'/video/placeholder.mp4',265),(230,'/video/placeholder.mp4',265),(231,'/video/placeholder.mp4',266),(232,'/video/placeholder.mp4',267),(233,'/video/placeholder.mp4',267),(234,'/video/placeholder.mp4',269),(235,'/video/placeholder.mp4',269),(236,'/video/placeholder.mp4',271),(237,'/video/placeholder.mp4',271),(238,'/video/placeholder.mp4',272),(239,'/video/placeholder.mp4',273),(240,'/video/placeholder.mp4',273),(241,'/video/placeholder.mp4',274),(242,'/video/placeholder.mp4',274),(243,'/video/placeholder.mp4',274),(244,'/video/placeholder.mp4',275),(245,'/video/placeholder.mp4',275),(246,'/video/placeholder.mp4',275),(247,'/video/placeholder.mp4',276),(248,'/video/placeholder.mp4',276),(249,'/video/placeholder.mp4',276),(250,'/video/placeholder.mp4',277),(251,'/video/placeholder.mp4',277),(252,'/video/placeholder.mp4',279),(253,'/video/placeholder.mp4',279),(254,'/video/placeholder.mp4',279),(255,'/video/placeholder.mp4',280),(256,'/video/placeholder.mp4',280),(257,'/video/placeholder.mp4',281),(258,'/video/placeholder.mp4',281),(259,'/video/placeholder.mp4',281),(260,'/video/placeholder.mp4',282),(261,'/video/placeholder.mp4',283),(262,'/video/placeholder.mp4',285),(263,'/video/placeholder.mp4',285),(264,'/video/placeholder.mp4',286),(265,'/video/placeholder.mp4',286),(266,'/video/placeholder.mp4',289),(267,'/video/placeholder.mp4',289),(268,'/video/placeholder.mp4',289),(269,'/video/placeholder.mp4',290),(270,'/video/placeholder.mp4',292),(271,'/video/placeholder.mp4',292),(272,'/video/placeholder.mp4',295),(273,'/video/placeholder.mp4',298),(274,'/video/placeholder.mp4',299),(275,'/video/placeholder.mp4',299),(276,'/video/placeholder.mp4',300),(277,'/video/placeholder.mp4',300),(278,'/video/placeholder.mp4',300),(279,'/video/placeholder.mp4',301),(280,'/video/placeholder.mp4',302),(281,'/video/placeholder.mp4',305),(282,'/video/placeholder.mp4',305),(283,'/video/placeholder.mp4',307),(284,'/video/placeholder.mp4',307),(285,'/video/placeholder.mp4',307),(286,'/video/placeholder.mp4',308),(287,'/video/placeholder.mp4',309),(288,'/video/placeholder.mp4',309),(289,'/video/placeholder.mp4',310),(290,'/video/placeholder.mp4',310);
/*!40000 ALTER TABLE `video` ENABLE KEYS */;
UNLOCK TABLES;
/*!40103 SET TIME_ZONE=@OLD_TIME_ZONE */;

/*!40101 SET SQL_MODE=@OLD_SQL_MODE */;
/*!40014 SET FOREIGN_KEY_CHECKS=@OLD_FOREIGN_KEY_CHECKS */;
/*!40014 SET UNIQUE_CHECKS=@OLD_UNIQUE_CHECKS */;
/*!40101 SET CHARACTER_SET_CLIENT=@OLD_CHARACTER_SET_CLIENT */;
/*!40101 SET CHARACTER_SET_RESULTS=@OLD_CHARACTER_SET_RESULTS */;
/*!40101 SET COLLATION_CONNECTION=@OLD_COLLATION_CONNECTION */;
/*!40111 SET SQL_NOTES=@OLD_SQL_NOTES */;

-- Dump completed on 2017-01-19  9:08:14
